/*
 * Copyright (c) 2024 OPPO Inc.
 */
#ifndef PANEL_AB948_P_7_A0020_DSI_CMD_H
#define PANEL_AB948_P_7_A0020_DSI_CMD_H

#define REGFLAG_CMD                 0xFFFA
#define REGFLAG_DELAY               0xFFFC
#define REGFLAG_UDELAY              0xFFFB
#define REGFLAG_END_OF_TABLE        0xFFFD
/* Panel Config */
#define LCM_TAG                     "AB948_P_7_A0020"
#define PANEL_NAME                  "panel_ab948_p_7_a0020_dsi_cmd"
#define VERSION                     "A0020"
#define MANUFACTURE                 "P_7"
#define FRAME_WIDTH                 (1264)
#define FRAME_HEIGHT                (2780)
#define PHYSICAL_WIDTH              71289
#define PHYSICAL_HEIGHT             156792
#define BRIGHTNESS_LCD_MAX          4094
#define BRIGHTNESS_HALF             2047
#define BRIGHTNESS_NORMAL_MAX       3702
#define LCM_BRIGHTNESS_TYPE         2
/* Mode Config */
#define MODE_NUM                    4
#define RES_NUM                     (2)
#define MODE_MAPPING_RULE(x)        ((x) % (MODE_NUM))
#define VREFRESH_60                 (60)
#define VREFRESH_90                 (90)
#define VREFRESH_120                (120)
#define FHD_FRAME_WIDTH             (1080)
#define FHD_HFP                     (9)
#define FHD_HSA                     (2)
#define FHD_HBP                     (21)
#define FHD_HTOTAL                  (FHD_FRAME_WIDTH + FHD_HFP + FHD_HSA + FHD_HBP)
#define FHD_FRAME_HEIGHT            (2376)
#define FHD_VFP                     (66)
#define FHD_VSA                     (24)
#define FHD_VBP                     (36)
#define FHD_VTOTAL                  (FHD_FRAME_HEIGHT + FHD_VFP + FHD_VSA + FHD_VBP)
#define FHD_FRAME_TOTAL             (FHD_HTOTAL * FHD_VTOTAL)
#define FHD_CLK_60_X10              ((FHD_FRAME_TOTAL * VREFRESH_60) / 100)
#define FHD_CLK_90_X10              ((FHD_FRAME_TOTAL * VREFRESH_90) / 100)
#define FHD_CLK_120_X10             ((FHD_FRAME_TOTAL * VREFRESH_120) / 100)
#define FHD_CLK_60                  (((FHD_CLK_60_X10 % 10) != 0) ? (FHD_CLK_60_X10 / 10 + 1) : (FHD_CLK_60_X10 / 10))
#define FHD_CLK_90                  (((FHD_CLK_90_X10 % 10) != 0) ? (FHD_CLK_90_X10 / 10 + 1) : (FHD_CLK_90_X10 / 10))
#define FHD_CLK_120	                (((FHD_CLK_120_X10 % 10) != 0) ? (FHD_CLK_120_X10 / 10 + 1) : (FHD_CLK_120_X10 / 10))
/* DSC Config */
#define DSC_ENABLE                  1
#define DSC_VER                     18
#define DSC_SLICE_MODE              1
#define DSC_RGB_SWAP                0
#define DSC_DSC_CFG                 40
#define DSC_RCT_ON                  1
#define DSC_BIT_PER_CHANNEL         10
#define DSC_DSC_LINE_BUF_DEPTH      11
#define DSC_BP_ENABLE               1
#define DSC_BIT_PER_PIXEL           128
#define DSC_SLICE_HEIGHT            20
#define DSC_SLICE_WIDTH             632
#define DSC_CHUNK_SIZE              632
#define DSC_XMIT_DELAY              512
#define DSC_DEC_DELAY               599
#define DSC_SCALE_VALUE             32
#define DSC_INCREMENT_INTERVAL      504
#define DSC_DECREMENT_INTERVAL      8
#define DSC_LINE_BPG_OFFSET         13
#define DSC_NFL_BPG_OFFSET          1402
#define DSC_SLICE_BPG_OFFSET        1103
#define DSC_INITIAL_OFFSET          6144
#define DSC_FINAL_OFFSET            4320
#define DSC_FLATNESS_MINQP          7
#define DSC_FLATNESS_MAXQP          16
#define DSC_RC_MODEL_SIZE           8192
#define DSC_RC_EDGE_FACTOR          6
#define DSC_RC_QUANT_INCR_LIMIT0    15
#define DSC_RC_QUANT_INCR_LIMIT1    15
#define DSC_RC_TGT_OFFSET_HI        3
#define DSC_RC_TGT_OFFSET_LO        3
/* Oplus Feature Config */
#define SDC_AUTO_MIN_FPS_CMD_OFFSET 2
#define SDC_MANUAL_MIN_FPS_CMD_OFFSET 2
#define SDC_AUTO_MIN_FPS_CMD_HIGH_OFFSET 4
#define SDC_MANUAL_MIN_FPS_CMD_HIGH_OFFSET 4
#define SDC_MIN_FPS_CMD_SIZE 2
#define DRM_PANEL_EVENT_PWM_TURBO   0x14

enum oplus_adfr_manual_tianma_min_fps_value {
	OPLUS_ADFR_MANAUL_MIN_FPS_MAX = 0x00,
	OPLUS_ADFR_MANAUL_MIN_FPS_60HZ = 0x01,
	OPLUS_ADFR_MANAUL_MIN_FPS_40HZ = 0x02,
	OPLUS_ADFR_MANAUL_MIN_FPS_30HZ = 0x03,
	OPLUS_ADFR_MANAUL_MIN_FPS_20HZ = 0x05,
	OPLUS_ADFR_MANAUL_MIN_FPS_10HZ = 0x0B,
	OPLUS_ADFR_MANAUL_MIN_FPS_5HZ  = 0x17,
	OPLUS_ADFR_MANAUL_MIN_FPS_1HZ  = 0x77,
	OPLUS_ADFR_MANAUL_MIN_FPS90_45HZ = 0x01,
	OPLUS_ADFR_MANAUL_MIN_FPS90_30HZ = 0x02,
	OPLUS_ADFR_MANAUL_MIN_FPS90_15HZ = 0x05,
	OPLUS_ADFR_MANAUL_MIN_FPS90_10HZ = 0x08,
	OPLUS_ADFR_MANAUL_MIN_FPS90_5HZ  = 0x11,
	OPLUS_ADFR_MANAUL_MIN_FPS90_1HZ  = 0x59,
};

enum MODE_ID {
	FHD_SDC60 = 0,
	FHD_SDC90 = 1,
	FHD_SDC120 = 2,
	FHD_OPLUS120 = 3,
};

enum SEED_MODE_ID {
	VIVID = 100,
	EXPERT = 101,
	NATURAL = 102,
};

struct LCM_setting_table {
	unsigned int cmd;
	unsigned int count;
	unsigned char para_list[256];
};

/* ------------------------- timming parameters ------------------------- */
/* --------------- timing@fhd_sdc_60 --------------- */
/* timing-switch cmd */
struct LCM_setting_table timing_switch_cmd_sdc60[] = {
	{REGFLAG_CMD, 4, {0xFF,0x5A,0xA5,0x2D}},
	{REGFLAG_CMD, 3, {0x83,0x01,0x00}},
	{REGFLAG_CMD, 2, {0xF2,0x01}},
	{REGFLAG_CMD, 4, {0xFF,0x5A,0xA5,0x00}},
	{REGFLAG_CMD, 2, {0x60,0x00}}, // 0x00: 120Hz, 0x02: 90Hz
	{REGFLAG_CMD, 4, {0xFF,0x5A,0xA5,0x00}},
};

struct LCM_setting_table timing_switch_cmd_sdc60_1pulse[] = {
	{REGFLAG_CMD, 4, {0xFF,0x5A,0xA5,0x2D}},
	{REGFLAG_CMD, 3, {0x84,0x01,0x00}},
	{REGFLAG_CMD, 2, {0xF2,0x01}},
	{REGFLAG_CMD, 4, {0xFF,0x5A,0xA5,0x00}},
	{REGFLAG_CMD, 2, {0x60,0x01}}, // 0x00: 120Hz, 0x02: 90Hz
	{REGFLAG_CMD, 4, {0xFF,0x5A,0xA5,0x00}},
	{REGFLAG_CMD, 4, {0xFF,0x5A,0xA5,0x4E}},
	{REGFLAG_CMD, 91, {0xCF,0x00,0x39,0x39,0x39,0x39,0x39,0x08,0x88,0x88,0x00,0x00,0x00,0x00,0x00,0x00,0x00,0x00,0x00,0x00,0x39,0x39,0x39,0x39,0x39,0x08,0x88,0x88,0x00,0x00,
		0x00,0x00,0x00,0x00,0x00,0x00,0x00,0x00,0x39,0x39,0x39,0x39,0x39,0x08,0x88,0x88,0x00,0x00,0x00,0x00,0x00,0x00,0x00,0x00,0x00,0x00,0x1E,0x1E,0x1E,0x1E,0x1E,0x08,0x88,
		0x88,0x00,0x00,0x00,0x00,0x00,0x00,0x00,0x00,0x00,0x00,0x1E,0x1E,0x1E,0x1E,0x1E,0x08,0x88,0x88,0x00,0x00,0x00,0x00,0x00,0x00,0x00,0x00,0x00}},
	{REGFLAG_CMD, 91, {0xD0,0x00,0x0C,0x0C,0x0C,0x0C,0x0C,0x08,0x88,0x88,0x00,0x00,0x00,0x00,0x00,0x00,0x00,0x00,0x00,0x00,0x0C,0x0C,0x0C,0x0C,0x0C,0x08,0x88,0x88,0x00,0x00,
		0x00,0x00,0x00,0x00,0x00,0x00,0x00,0x00,0x0C,0x0C,0x0C,0x0C,0x0C,0x08,0x88,0x88,0x00,0x00,0x00,0x00,0x00,0x00,0x00,0x00,0x00,0x00,0x0A,0x0A,0x0A,0x0A,0x0A,0x08,0x88,
		0x88,0x00,0x00,0x00,0x00,0x00,0x00,0x00,0x00,0x00,0x00,0x0A,0x0A,0x0A,0x0A,0x0A,0x08,0x88,0x88,0x00,0x00,0x00,0x00,0x00,0x00,0x00,0x00,0x00}},
	{REGFLAG_CMD, 4, {0xFF,0x5A,0xA5,0x00}},
};

/* dsi-on cmd */
struct LCM_setting_table dsi_on_cmd_sdc60[] = {
    {REGFLAG_CMD, 4, {0xFF,0x5A,0xA5,0x01}},
    {REGFLAG_CMD, 2, {0xFB,0x08}}, // Multi TE
    {REGFLAG_CMD, 4, {0xFF,0x5A,0xA5,0x03}},
    {REGFLAG_CMD, 6, {0x90,0x01,0x80,0x21,0x40,0x35}},
    {REGFLAG_CMD, 4, {0xFF,0x5A,0xA5,0x08}},
    {REGFLAG_CMD, 2, {0xC8,0x62}}, // Sleep out don't reload
    {REGFLAG_CMD, 4, {0xFF,0x5A,0xA5,0x20}},
    {REGFLAG_CMD, 2, {0xBA,0x04}},
    {REGFLAG_CMD, 2, {0xBB,0x05}},
    {REGFLAG_CMD, 2, {0xBC,0x07}},
    {REGFLAG_CMD, 2, {0xBD,0x06}},
    {REGFLAG_CMD, 4, {0xFF,0x5A,0xA5,0x21}},
    {REGFLAG_CMD, 2, {0xA4,0x18}}, // Flash reload enable
    // shift TE
    {REGFLAG_CMD, 4, {0xFF,0x5A,0xA5,0x02}},
    {REGFLAG_CMD, 3, {0xAB,0xAF,0x82}},
    {REGFLAG_CMD, 2, {0xC0,0x03}},
    {REGFLAG_CMD, 9, {0xB0,0x00,0x80,0x00,0x10,0x00,0x00,0x00,0x00}},
    {REGFLAG_CMD, 4, {0xFF,0x5A,0xA5,0x00}},
    // PPS setting
    {REGFLAG_CMD, 4, {0xFF,0x5A,0xA5,0x07}},
    {REGFLAG_CMD, 2, {0x8A,0x01}}, // PPS Enable
    {REGFLAG_CMD, 3, {0x8B,0x21,0xE0}}, // PPS Table
    {REGFLAG_CMD, 100, {0x81,0x00,0x00,0x00,0x00,0x00,0x12,0x00,0x00,0xAB,0x30,0x80,0x0A,0xDC,0x04,0xF0,0x00,0x14,0x02,0x78,0x02,0x78,0x02,0x00,0x02,0x57,0x00,0x20,0x01,0xF8,0x00,0x08,0x00,0x0D,0x05,0x7A,0x04,0x4F,0x18,0x00,0x10,0xE0,0x07,0x10,0x20,0x00,0x06,0x0F,0x0F,0x33,0x0E,0x1C,0x2A,0x38,0x46,0x54,0x62,0x69,0x70,0x77,0x79,0x7B,0x7D,0x7E,0x02,0x02,0x22,0x00,0x2A,0x40,0x2A,0xBE,0x3A,0xFC,0x3A,0xFA,0x3A,0xF8,0x3B,0x38,0x3B,0x78,0x3B,0xB6,0x4B,0xB6,0x4B,0xF4,0x4B,0xF4,0x6C,0x34,0x84,0x74,0x00,0x00,0x00,0x00,0x00,0x00}},
    // ffc setting
    {REGFLAG_CMD, 4, {0xFF,0x5A,0xA5,0x22}},
    {REGFLAG_CMD, 8, {0xD8,0x00,0xC4,0x11,0x10,0x32,0x12,0x12}},
    {REGFLAG_CMD, 8, {0xD9,0x00,0xC4,0x11,0x10,0x32,0x12,0x12}},
    {REGFLAG_CMD, 8, {0xDA,0x00,0xC4,0x11,0x10,0x32,0x12,0x12}},
    {REGFLAG_CMD, 8, {0xDB,0x00,0xC4,0x11,0x10,0x32,0x12,0x12}},
    {REGFLAG_CMD, 10, {0xDC,0x84,0x94,0xBB,0x00,0x20,0xC4,0xA1,0xCC,0x10}},
    {REGFLAG_CMD, 2, {0xDD,0x01}},
    {REGFLAG_CMD, 2, {0xDE,0xF1}},
    {REGFLAG_CMD, 2, {0xDF,0x80}},
    {REGFLAG_CMD, 8, {0xE0,0x02,0x00,0x5F,0x21,0x00,0x28,0x00}},
    {REGFLAG_CMD, 4, {0xFF,0x5A,0xA5,0x00}},
    // PAGE 2D
    {REGFLAG_CMD, 4, {0xFF,0x5A,0xA5,0x2D}},
    {REGFLAG_CMD, 2, {0xCE,0xD4}},
    {REGFLAG_CMD, 4, {0xEC,0x01,0xFF,0xFF}},
    {REGFLAG_CMD, 3, {0xED,0x55,0x05}},
    {REGFLAG_CMD, 3, {0x93,0xA0,0x00}},
    {REGFLAG_CMD, 3, {0x94,0x00,0x00}},
    {REGFLAG_CMD, 3, {0x88,0x01,0x00}},
    {REGFLAG_CMD, 2, {0xD2,0x06}},
    {REGFLAG_CMD, 4, {0xFF,0x5A,0xA5,0x00}},
    {REGFLAG_CMD, 2, {0x5E,0x01}},
    {REGFLAG_CMD, 2, {0x60,0x00}},
    {REGFLAG_CMD, 2, {0x61,0x07}},
    {REGFLAG_CMD, 2, {0x6D,0x01}},
    {REGFLAG_CMD, 2, {0x6E,0x00}},
    {REGFLAG_CMD, 2, {0x35,0x00}},
    {REGFLAG_CMD, 2, {0x53,0x20}},
    {REGFLAG_CMD, 2, {0x5A,0x01}},
    {REGFLAG_CMD, 2, {0x5B,0x80}},
    {REGFLAG_CMD, 4, {0xFF,0x5A,0xA5,0x4E}},
    {REGFLAG_CMD, 5, {0xCD,0x00,0x00,0x00,0x00}},
    {REGFLAG_CMD, 5, {0xCE,0x00,0x00,0x00,0x00}},
    {REGFLAG_CMD, 4, {0xFF,0x5A,0xA5,0x06}},
    {REGFLAG_CMD, 2, {0xA0,0x00}},
    // Skip Frame Decreasing Step
    {REGFLAG_CMD, 4, {0xFF,0x5A,0xA5,0x2D}},
    {REGFLAG_CMD, 3, {0x93,0xA0,0x00}},
    {REGFLAG_CMD, 4, {0xEC,0x01,0xFF,0xFF}},
    {REGFLAG_CMD, 3, {0xED,0x55,0x05}},
    {REGFLAG_CMD, 2, {0x97,0x02}},
    {REGFLAG_CMD, 3, {0x98,0x03,0x00}},
    {REGFLAG_CMD, 3, {0x99,0x0B,0x00}},
    {REGFLAG_CMD, 3, {0x9A,0x17,0x00}},
    {REGFLAG_CMD, 3, {0x9B,0x00,0x00}},
    {REGFLAG_CMD, 5, {0xA0,0x00,0x01,0x00,0x00}},
    {REGFLAG_CMD, 5, {0xA1,0x02,0x00,0x00,0x00}},
    {REGFLAG_CMD, 2, {0xB1,0x02}},
    {REGFLAG_CMD, 3, {0xB2,0x02,0x00}},
    {REGFLAG_CMD, 3, {0xB3,0x08,0x00}},
    {REGFLAG_CMD, 3, {0xB4,0x11,0x00}},
    {REGFLAG_CMD, 3, {0xB5,0x00,0x00}},
    {REGFLAG_CMD, 3, {0xBA,0x00,0x01}},
    {REGFLAG_CMD, 3, {0xBB,0x02,0x00}},
    // Voltage tie point DBV579
    {REGFLAG_CMD, 4, {0xFF,0x5A,0xA5,0x29}},
    {REGFLAG_CMD, 9, {0x93,0x0F,0xFF,0x0F,0xFE,0x0D,0xBB,0x07,0x52}},
    {REGFLAG_CMD, 9, {0x94,0x06,0xDC,0x06,0xDB,0x06,0x66,0x06,0x65}},
    {REGFLAG_CMD, 9, {0x95,0x05,0xF0,0x05,0xEF,0x05,0x79,0x05,0x78}},
    {REGFLAG_CMD, 9, {0x96,0x05,0x02,0x05,0x01,0x04,0x8C,0x04,0x8B}},
    {REGFLAG_CMD, 9, {0x97,0x04,0x8A,0x04,0x76,0x03,0xE6,0x02,0xCB}},
    {REGFLAG_CMD, 9, {0x98,0x02,0x43,0x01,0xE1,0x01,0x38,0x00,0x9E}},
    {REGFLAG_CMD, 9, {0x99,0x00,0x01,0x00,0x00,0x00,0x00,0x00,0x00}},
    {REGFLAG_CMD, 5, {0x9A,0x00,0x00,0x00,0x00}},
    {REGFLAG_CMD, 4, {0xFF,0x5A,0xA5,0x0B}},
    {REGFLAG_CMD, 2, {0xD1,0x8C}},
    {REGFLAG_CMD, 4, {0xFF,0x5A,0xA5,0x00}},
    // crosstalk optimization
    {REGFLAG_CMD, 4, {0xFF,0x5A,0xA5,0x31}},
    {REGFLAG_CMD, 2, {0xA0,0xA3}},
    {REGFLAG_CMD, 2, {0xA3,0x00}},
    {REGFLAG_CMD, 2, {0x9F,0x06}},
    {REGFLAG_CMD, 11, {0x90,0x02,0x03,0x04,0x07,0x09,0x02,0x03,0x04,0x07,0x09}},
    {REGFLAG_CMD, 25, {0x8C,0x40,0x30,0x20,0x19,0x10,0x08,0x12,0x00,0x00,0x00,0x00,0x00,0x00,0x00,0x00,0x00,0x00,0x00,0x00,0x00,0x00,0x00,0x00,0x00}},
    {REGFLAG_CMD, 26, {0x8D,0x30,0x28,0x14,0x10,0x09,0x08,0x02,0x00,0x00,0x00,0x00,0x00,0x00,0x00,0x00,0x00,0x00,0x00,0x00,0x00,0x00,0x00,0x00,0x00,0x00}},
    {REGFLAG_CMD, 7, {0x91,0x30,0x44,0x44,0x04,0x08,0x0C}},
    {REGFLAG_CMD, 7, {0x92,0x30,0x44,0x44,0x04,0x08,0x0C}},
    {REGFLAG_CMD, 7, {0x93,0x30,0x44,0x44,0x04,0x08,0x0C}},
    {REGFLAG_CMD, 2, {0xA6,0x00}},
    {REGFLAG_CMD, 2, {0xA7,0x10}},
    {REGFLAG_CMD, 2, {0xA8,0x00}},
    {REGFLAG_CMD, 2, {0xA9,0x10}},
    {REGFLAG_CMD, 2, {0xAA,0x00}},
    {REGFLAG_CMD, 2, {0xAB,0x10}},
    {REGFLAG_CMD, 2, {0xD0,0x81}},
    {REGFLAG_CMD, 19, {0x80,0xF0,0x6B,0x45,0x19,0x02,0xFE,0xE7,0xBB,0x95,0xE0,0x0C,0x05,0x02,0x00,0x00,0xFE,0xFE,0xF4}},
    {REGFLAG_CMD, 19, {0x81,0xF0,0x53,0x35,0x14,0x02,0xFE,0xEC,0xCB,0xAD,0xE0,0x0A,0x04,0x01,0x00,0x00,0xFF,0xFF,0xFD}},
    {REGFLAG_CMD, 19, {0x82,0xF0,0x43,0x2B,0x10,0x02,0xFE,0xF0,0xD5,0xBD,0xE0,0x06,0x04,0x01,0x00,0x00,0xFF,0xFF,0xFE}},
    {REGFLAG_CMD, 19, {0x83,0xF0,0x59,0x3A,0x15,0x02,0xFE,0xEB,0xC6,0xA7,0xE0,0x05,0x02,0x01,0x00,0x00,0xFF,0xFF,0xFE}},
    {REGFLAG_CMD, 19, {0x84,0xF0,0x46,0x2D,0x11,0x02,0xFE,0xEF,0xD3,0xBA,0xE0,0x03,0x01,0x01,0x00,0x00,0xFF,0xFF,0xFF}},
    {REGFLAG_CMD, 19, {0x85,0xF0,0x36,0x23,0x0D,0x02,0xFE,0xF3,0xDD,0xCA,0xE0,0x02,0x01,0x01,0x00,0x00,0xFF,0xFF,0xFF}},
    {REGFLAG_CMD, 19, {0x86,0xF0,0x6B,0x45,0x19,0x02,0xFE,0xE7,0xBB,0x95,0xE0,0x0C,0x05,0x02,0x00,0x00,0xFE,0xFE,0xF4}},
    {REGFLAG_CMD, 19, {0x87,0xF0,0x53,0x35,0x14,0x02,0xFE,0xEC,0xCB,0xAD,0xE0,0x0A,0x04,0x01,0x00,0x00,0xFF,0xFF,0xFD}},
    {REGFLAG_CMD, 19, {0x88,0xF0,0x43,0x2B,0x10,0x02,0xFE,0xF0,0xD5,0xBD,0xE0,0x06,0x04,0x01,0x00,0x00,0xFF,0xFF,0xFE}},
    {REGFLAG_CMD, 19, {0x89,0xF0,0x59,0x3A,0x15,0x02,0xFE,0xEB,0xC6,0xA7,0xE0,0x05,0x02,0x01,0x00,0x00,0xFF,0xFF,0xFE}},
    {REGFLAG_CMD, 19, {0x8A,0xF0,0x46,0x2D,0x11,0x02,0xFE,0xEF,0xD3,0xBA,0xE0,0x03,0x01,0x01,0x00,0x00,0xFF,0xFF,0xFF}},
    {REGFLAG_CMD, 19, {0x8B,0xF0,0x36,0x23,0x0D,0x02,0xFE,0xF3,0xDD,0xCA,0xE0,0x02,0x01,0x01,0x00,0x00,0xFF,0xFF,0xFF}},
    {REGFLAG_CMD, 2, {0xD0,0x80}},
    {REGFLAG_CMD, 4, {0xFF,0x5A,0xA5,0x2B}},
    {REGFLAG_CMD, 5, {0xA8,0x0F,0x00,0xFE,0xF7}},
    {REGFLAG_CMD, 5, {0xA9,0x3F,0xF6,0xF6,0xFC}},
    {REGFLAG_CMD, 5, {0xAA,0x3F,0xF8,0xD7,0xB8}},
    {REGFLAG_CMD, 5, {0xAB,0x03,0x00,0x00,0xFD}},
    {REGFLAG_CMD, 5, {0xAC,0x3F,0xF9,0xF7,0xF9}},
    {REGFLAG_CMD, 5, {0xAD,0x3F,0xF6,0xE4,0xD2}},
    {REGFLAG_CMD, 5, {0xAE,0x00,0x00,0x00,0x00}},
    {REGFLAG_CMD, 5, {0xAF,0x3F,0xFC,0xF8,0xF6}},
    {REGFLAG_CMD, 5, {0xB0,0x3F,0xF4,0xF0,0xEC}},
    {REGFLAG_CMD, 5, {0xB1,0x00,0x00,0x00,0x00}},
    {REGFLAG_CMD, 5, {0xB2,0x0F,0x00,0xFC,0xF9}},
    {REGFLAG_CMD, 5, {0xB3,0x3F,0xFA,0xF6,0xF2}},
    {REGFLAG_CMD, 5, {0xB4,0x00,0x00,0x00,0x00}},
    {REGFLAG_CMD, 5, {0xB5,0x03,0x00,0x00,0xFD}},
    {REGFLAG_CMD, 5, {0xB6,0x3F,0xF9,0xF5,0xF2}},
    {REGFLAG_CMD, 5, {0xB7,0x00,0x00,0x00,0x00}},
    {REGFLAG_CMD, 5, {0xB8,0x00,0x00,0x00,0x00}},
    {REGFLAG_CMD, 5, {0xB9,0x0F,0x01,0xFA,0xF2}},
    {REGFLAG_CMD, 5, {0xBA,0x00,0x00,0x00,0x00}},
    {REGFLAG_CMD, 5, {0xBB,0x00,0x00,0x00,0x00}},
    {REGFLAG_CMD, 5, {0xBC,0x00,0x00,0x04,0x08}},
    {REGFLAG_CMD, 5, {0xBD,0x00,0x00,0x00,0x00}},
    {REGFLAG_CMD, 5, {0xBE,0x00,0x00,0x00,0x00}},
    {REGFLAG_CMD, 5, {0xBF,0x00,0x00,0x00,0x00}},
    {REGFLAG_CMD, 5, {0xC0,0x00,0x00,0x00,0x00}},
    {REGFLAG_CMD, 5, {0xC1,0x00,0x00,0x00,0x00}},
    {REGFLAG_CMD, 5, {0xC2,0x00,0x00,0x00,0x00}},
    {REGFLAG_CMD, 5, {0xC3,0x0F,0x00,0xFB,0xF9}},
    {REGFLAG_CMD, 5, {0xC4,0x3F,0xF5,0xED,0xF0}},
    {REGFLAG_CMD, 5, {0xC5,0x3F,0xF2,0xEC,0xE5}},
    {REGFLAG_CMD, 5, {0xC6,0x03,0x00,0x00,0xFC}},
    {REGFLAG_CMD, 5, {0xC7,0x3F,0xF9,0xF5,0xF5}},
    {REGFLAG_CMD, 5, {0xC8,0x3F,0xF3,0xEE,0xEA}},
    {REGFLAG_CMD, 5, {0xC9,0x00,0x00,0x00,0x00}},
    {REGFLAG_CMD, 5, {0xCA,0x3F,0xFD,0xFD,0xF9}},
    {REGFLAG_CMD, 5, {0xCB,0x3F,0xF4,0xF1,0xEE}},
    {REGFLAG_CMD, 5, {0xCC,0x00,0x00,0x00,0x00}},
    {REGFLAG_CMD, 5, {0xCD,0x0F,0x00,0xFE,0xFE}},
    {REGFLAG_CMD, 5, {0xCE,0x3F,0xF8,0xF6,0xF4}},
    {REGFLAG_CMD, 5, {0xCF,0x00,0x00,0x00,0x00}},
    {REGFLAG_CMD, 5, {0xD0,0x00,0x00,0x00,0x01}},
    {REGFLAG_CMD, 5, {0xD1,0x3F,0xFA,0xFB,0xFD}},
    {REGFLAG_CMD, 5, {0xD2,0x00,0x00,0x00,0x00}},
    {REGFLAG_CMD, 5, {0xD3,0x00,0x00,0x00,0x00}},
    {REGFLAG_CMD, 5, {0xD4,0x3F,0xFF,0xFC,0xFA}},
    {REGFLAG_CMD, 5, {0xD5,0x00,0x00,0x00,0x00}},
    {REGFLAG_CMD, 5, {0xD6,0x00,0x00,0x00,0x00}},
    {REGFLAG_CMD, 5, {0xD7,0x0F,0x00,0xFD,0xFB}},
    {REGFLAG_CMD, 5, {0xD8,0x00,0x00,0x00,0x00}},
    {REGFLAG_CMD, 5, {0xD9,0x00,0x00,0x00,0x00}},
    {REGFLAG_CMD, 5, {0xDA,0x00,0x00,0x00,0x00}},
    {REGFLAG_CMD, 5, {0xDB,0x00,0x00,0x00,0x00}},
    {REGFLAG_CMD, 5, {0xDC,0x00,0x00,0x00,0x00}},
    {REGFLAG_CMD, 5, {0xDD,0x00,0x00,0x00,0x00}},
    {REGFLAG_CMD, 5, {0xDE,0x0F,0x00,0xFA,0xFE}},
    {REGFLAG_CMD, 5, {0xDF,0x3F,0xFA,0xF7,0xF2}},
    {REGFLAG_CMD, 5, {0xE0,0x3F,0xF3,0xEE,0xEA}},
    {REGFLAG_CMD, 5, {0xE1,0x03,0x00,0x00,0xFC}},
    {REGFLAG_CMD, 5, {0xE2,0x3F,0xFB,0xF9,0xF6}},
    {REGFLAG_CMD, 5, {0xE3,0x3F,0xF5,0xF3,0xF0}},
    {REGFLAG_CMD, 5, {0xE4,0x00,0x00,0x00,0x00}},
    {REGFLAG_CMD, 5, {0xE5,0x3F,0xFC,0xFB,0xFA}},
    {REGFLAG_CMD, 5, {0xE6,0x3F,0xF8,0xF7,0xF6}},
    {REGFLAG_CMD, 5, {0xE7,0x00,0x00,0x00,0x00}},
    {REGFLAG_CMD, 5, {0xE8,0x0F,0x00,0xFE,0xFA}},
    {REGFLAG_CMD, 5, {0xE9,0x3F,0xF7,0xFA,0xFE}},
    {REGFLAG_CMD, 5, {0xEA,0x00,0x00,0x00,0x00}},
    {REGFLAG_CMD, 5, {0xEB,0x03,0x00,0x00,0xFC}},
    {REGFLAG_CMD, 5, {0xEC,0x3F,0xFA,0xFC,0xFE}},
    {REGFLAG_CMD, 5, {0xED,0x00,0x00,0x00,0x00}},
    {REGFLAG_CMD, 5, {0xEE,0x00,0x00,0x00,0x00}},
    {REGFLAG_CMD, 5, {0xEF,0x3F,0xFE,0xFD,0xFC}},
    {REGFLAG_CMD, 5, {0xF0,0x00,0x00,0x00,0x00}},
    {REGFLAG_CMD, 5, {0xF1,0x00,0x00,0x00,0x00}},
    {REGFLAG_CMD, 5, {0xF2,0x0F,0x00,0xFE,0xFC}},
    {REGFLAG_CMD, 5, {0xF3,0x00,0x00,0x00,0x00}},
    {REGFLAG_CMD, 5, {0xF4,0x00,0x00,0x00,0x00}},
    {REGFLAG_CMD, 5, {0xF5,0x00,0x00,0x00,0x00}},
    {REGFLAG_CMD, 5, {0xF6,0x00,0x00,0x00,0x00}},
    {REGFLAG_CMD, 5, {0xF7,0x00,0x00,0x00,0x00}},
    {REGFLAG_CMD, 5, {0xF8,0x00,0x00,0x00,0x00}},
    {REGFLAG_CMD, 4, {0xFF,0x5A,0xA5,0x07}},
    {REGFLAG_CMD, 7, {0xE0,0x03,0xA9,0x06,0xDD,0x07,0xFF}},
    {REGFLAG_CMD, 9, {0xE3,0xAA,0x99,0x88,0x88,0x88,0x88,0x77,0x66}},
    {REGFLAG_CMD, 4, {0xE4,0x40,0x40,0x40}},
    {REGFLAG_CMD, 2, {0xE5,0x05}},
    {REGFLAG_CMD, 4, {0xE6,0x00,0x00,0x00}},
    {REGFLAG_CMD, 2, {0xE7,0xFF}},
    {REGFLAG_CMD, 12, {0xE8,0x01,0x00,0x00,0x20,0x40,0x60,0x80,0xA0,0xC0,0xE0,0x00}},
    {REGFLAG_CMD, 4, {0xFF,0x5A,0xA5,0x00}},
    {REGFLAG_CMD, 4, {0xFF,0x5A,0xA5,0x02}}, // PAGE 2
    {REGFLAG_CMD, 10, {0xE5,0x09,0x0B,0x0B,0x0D,0x55,0x0D,0x32,0x32,0x32}},
    {REGFLAG_CMD, 3, {0xE7,0x33,0x25}}, // DFR1 VGHL 1H AVEE 4H
    {REGFLAG_CMD, 3, {0xE8,0x33,0x25}}, // DFR2 VGHL 1H AVEE 4H
    {REGFLAG_CMD, 3, {0xE9,0x33,0x25}}, // DFR3 VGHL 1H AVEE 4H
    {REGFLAG_CMD, 4, {0xFF,0x5A,0xA5,0x05}}, // PAGE 5
    {REGFLAG_CMD, 15, {0xCA,0x1D,0x1F,0x1F,0x1F,0x1F,0x00,0x00,0x22,0x1B,0x1B,0x1B,0x18,0x19,0x19}},
    {REGFLAG_CMD, 4, {0xFF,0x5A,0xA5,0x00}},
    {REGFLAG_CMD, 1, {0x11}},
    {REGFLAG_DELAY, 120, {}}, // Delay 120ms
    {REGFLAG_CMD, 4, {0xFF,0x5A,0xA5,0x51}},
    {REGFLAG_CMD, 7, {0x80,0xD4,0xD4,0xD4,0xD4,0x22,0x22}},
    {REGFLAG_CMD, 7, {0x81,0xD4,0xD4,0xD4,0xD4,0x22,0x22}},
    {REGFLAG_CMD, 7, {0x82,0xD4,0xD4,0xD4,0xD4,0x22,0x22}},
    {REGFLAG_CMD, 7, {0x83,0xD4,0xD4,0xD4,0xD4,0x22,0x22}},
    {REGFLAG_CMD, 7, {0x84,0xD4,0xD4,0xD4,0xD4,0x22,0x22}},
    {REGFLAG_CMD, 7, {0x85,0xD4,0xD4,0xD4,0xD4,0x22,0x22}},
    {REGFLAG_CMD, 7, {0x86,0xD4,0xD4,0xD4,0xD4,0x22,0x22}},
    {REGFLAG_CMD, 7, {0x87,0xD4,0xD4,0x00,0x00,0x22,0x00}},
    {REGFLAG_CMD, 7, {0xA0,0xD4,0xD4,0xD4,0xD4,0x22,0x22}},
    {REGFLAG_CMD, 7, {0xA1,0xD4,0xD4,0xD4,0xD4,0x22,0x22}},
    {REGFLAG_CMD, 7, {0xA2,0xD4,0xD4,0xD4,0xD4,0x22,0x22}},
    {REGFLAG_CMD, 7, {0xA3,0xD4,0xD4,0xD4,0xD4,0x22,0x22}},
    {REGFLAG_CMD, 7, {0xA4,0xD4,0xD4,0xD4,0xD4,0x22,0x22}},
    {REGFLAG_CMD, 7, {0xA5,0xD4,0xD4,0xD4,0xD4,0x22,0x22}},
    {REGFLAG_CMD, 7, {0xA6,0xD4,0xD4,0xD4,0xD4,0x22,0x22}},
    {REGFLAG_CMD, 7, {0xA7,0xD4,0xD4,0x00,0x00,0x22,0x00}},
    {REGFLAG_CMD, 7, {0xC0,0x9A,0x4A,0xF0,0xAA,0x11,0x00}},
    {REGFLAG_CMD, 7, {0xC1,0xAA,0xA5,0xA5,0xA0,0x00,0x00}},
    {REGFLAG_CMD, 7, {0xC2,0xA0,0x9B,0x9B,0x96,0x00,0x00}},
    {REGFLAG_CMD, 7, {0xC3,0x96,0x91,0x91,0x8C,0x00,0x00}},
    {REGFLAG_CMD, 7, {0xC4,0x6E,0x6E,0x6E,0x6E,0x00,0x00}},
    {REGFLAG_CMD, 7, {0xC5,0x6E,0x6E,0x6E,0x6E,0x00,0x00}},
    {REGFLAG_CMD, 7, {0xC6,0x6E,0x6E,0x6E,0x6E,0x00,0x00}},
    {REGFLAG_CMD, 7, {0xC7,0x6E,0x6E,0x00,0x00,0x00,0x00}},
    {REGFLAG_CMD, 4, {0xFF,0x5A,0xA5,0x52}},
    {REGFLAG_CMD, 7, {0x80,0x9A,0x4A,0xF0,0xAA,0x11,0x00}},
    {REGFLAG_CMD, 7, {0x81,0xAA,0xA5,0xA5,0xA0,0x00,0x00}},
    {REGFLAG_CMD, 7, {0x82,0xA0,0x9B,0x9B,0x96,0x00,0x00}},
    {REGFLAG_CMD, 7, {0x83,0x96,0x91,0x91,0x8C,0x00,0x00}},
    {REGFLAG_CMD, 7, {0x84,0x6E,0x6E,0x6E,0x6E,0x00,0x00}},
    {REGFLAG_CMD, 7, {0x85,0x6E,0x6E,0x6E,0x6E,0x00,0x00}},
    {REGFLAG_CMD, 7, {0x86,0x6E,0x6E,0x6E,0x6E,0x00,0x00}},
    {REGFLAG_CMD, 7, {0x87,0x6E,0x6E,0x00,0x00,0x00,0x00}},
    {REGFLAG_CMD, 7, {0xA0,0x54,0x54,0x54,0x54,0x11,0x11}},
    {REGFLAG_CMD, 7, {0xA1,0x54,0x54,0x54,0x54,0x11,0x11}},
    {REGFLAG_CMD, 7, {0xA2,0x54,0x54,0x54,0x54,0x11,0x11}},
    {REGFLAG_CMD, 7, {0xA3,0x54,0x54,0x54,0x54,0x11,0x11}},
    {REGFLAG_CMD, 7, {0xA4,0x54,0x54,0x54,0x54,0x11,0x11}},
    {REGFLAG_CMD, 7, {0xA5,0x54,0x54,0x54,0x54,0x11,0x11}},
    {REGFLAG_CMD, 7, {0xA6,0x54,0x54,0x54,0x54,0x11,0x11}},
    {REGFLAG_CMD, 7, {0xA7,0x54,0x54,0x00,0x00,0x11,0x00}},
    {REGFLAG_CMD, 7, {0xC0,0x54,0x54,0x54,0x54,0x11,0x11}},
    {REGFLAG_CMD, 7, {0xC1,0x54,0x54,0x54,0x54,0x11,0x11}},
    {REGFLAG_CMD, 7, {0xC2,0x54,0x54,0x54,0x54,0x11,0x11}},
    {REGFLAG_CMD, 7, {0xC3,0x54,0x54,0x54,0x54,0x11,0x11}},
    {REGFLAG_CMD, 7, {0xC4,0x54,0x54,0x54,0x54,0x11,0x11}},
    {REGFLAG_CMD, 7, {0xC5,0x54,0x54,0x54,0x54,0x11,0x11}},
    {REGFLAG_CMD, 7, {0xC6,0x54,0x54,0x54,0x54,0x11,0x11}},
    {REGFLAG_CMD, 7, {0xC7,0x54,0x54,0x00,0x00,0x11,0x00}},
    {REGFLAG_CMD, 4, {0xFF,0x5A,0xA5,0x00}},
    {REGFLAG_CMD, 4, {0xFF,0x5A,0xA5,0x49}},
    {REGFLAG_CMD, 12, {0x80,0x00,0x08,0x10,0x20,0x40,0x80,0xC0,0xE0,0x00,0x00,0x01}},
    {REGFLAG_CMD, 17, {0x81,0x00,0x00,0xF0,0x00,0x65,0x01,0xF3,0x01,0x44,0x02,0x45,0x02,0xA9,0x03,0xDD,0x06}},
    {REGFLAG_CMD, 19, {0x82,0x00,0x00,0xF0,0x00,0x65,0x01,0xF3,0x01,0x44,0x02,0x45,0x02,0xA9,0x03,0xDD,0x06,0xDD,0x06}},
    {REGFLAG_CMD, 2, {0x83,0x0A}},
    {REGFLAG_CMD, 2, {0x84,0x14}},
    {REGFLAG_CMD, 4, {0x85,0x80,0x00,0x02}},
    {REGFLAG_CMD, 4, {0x86,0x80,0x00,0x02}},
    {REGFLAG_CMD, 4, {0xA0,0x30,0x39,0x40}},
    {REGFLAG_CMD, 4, {0xA1,0x40,0x40,0x40}},
    {REGFLAG_CMD, 4, {0xA2,0x40,0x40,0x40}},
    {REGFLAG_CMD, 4, {0xA3,0x1E,0x5A,0x78}},
    {REGFLAG_CMD, 2, {0xA4,0x59}},
    {REGFLAG_CMD, 2, {0xA5,0x80}},
    {REGFLAG_CMD, 2, {0xA6,0x3F}},
    {REGFLAG_CMD, 2, {0xA7,0x0B}},
    {REGFLAG_CMD, 2, {0xAD,0x01}},
    {REGFLAG_CMD, 2, {0xAE,0x84}},
    {REGFLAG_CMD, 2, {0xAF,0x00}},
    {REGFLAG_CMD, 2, {0xD9,0x02}},
    {REGFLAG_CMD, 2, {0xDA,0xF7}},
    {REGFLAG_CMD, 2, {0xDB,0x9C}},
    {REGFLAG_CMD, 2, {0xDC,0x03}},
    {REGFLAG_CMD, 2, {0xDF,0x06}},
    {REGFLAG_CMD, 2, {0xE0,0x01}},
    {REGFLAG_CMD, 4, {0xFF,0x5A,0xA5,0x5A}},
    {REGFLAG_CMD, 4, {0x80,0x00,0x00,0x00}},
    {REGFLAG_CMD, 4, {0x81,0x00,0x02,0x00}},
    {REGFLAG_CMD, 4, {0x82,0x00,0x00,0x00}},
    {REGFLAG_CMD, 4, {0x83,0x01,0x21,0x00}},
    {REGFLAG_CMD, 4, {0x84,0x07,0x07,0x00}},
    {REGFLAG_CMD, 4, {0x85,0x07,0x08,0x00}},
    {REGFLAG_CMD, 4, {0x86,0x15,0x21,0x0C}},
    {REGFLAG_CMD, 4, {0x87,0x0E,0x0C,0x01}},
    {REGFLAG_CMD, 4, {0x88,0x0C,0x0C,0x0B}},
    {REGFLAG_CMD, 4, {0x89,0x05,0x06,0x01}},
    {REGFLAG_CMD, 4, {0x8A,0x15,0x15,0x07}},
    {REGFLAG_CMD, 4, {0x8B,0x0B,0x08,0x07}},
    {REGFLAG_CMD, 4, {0x8C,0x0C,0x06,0x07}},
    {REGFLAG_CMD, 4, {0x8D,0x08,0x03,0x07}},
    {REGFLAG_CMD, 4, {0x8E,0x03,0x02,0x04}},
    {REGFLAG_CMD, 4, {0x8F,0x18,0x0B,0x0D}},
    {REGFLAG_CMD, 4, {0x90,0x0E,0x07,0x0A}},
    {REGFLAG_CMD, 4, {0x91,0x0D,0x08,0x0A}},
    {REGFLAG_CMD, 4, {0x92,0x0B,0x05,0x09}},
    {REGFLAG_CMD, 4, {0x93,0x08,0x04,0x08}},
    {REGFLAG_CMD, 4, {0x94,0x04,0x02,0x04}},
    {REGFLAG_CMD, 4, {0x95,0x18,0x1A,0x19}},
    {REGFLAG_CMD, 4, {0x96,0x15,0x16,0x14}},
    {REGFLAG_CMD, 4, {0x97,0x13,0x13,0x15}},
    {REGFLAG_CMD, 4, {0x98,0x10,0x11,0x12}},
    {REGFLAG_CMD, 4, {0x99,0x0C,0x0D,0x0D}},
    {REGFLAG_CMD, 4, {0x9A,0x07,0x08,0x09}},
    {REGFLAG_CMD, 4, {0x9B,0x02,0x03,0x03}},
    {REGFLAG_CMD, 4, {0x9C,0x1B,0x1C,0x1A}},
    {REGFLAG_CMD, 4, {0x9D,0x18,0x16,0x16}},
    {REGFLAG_CMD, 4, {0x9E,0x12,0x14,0x14}},
    {REGFLAG_CMD, 4, {0x9F,0x11,0x12,0x10}},
    {REGFLAG_CMD, 4, {0xA0,0x0B,0x0A,0x0C}},
    {REGFLAG_CMD, 4, {0xA1,0x07,0x08,0x08}},
    {REGFLAG_CMD, 4, {0xA2,0x03,0x03,0x02}},
    {REGFLAG_CMD, 4, {0xA3,0x01,0x01,0x01}},
    {REGFLAG_CMD, 4, {0xA4,0x00,0x02,0x00}},
    {REGFLAG_CMD, 4, {0xA5,0x00,0x0F,0x00}},
    {REGFLAG_CMD, 4, {0xA6,0x00,0x04,0x00}},
    {REGFLAG_CMD, 4, {0xA7,0x09,0x0C,0x00}},
    {REGFLAG_CMD, 4, {0xA8,0x04,0x05,0x01}},
    {REGFLAG_CMD, 4, {0xA9,0x02,0x03,0x01}},
    {REGFLAG_CMD, 4, {0xAA,0x08,0x08,0x02}},
    {REGFLAG_CMD, 4, {0xAB,0x03,0x02,0x03}},
    {REGFLAG_CMD, 4, {0xAC,0x03,0x01,0x02}},
    {REGFLAG_CMD, 4, {0xAD,0x01,0x00,0x00}},
    {REGFLAG_CMD, 4, {0xAE,0x0C,0x09,0x0A}},
    {REGFLAG_CMD, 4, {0xAF,0x08,0x06,0x07}},
    {REGFLAG_CMD, 4, {0xB0,0x07,0x05,0x05}},
    {REGFLAG_CMD, 4, {0xB1,0x05,0x05,0x05}},
    {REGFLAG_CMD, 4, {0xB2,0x03,0x03,0x03}},
    {REGFLAG_CMD, 4, {0xB3,0x14,0x15,0x11}},
    {REGFLAG_CMD, 4, {0xB4,0x0F,0x0F,0x0D}},
    {REGFLAG_CMD, 4, {0xB5,0x0E,0x0E,0x0C}},
    {REGFLAG_CMD, 4, {0xB6,0x0C,0x0D,0x0B}},
    {REGFLAG_CMD, 4, {0xB7,0x08,0x09,0x07}},
    {REGFLAG_CMD, 4, {0xB8,0x02,0x03,0x03}},
    {REGFLAG_CMD, 4, {0xB9,0x22,0x23,0x22}},
    {REGFLAG_CMD, 4, {0xBA,0x1C,0x1D,0x1C}},
    {REGFLAG_CMD, 4, {0xBB,0x15,0x16,0x15}},
    {REGFLAG_CMD, 4, {0xBC,0x13,0x14,0x13}},
    {REGFLAG_CMD, 4, {0xBD,0x0D,0x0E,0x0D}},
    {REGFLAG_CMD, 4, {0xBE,0x05,0x06,0x07}},
    {REGFLAG_CMD, 4, {0xBF,0x02,0x03,0x02}},
    {REGFLAG_CMD, 4, {0xC0,0x23,0x24,0x23}},
    {REGFLAG_CMD, 4, {0xC1,0x20,0x22,0x21}},
    {REGFLAG_CMD, 4, {0xC2,0x18,0x1A,0x19}},
    {REGFLAG_CMD, 4, {0xC3,0x15,0x16,0x14}},
    {REGFLAG_CMD, 4, {0xC4,0x10,0x12,0x10}},
    {REGFLAG_CMD, 4, {0xC5,0x09,0x09,0x09}},
    {REGFLAG_CMD, 4, {0xC6,0x04,0x04,0x04}},
    {REGFLAG_CMD, 4, {0xC7,0x02,0x02,0x02}},
    {REGFLAG_CMD, 4, {0xC8,0x00,0x00,0x00}},
    {REGFLAG_CMD, 4, {0xC9,0x00,0x00,0x00}},
    {REGFLAG_CMD, 4, {0xCA,0x00,0x00,0x00}},
    {REGFLAG_CMD, 4, {0xCB,0x02,0x08,0x02}},
    {REGFLAG_CMD, 4, {0xCC,0x01,0x01,0x00}},
    {REGFLAG_CMD, 4, {0xCD,0x01,0x01,0x00}},
    {REGFLAG_CMD, 4, {0xCE,0x16,0x37,0x0F}},
    {REGFLAG_CMD, 4, {0xCF,0x0C,0x0C,0x06}},
    {REGFLAG_CMD, 4, {0xD0,0x0A,0x09,0x01}},
    {REGFLAG_CMD, 4, {0xD1,0x07,0x07,0x06}},
    {REGFLAG_CMD, 4, {0xD2,0x21,0x1F,0x0A}},
    {REGFLAG_CMD, 4, {0xD3,0x10,0x10,0x05}},
    {REGFLAG_CMD, 4, {0xD4,0x0E,0x0E,0x04}},
    {REGFLAG_CMD, 4, {0xD5,0x0B,0x0A,0x01}},
    {REGFLAG_CMD, 4, {0xD6,0x06,0x04,0x03}},
    {REGFLAG_CMD, 4, {0xD7,0x1F,0x14,0x0F}},
    {REGFLAG_CMD, 4, {0xD8,0x11,0x0B,0x07}},
    {REGFLAG_CMD, 4, {0xD9,0x0E,0x0A,0x06}},
    {REGFLAG_CMD, 4, {0xDA,0x0C,0x09,0x05}},
    {REGFLAG_CMD, 4, {0xDB,0x09,0x06,0x05}},
    {REGFLAG_CMD, 4, {0xDC,0x02,0x02,0x02}},
    {REGFLAG_CMD, 4, {0xDD,0x1C,0x1C,0x1D}},
    {REGFLAG_CMD, 4, {0xDE,0x13,0x14,0x14}},
    {REGFLAG_CMD, 4, {0xDF,0x12,0x12,0x11}},
    {REGFLAG_CMD, 4, {0xE0,0x10,0x0F,0x11}},
    {REGFLAG_CMD, 4, {0xE1,0x0C,0x0D,0x0E}},
    {REGFLAG_CMD, 4, {0xE2,0x05,0x04,0x04}},
    {REGFLAG_CMD, 4, {0xE3,0x01,0x02,0x01}},
    {REGFLAG_CMD, 4, {0xE4,0x1F,0x20,0x0A}},
    {REGFLAG_CMD, 4, {0xE5,0x16,0x18,0x16}},
    {REGFLAG_CMD, 4, {0xE6,0x14,0x16,0x14}},
    {REGFLAG_CMD, 4, {0xE7,0x10,0x11,0x10}},
    {REGFLAG_CMD, 4, {0xE8,0x0C,0x0D,0x0C}},
    {REGFLAG_CMD, 4, {0xE9,0x09,0x0A,0x09}},
    {REGFLAG_CMD, 4, {0xEA,0x04,0x04,0x04}},
    {REGFLAG_CMD, 4, {0xEB,0x02,0x02,0x02}},
    {REGFLAG_CMD, 4, {0xFF,0x5A,0xA5,0x5B}},
    {REGFLAG_CMD, 4, {0x80,0x00,0x07,0x00}},
    {REGFLAG_CMD, 4, {0x81,0x04,0x05,0x00}},
    {REGFLAG_CMD, 4, {0x82,0x01,0x01,0x00}},
    {REGFLAG_CMD, 4, {0x83,0x03,0x03,0x01}},
    {REGFLAG_CMD, 4, {0x84,0x01,0x00,0x01}},
    {REGFLAG_CMD, 4, {0x85,0x00,0x00,0x00}},
    {REGFLAG_CMD, 4, {0x86,0x05,0x04,0x03}},
    {REGFLAG_CMD, 4, {0x87,0x03,0x02,0x02}},
    {REGFLAG_CMD, 4, {0x88,0x02,0x02,0x02}},
    {REGFLAG_CMD, 4, {0x89,0x01,0x01,0x01}},
    {REGFLAG_CMD, 4, {0x8A,0x0C,0x0E,0x0A}},
    {REGFLAG_CMD, 4, {0x8B,0x09,0x0A,0x08}},
    {REGFLAG_CMD, 4, {0x8C,0x08,0x09,0x07}},
    {REGFLAG_CMD, 4, {0x8D,0x06,0x07,0x05}},
    {REGFLAG_CMD, 4, {0x8E,0x02,0x03,0x02}},
    {REGFLAG_CMD, 4, {0x8F,0x17,0x18,0x15}},
    {REGFLAG_CMD, 4, {0x90,0x12,0x12,0x10}},
    {REGFLAG_CMD, 4, {0x91,0x10,0x10,0x0E}},
    {REGFLAG_CMD, 4, {0x92,0x0D,0x0D,0x0C}},
    {REGFLAG_CMD, 4, {0x93,0x07,0x07,0x07}},
    {REGFLAG_CMD, 4, {0x94,0x02,0x02,0x02}},
    {REGFLAG_CMD, 4, {0x95,0x22,0x23,0x23}},
    {REGFLAG_CMD, 4, {0x96,0x1C,0x1D,0x1D}},
    {REGFLAG_CMD, 4, {0x97,0x17,0x18,0x18}},
    {REGFLAG_CMD, 4, {0x98,0x13,0x14,0x14}},
    {REGFLAG_CMD, 4, {0x99,0x0D,0x0E,0x0E}},
    {REGFLAG_CMD, 4, {0x9A,0x04,0x05,0x05}},
    {REGFLAG_CMD, 4, {0x9B,0x02,0x02,0x02}},
    {REGFLAG_CMD, 4, {0x9C,0x24,0x26,0x23}},
    {REGFLAG_CMD, 4, {0x9D,0x20,0x24,0x21}},
    {REGFLAG_CMD, 4, {0x9E,0x1C,0x1D,0x1C}},
    {REGFLAG_CMD, 4, {0x9F,0x16,0x16,0x15}},
    {REGFLAG_CMD, 4, {0xA0,0x10,0x10,0x10}},
    {REGFLAG_CMD, 4, {0xA1,0x08,0x08,0x08}},
    {REGFLAG_CMD, 4, {0xA2,0x04,0x04,0x04}},
    {REGFLAG_CMD, 4, {0xA3,0x02,0x02,0x02}},
    {REGFLAG_CMD, 4, {0xA4,0x04,0x07,0x00}},
    {REGFLAG_CMD, 4, {0xA5,0x04,0x04,0x01}},
    {REGFLAG_CMD, 4, {0xA6,0x00,0x00,0x01}},
    {REGFLAG_CMD, 4, {0xA7,0x03,0x02,0x01}},
    {REGFLAG_CMD, 4, {0xA8,0x01,0x00,0x00}},
    {REGFLAG_CMD, 4, {0xA9,0x00,0x00,0x00}},
    {REGFLAG_CMD, 4, {0xAA,0x05,0x05,0x04}},
    {REGFLAG_CMD, 4, {0xAB,0x03,0x03,0x02}},
    {REGFLAG_CMD, 4, {0xAC,0x02,0x02,0x02}},
    {REGFLAG_CMD, 4, {0xAD,0x01,0x01,0x01}},
    {REGFLAG_CMD, 4, {0xAE,0x00,0x00,0x00}},
    {REGFLAG_CMD, 4, {0xAF,0x0A,0x0A,0x08}},
    {REGFLAG_CMD, 4, {0xB0,0x08,0x09,0x07}},
    {REGFLAG_CMD, 4, {0xB1,0x06,0x07,0x05}},
    {REGFLAG_CMD, 4, {0xB2,0x03,0x03,0x02}},
    {REGFLAG_CMD, 4, {0xB3,0x17,0x19,0x15}},
    {REGFLAG_CMD, 4, {0xB4,0x11,0x13,0x10}},
    {REGFLAG_CMD, 4, {0xB5,0x10,0x11,0x0E}},
    {REGFLAG_CMD, 4, {0xB6,0x0C,0x0D,0x0B}},
    {REGFLAG_CMD, 4, {0xB7,0x06,0x07,0x07}},
    {REGFLAG_CMD, 4, {0xB8,0x02,0x02,0x02}},
    {REGFLAG_CMD, 4, {0xB9,0x1E,0x1F,0x1F}},
    {REGFLAG_CMD, 4, {0xBA,0x19,0x19,0x18}},
    {REGFLAG_CMD, 4, {0xBB,0x16,0x16,0x15}},
    {REGFLAG_CMD, 4, {0xBC,0x12,0x13,0x13}},
    {REGFLAG_CMD, 4, {0xBD,0x0E,0x0F,0x0F}},
    {REGFLAG_CMD, 4, {0xBE,0x06,0x06,0x05}},
    {REGFLAG_CMD, 4, {0xBF,0x03,0x03,0x03}},
    {REGFLAG_CMD, 4, {0xC0,0x22,0x23,0x23}},
    {REGFLAG_CMD, 4, {0xC1,0x1F,0x20,0x20}},
    {REGFLAG_CMD, 4, {0xC2,0x1F,0x1E,0x1D}},
    {REGFLAG_CMD, 4, {0xC3,0x1A,0x1B,0x1C}},
    {REGFLAG_CMD, 4, {0xC4,0x14,0x15,0x15}},
    {REGFLAG_CMD, 4, {0xC5,0x08,0x08,0x08}},
    {REGFLAG_CMD, 4, {0xC6,0x04,0x04,0x04}},
    {REGFLAG_CMD, 4, {0xC7,0x02,0x02,0x02}},
    {REGFLAG_CMD, 4, {0xC8,0x00,0x07,0x00}},
    {REGFLAG_CMD, 4, {0xC9,0x03,0x03,0x01}},
    {REGFLAG_CMD, 4, {0xCA,0x00,0x00,0x00}},
    {REGFLAG_CMD, 4, {0xCB,0x04,0x03,0x01}},
    {REGFLAG_CMD, 4, {0xCC,0x01,0x00,0x00}},
    {REGFLAG_CMD, 4, {0xCD,0x00,0x00,0x00}},
    {REGFLAG_CMD, 4, {0xCE,0x04,0x03,0x01}},
    {REGFLAG_CMD, 4, {0xCF,0x02,0x01,0x00}},
    {REGFLAG_CMD, 4, {0xD0,0x01,0x01,0x01}},
    {REGFLAG_CMD, 4, {0xD1,0x00,0x00,0x00}},
    {REGFLAG_CMD, 4, {0xD2,0x06,0x06,0x05}},
    {REGFLAG_CMD, 4, {0xD3,0x03,0x02,0x03}},
    {REGFLAG_CMD, 4, {0xD4,0x03,0x02,0x03}},
    {REGFLAG_CMD, 4, {0xD5,0x02,0x02,0x02}},
    {REGFLAG_CMD, 4, {0xD6,0x00,0x00,0x00}},
    {REGFLAG_CMD, 4, {0xD7,0x0A,0x0A,0x09}},
    {REGFLAG_CMD, 4, {0xD8,0x07,0x06,0x06}},
    {REGFLAG_CMD, 4, {0xD9,0x06,0x06,0x06}},
    {REGFLAG_CMD, 4, {0xDA,0x05,0x05,0x05}},
    {REGFLAG_CMD, 4, {0xDB,0x04,0x04,0x04}},
    {REGFLAG_CMD, 4, {0xDC,0x02,0x01,0x01}},
    {REGFLAG_CMD, 4, {0xDD,0x16,0x18,0x18}},
    {REGFLAG_CMD, 4, {0xDE,0x14,0x16,0x15}},
    {REGFLAG_CMD, 4, {0xDF,0x12,0x14,0x13}},
    {REGFLAG_CMD, 4, {0xE0,0x0A,0x0B,0x0A}},
    {REGFLAG_CMD, 4, {0xE1,0x07,0x07,0x08}},
    {REGFLAG_CMD, 4, {0xE2,0x05,0x06,0x04}},
    {REGFLAG_CMD, 4, {0xE3,0x02,0x02,0x02}},
    {REGFLAG_CMD, 4, {0xE4,0x1A,0x1A,0x1D}},
    {REGFLAG_CMD, 4, {0xE5,0x16,0x18,0x17}},
    {REGFLAG_CMD, 4, {0xE6,0x14,0x16,0x15}},
    {REGFLAG_CMD, 4, {0xE7,0x0D,0x0E,0x0D}},
    {REGFLAG_CMD, 4, {0xE8,0x0A,0x0B,0x0C}},
    {REGFLAG_CMD, 4, {0xE9,0x09,0x09,0x08}},
    {REGFLAG_CMD, 4, {0xEA,0x06,0x06,0x06}},
    {REGFLAG_CMD, 4, {0xEB,0x03,0x03,0x03}},
    {REGFLAG_CMD, 4, {0xFF,0x5A,0xA5,0x5C}},
    {REGFLAG_CMD, 4, {0x80,0x00,0x07,0x00}},
    {REGFLAG_CMD, 4, {0x81,0x05,0x06,0x03}},
    {REGFLAG_CMD, 4, {0x82,0x01,0x01,0x00}},
    {REGFLAG_CMD, 4, {0x83,0x04,0x04,0x02}},
    {REGFLAG_CMD, 4, {0x84,0x01,0x00,0x00}},
    {REGFLAG_CMD, 4, {0x85,0x00,0x00,0x00}},
    {REGFLAG_CMD, 4, {0x86,0x05,0x04,0x03}},
    {REGFLAG_CMD, 4, {0x87,0x02,0x02,0x01}},
    {REGFLAG_CMD, 4, {0x88,0x01,0x01,0x01}},
    {REGFLAG_CMD, 4, {0x89,0x01,0x01,0x01}},
    {REGFLAG_CMD, 4, {0x8A,0x0B,0x0B,0x0A}},
    {REGFLAG_CMD, 4, {0x8B,0x06,0x06,0x07}},
    {REGFLAG_CMD, 4, {0x8C,0x06,0x06,0x06}},
    {REGFLAG_CMD, 4, {0x8D,0x04,0x04,0x05}},
    {REGFLAG_CMD, 4, {0x8E,0x02,0x02,0x02}},
    {REGFLAG_CMD, 4, {0x8F,0x13,0x13,0x12}},
    {REGFLAG_CMD, 4, {0x90,0x0C,0x0A,0x0B}},
    {REGFLAG_CMD, 4, {0x91,0x0A,0x08,0x09}},
    {REGFLAG_CMD, 4, {0x92,0x07,0x06,0x07}},
    {REGFLAG_CMD, 4, {0x93,0x03,0x03,0x03}},
    {REGFLAG_CMD, 4, {0x94,0x02,0x02,0x02}},
    {REGFLAG_CMD, 4, {0x95,0x17,0x16,0x15}},
    {REGFLAG_CMD, 4, {0x96,0x15,0x14,0x13}},
    {REGFLAG_CMD, 4, {0x97,0x11,0x10,0x10}},
    {REGFLAG_CMD, 4, {0x98,0x0B,0x0D,0x0C}},
    {REGFLAG_CMD, 4, {0x99,0x06,0x05,0x06}},
    {REGFLAG_CMD, 4, {0x9A,0x03,0x03,0x03}},
    {REGFLAG_CMD, 4, {0x9B,0x02,0x02,0x02}},
    {REGFLAG_CMD, 4, {0x9C,0x22,0x23,0x21}},
    {REGFLAG_CMD, 4, {0x9D,0x20,0x21,0x20}},
    {REGFLAG_CMD, 4, {0x9E,0x1C,0x1D,0x1F}},
    {REGFLAG_CMD, 4, {0x9F,0x16,0x15,0x14}},
    {REGFLAG_CMD, 4, {0xA0,0x11,0x12,0x11}},
    {REGFLAG_CMD, 4, {0xA1,0x0A,0x0C,0x0B}},
    {REGFLAG_CMD, 4, {0xA2,0x05,0x04,0x05}},
    {REGFLAG_CMD, 4, {0xA3,0x03,0x03,0x03}},
    {REGFLAG_CMD, 4, {0xA4,0x01,0x01,0x00}},
    {REGFLAG_CMD, 4, {0xA5,0x01,0x01,0x00}},
    {REGFLAG_CMD, 4, {0xA6,0x00,0x00,0x00}},
    {REGFLAG_CMD, 4, {0xA7,0x01,0x01,0x00}},
    {REGFLAG_CMD, 4, {0xA8,0x00,0x00,0x00}},
    {REGFLAG_CMD, 4, {0xA9,0x00,0x00,0x00}},
    {REGFLAG_CMD, 4, {0xAA,0x02,0x02,0x02}},
    {REGFLAG_CMD, 4, {0xAB,0x01,0x01,0x01}},
    {REGFLAG_CMD, 4, {0xAC,0x01,0x01,0x01}},
    {REGFLAG_CMD, 4, {0xAD,0x00,0x00,0x00}},
    {REGFLAG_CMD, 4, {0xAE,0x06,0x06,0x06}},
    {REGFLAG_CMD, 4, {0xAF,0x04,0x04,0x04}},
    {REGFLAG_CMD, 4, {0xB0,0x03,0x03,0x03}},
    {REGFLAG_CMD, 4, {0xB1,0x02,0x02,0x02}},
    {REGFLAG_CMD, 4, {0xB2,0x01,0x01,0x01}},
    {REGFLAG_CMD, 4, {0xB3,0x10,0x12,0x11}},
    {REGFLAG_CMD, 4, {0xB4,0x11,0x12,0x13}},
    {REGFLAG_CMD, 4, {0xB5,0x0E,0x0C,0x0E}},
    {REGFLAG_CMD, 4, {0xB6,0x09,0x08,0x08}},
    {REGFLAG_CMD, 4, {0xB7,0x03,0x02,0x03}},
    {REGFLAG_CMD, 4, {0xB8,0x01,0x01,0x02}},
    {REGFLAG_CMD, 4, {0xB9,0x14,0x13,0x12}},
    {REGFLAG_CMD, 4, {0xBA,0x12,0x11,0x11}},
    {REGFLAG_CMD, 4, {0xBB,0x0F,0x0E,0x0E}},
    {REGFLAG_CMD, 4, {0xBC,0x0C,0x0C,0x0B}},
    {REGFLAG_CMD, 4, {0xBD,0x08,0x07,0x08}},
    {REGFLAG_CMD, 4, {0xBE,0x03,0x02,0x02}},
    {REGFLAG_CMD, 4, {0xBF,0x02,0x01,0x02}},
    {REGFLAG_CMD, 4, {0xC0,0x30,0x34,0x36}},
    {REGFLAG_CMD, 4, {0xC1,0x2A,0x2F,0x30}},
    {REGFLAG_CMD, 4, {0xC2,0x24,0x26,0x28}},
    {REGFLAG_CMD, 4, {0xC3,0x18,0x1A,0x1D}},
    {REGFLAG_CMD, 4, {0xC4,0x0D,0x10,0x10}},
    {REGFLAG_CMD, 4, {0xC5,0x0A,0x0B,0x0D}},
    {REGFLAG_CMD, 4, {0xC6,0x06,0x06,0x08}},
    {REGFLAG_CMD, 4, {0xC7,0x05,0x06,0x05}},
    {REGFLAG_CMD, 4, {0xC8,0x00,0x00,0x00}},
    {REGFLAG_CMD, 4, {0xC9,0x00,0x00,0x00}},
    {REGFLAG_CMD, 4, {0xCA,0x00,0x00,0x00}},
    {REGFLAG_CMD, 4, {0xCB,0x00,0x00,0x00}},
    {REGFLAG_CMD, 4, {0xCC,0x00,0x00,0x00}},
    {REGFLAG_CMD, 4, {0xCD,0x00,0x00,0x00}},
    {REGFLAG_CMD, 4, {0xCE,0x00,0x00,0x00}},
    {REGFLAG_CMD, 4, {0xCF,0x00,0x00,0x00}},
    {REGFLAG_CMD, 4, {0xFF,0x5A,0xA5,0x03}},
    {REGFLAG_CMD, 6, {0x90,0x01,0x80,0x21,0x40,0x35}},
    {REGFLAG_CMD, 7, {0x92,0x00,0x00,0x00,0x00,0x00,0x00}},
    {REGFLAG_CMD, 4, {0xFF,0x5A,0xA5,0x00}},
    {REGFLAG_CMD, 1, {0x29}},
    {REGFLAG_CMD, 4, {0xFF,0x5A,0xA5,0x2D}},
    {REGFLAG_CMD, 3, {0x83,0x01,0x00}},
    {REGFLAG_CMD, 2, {0xF2,0x01}},
    {REGFLAG_CMD, 4, {0xFF,0x5A,0xA5,0x00}},
    {REGFLAG_CMD, 2, {0x60,0x00}}, // 0x00: 120Hz, 0x02: 90Hz
    {REGFLAG_CMD, 4, {0xFF,0x5A,0xA5,0x00}},
    {REGFLAG_CMD, 4, {0xFF,0x5A,0xA5,0x0B}},
    {REGFLAG_CMD, 2, {0xA0,0x05}}, // >70nit A0 07, <=70nit A0 05
    {REGFLAG_CMD, 4, {0xFF,0x5A,0xA5,0x4E}},
    {REGFLAG_CMD, 2, {0xDA,0x04}},
    {REGFLAG_CMD, 2, {0xDB,0x8B}},
    {REGFLAG_CMD, 2, {0xDC,0x04}},
    {REGFLAG_CMD, 2, {0xDD,0x8A}},
    {REGFLAG_CMD, 2, {0xDE,0x02}},
    {REGFLAG_CMD, 2, {0xDF,0x43}},
    {REGFLAG_CMD, 2, {0xE0,0x01}},
    {REGFLAG_CMD, 2, {0xE1,0xE1}},
    {REGFLAG_CMD, 91, {0xCF,0x00,0x00,0x00,0x00,0x00,0x00,0x08,0x88,0x88,0x00,0x00,0x00,0x00,0x00,0x00,0x00,0x00,0x00,0x00,0x34,0x34,0x34,0x34,0x34,0x08,0x88,0x88,0x00,0x00,0x00,0x00,0x00,0x00,0x00,0x00,0x00,0x00,0x34,0x34,0x34,0x34,0x34,0x08,0x88,0x88,0x00,0x00,0x00,0x00,0x00,0x00,0x00,0x00,0x00,0x00,0x14,0x14,0x14,0x14,0x14,0x08,0x88,0x88,0x00,0x00,0x00,0x00,0x00,0x00,0x00,0x00,0x00,0x00,0x14,0x14,0x14,0x14,0x14,0x08,0x88,0x88,0x00,0x00,0x00,0x00,0x00,0x00,0x00,0x00,0x00}},
    {REGFLAG_CMD, 91, {0xD0,0x00,0x00,0x00,0x00,0x00,0x00,0x08,0x88,0x88,0x00,0x00,0x00,0x00,0x00,0x00,0x00,0x00,0x00,0x00,0x0B,0x0B,0x0B,0x0B,0x0B,0x08,0x88,0x88,0x00,0x00,0x00,0x00,0x00,0x00,0x00,0x00,0x00,0x00,0x0B,0x0B,0x0B,0x0B,0x0B,0x08,0x88,0x88,0x00,0x00,0x00,0x00,0x00,0x00,0x00,0x00,0x00,0x00,0x05,0x05,0x05,0x05,0x05,0x08,0x88,0x88,0x00,0x00,0x00,0x00,0x00,0x00,0x00,0x00,0x00,0x00,0x05,0x05,0x05,0x05,0x05,0x08,0x88,0x88,0x00,0x00,0x00,0x00,0x00,0x00,0x00,0x00,0x00}},
};

struct LCM_setting_table dsi_on_cmd_sdc60_1pulse[] = {
    {REGFLAG_CMD, 4, {0xFF,0x5A,0xA5,0x01}},
    {REGFLAG_CMD, 2, {0xFB,0x08}}, // Multi TE
    {REGFLAG_CMD, 4, {0xFF,0x5A,0xA5,0x03}},
    {REGFLAG_CMD, 6, {0x90,0x01,0x80,0x21,0x40,0x35}},
    {REGFLAG_CMD, 4, {0xFF,0x5A,0xA5,0x08}},
    {REGFLAG_CMD, 2, {0xC8,0x62}}, // Sleep out don't reload
    {REGFLAG_CMD, 4, {0xFF,0x5A,0xA5,0x20}},
    {REGFLAG_CMD, 2, {0xBA,0x04}},
    {REGFLAG_CMD, 2, {0xBB,0x05}},
    {REGFLAG_CMD, 2, {0xBC,0x07}},
    {REGFLAG_CMD, 2, {0xBD,0x06}},
    {REGFLAG_CMD, 4, {0xFF,0x5A,0xA5,0x21}},
    {REGFLAG_CMD, 2, {0xA4,0x18}}, // Flash reload enable
    // shift TE
    {REGFLAG_CMD, 4, {0xFF,0x5A,0xA5,0x02}},
    {REGFLAG_CMD, 3, {0xAB,0xAF,0x82}},
    {REGFLAG_CMD, 2, {0xC0,0x03}},
    {REGFLAG_CMD, 9, {0xB0,0x00,0x80,0x00,0x10,0x00,0x00,0x00,0x00}},
    {REGFLAG_CMD, 4, {0xFF,0x5A,0xA5,0x00}},
    // PPS setting
    {REGFLAG_CMD, 4, {0xFF,0x5A,0xA5,0x07}},
    {REGFLAG_CMD, 2, {0x8A,0x01}}, // PPS Enable
    {REGFLAG_CMD, 3, {0x8B,0x21,0xE0}}, // PPS Table
    {REGFLAG_CMD, 100, {0x81,0x00,0x00,0x00,0x00,0x00,0x12,0x00,0x00,0xAB,0x30,0x80,0x0A,0xDC,0x04,0xF0,0x00,0x14,0x02,0x78,0x02,0x78,0x02,0x00,0x02,0x57,0x00,0x20,0x01,0xF8,0x00,0x08,0x00,0x0D,0x05,0x7A,0x04,0x4F,0x18,0x00,0x10,0xE0,0x07,0x10,0x20,0x00,0x06,0x0F,0x0F,0x33,0x0E,0x1C,0x2A,0x38,0x46,0x54,0x62,0x69,0x70,0x77,0x79,0x7B,0x7D,0x7E,0x02,0x02,0x22,0x00,0x2A,0x40,0x2A,0xBE,0x3A,0xFC,0x3A,0xFA,0x3A,0xF8,0x3B,0x38,0x3B,0x78,0x3B,0xB6,0x4B,0xB6,0x4B,0xF4,0x4B,0xF4,0x6C,0x34,0x84,0x74,0x00,0x00,0x00,0x00,0x00,0x00}},
    // ffc setting
    {REGFLAG_CMD, 4, {0xFF,0x5A,0xA5,0x22}},
    {REGFLAG_CMD, 8, {0xD8,0x00,0xC4,0x11,0x10,0x32,0x12,0x12}},
    {REGFLAG_CMD, 8, {0xD9,0x00,0xC4,0x11,0x10,0x32,0x12,0x12}},
    {REGFLAG_CMD, 8, {0xDA,0x00,0xC4,0x11,0x10,0x32,0x12,0x12}},
    {REGFLAG_CMD, 8, {0xDB,0x00,0xC4,0x11,0x10,0x32,0x12,0x12}},
    {REGFLAG_CMD, 10, {0xDC,0x84,0x94,0xBB,0x00,0x20,0xC4,0xA1,0xCC,0x10}},
    {REGFLAG_CMD, 2, {0xDD,0x01}},
    {REGFLAG_CMD, 2, {0xDE,0xF1}},
    {REGFLAG_CMD, 2, {0xDF,0x80}},
    {REGFLAG_CMD, 8, {0xE0,0x02,0x00,0x5F,0x21,0x00,0x28,0x00}},
    {REGFLAG_CMD, 4, {0xFF,0x5A,0xA5,0x00}},
    // PAGE 2D
    {REGFLAG_CMD, 4, {0xFF,0x5A,0xA5,0x2D}},
    {REGFLAG_CMD, 2, {0xCE,0xD4}},
    {REGFLAG_CMD, 4, {0xEC,0x01,0xFF,0xFF}},
    {REGFLAG_CMD, 3, {0xED,0x55,0x05}},
    {REGFLAG_CMD, 3, {0x93,0xA0,0x00}},
    {REGFLAG_CMD, 3, {0x94,0x00,0x00}},
    {REGFLAG_CMD, 3, {0x88,0x01,0x00}},
    {REGFLAG_CMD, 2, {0xD2,0x06}},
    {REGFLAG_CMD, 4, {0xFF,0x5A,0xA5,0x00}},
    {REGFLAG_CMD, 2, {0x5E,0x01}},
    {REGFLAG_CMD, 2, {0x60,0x00}},
    {REGFLAG_CMD, 2, {0x61,0x07}},
    {REGFLAG_CMD, 2, {0x6D,0x01}},
    {REGFLAG_CMD, 2, {0x6E,0x00}},
    {REGFLAG_CMD, 2, {0x35,0x00}},
    {REGFLAG_CMD, 2, {0x53,0x20}},
    {REGFLAG_CMD, 2, {0x5A,0x01}},
    {REGFLAG_CMD, 2, {0x5B,0x80}},
    {REGFLAG_CMD, 4, {0xFF,0x5A,0xA5,0x4E}},
    {REGFLAG_CMD, 5, {0xCD,0x00,0x00,0x00,0x00}},
    {REGFLAG_CMD, 5, {0xCE,0x00,0x00,0x00,0x00}},
    {REGFLAG_CMD, 4, {0xFF,0x5A,0xA5,0x06}},
    {REGFLAG_CMD, 2, {0xA0,0x00}},
    // Skip Frame Decreasing Step
    {REGFLAG_CMD, 4, {0xFF,0x5A,0xA5,0x2D}},
    {REGFLAG_CMD, 3, {0x93,0xA0,0x00}},
    {REGFLAG_CMD, 4, {0xEC,0x01,0xFF,0xFF}},
    {REGFLAG_CMD, 3, {0xED,0x55,0x05}},
    {REGFLAG_CMD, 2, {0x97,0x02}},
    {REGFLAG_CMD, 3, {0x98,0x03,0x00}},
    {REGFLAG_CMD, 3, {0x99,0x0B,0x00}},
    {REGFLAG_CMD, 3, {0x9A,0x17,0x00}},
    {REGFLAG_CMD, 3, {0x9B,0x00,0x00}},
    {REGFLAG_CMD, 5, {0xA0,0x00,0x01,0x00,0x00}},
    {REGFLAG_CMD, 5, {0xA1,0x02,0x00,0x00,0x00}},
    {REGFLAG_CMD, 2, {0xB1,0x02}},
    {REGFLAG_CMD, 3, {0xB2,0x02,0x00}},
    {REGFLAG_CMD, 3, {0xB3,0x08,0x00}},
    {REGFLAG_CMD, 3, {0xB4,0x11,0x00}},
    {REGFLAG_CMD, 3, {0xB5,0x00,0x00}},
    {REGFLAG_CMD, 3, {0xBA,0x00,0x01}},
    {REGFLAG_CMD, 3, {0xBB,0x02,0x00}},
    // Voltage tie point DBV579
    {REGFLAG_CMD, 4, {0xFF,0x5A,0xA5,0x29}},
    {REGFLAG_CMD, 9, {0x93,0x0F,0xFF,0x0F,0xFE,0x0D,0xBB,0x07,0x52}},
    {REGFLAG_CMD, 9, {0x94,0x06,0xDC,0x06,0xDB,0x06,0x66,0x06,0x65}},
    {REGFLAG_CMD, 9, {0x95,0x05,0xF0,0x05,0xEF,0x05,0x79,0x05,0x78}},
    {REGFLAG_CMD, 9, {0x96,0x05,0x02,0x05,0x01,0x04,0x8C,0x04,0x8B}},
    {REGFLAG_CMD, 9, {0x97,0x04,0x8A,0x04,0x76,0x03,0xE6,0x02,0xCB}},
    {REGFLAG_CMD, 9, {0x98,0x02,0x43,0x01,0xE1,0x01,0x38,0x00,0x9E}},
    {REGFLAG_CMD, 9, {0x99,0x00,0x01,0x00,0x00,0x00,0x00,0x00,0x00}},
    {REGFLAG_CMD, 5, {0x9A,0x00,0x00,0x00,0x00}},
    {REGFLAG_CMD, 4, {0xFF,0x5A,0xA5,0x0B}},
    {REGFLAG_CMD, 2, {0xD1,0x8C}},
    {REGFLAG_CMD, 4, {0xFF,0x5A,0xA5,0x00}},
    // crosstalk optimization
    {REGFLAG_CMD, 4, {0xFF,0x5A,0xA5,0x31}},
    {REGFLAG_CMD, 2, {0xA0,0xA3}},
    {REGFLAG_CMD, 2, {0xA3,0x00}},
    {REGFLAG_CMD, 2, {0x9F,0x06}},
    {REGFLAG_CMD, 11, {0x90,0x02,0x03,0x04,0x07,0x09,0x02,0x03,0x04,0x07,0x09}},
    {REGFLAG_CMD, 25, {0x8C,0x40,0x30,0x20,0x19,0x10,0x08,0x12,0x00,0x00,0x00,0x00,0x00,0x00,0x00,0x00,0x00,0x00,0x00,0x00,0x00,0x00,0x00,0x00,0x00}},
    {REGFLAG_CMD, 26, {0x8D,0x30,0x28,0x14,0x10,0x09,0x08,0x02,0x00,0x00,0x00,0x00,0x00,0x00,0x00,0x00,0x00,0x00,0x00,0x00,0x00,0x00,0x00,0x00,0x00,0x00}},
    {REGFLAG_CMD, 7, {0x91,0x30,0x44,0x44,0x04,0x08,0x0C}},
    {REGFLAG_CMD, 7, {0x92,0x30,0x44,0x44,0x04,0x08,0x0C}},
    {REGFLAG_CMD, 7, {0x93,0x30,0x44,0x44,0x04,0x08,0x0C}},
    {REGFLAG_CMD, 2, {0xA6,0x00}},
    {REGFLAG_CMD, 2, {0xA7,0x10}},
    {REGFLAG_CMD, 2, {0xA8,0x00}},
    {REGFLAG_CMD, 2, {0xA9,0x10}},
    {REGFLAG_CMD, 2, {0xAA,0x00}},
    {REGFLAG_CMD, 2, {0xAB,0x10}},
    {REGFLAG_CMD, 2, {0xD0,0x81}},
    {REGFLAG_CMD, 19, {0x80,0xF0,0x6B,0x45,0x19,0x02,0xFE,0xE7,0xBB,0x95,0xE0,0x0C,0x05,0x02,0x00,0x00,0xFE,0xFE,0xF4}},
    {REGFLAG_CMD, 19, {0x81,0xF0,0x53,0x35,0x14,0x02,0xFE,0xEC,0xCB,0xAD,0xE0,0x0A,0x04,0x01,0x00,0x00,0xFF,0xFF,0xFD}},
    {REGFLAG_CMD, 19, {0x82,0xF0,0x43,0x2B,0x10,0x02,0xFE,0xF0,0xD5,0xBD,0xE0,0x06,0x04,0x01,0x00,0x00,0xFF,0xFF,0xFE}},
    {REGFLAG_CMD, 19, {0x83,0xF0,0x59,0x3A,0x15,0x02,0xFE,0xEB,0xC6,0xA7,0xE0,0x05,0x02,0x01,0x00,0x00,0xFF,0xFF,0xFE}},
    {REGFLAG_CMD, 19, {0x84,0xF0,0x46,0x2D,0x11,0x02,0xFE,0xEF,0xD3,0xBA,0xE0,0x03,0x01,0x01,0x00,0x00,0xFF,0xFF,0xFF}},
    {REGFLAG_CMD, 19, {0x85,0xF0,0x36,0x23,0x0D,0x02,0xFE,0xF3,0xDD,0xCA,0xE0,0x02,0x01,0x01,0x00,0x00,0xFF,0xFF,0xFF}},
    {REGFLAG_CMD, 19, {0x86,0xF0,0x6B,0x45,0x19,0x02,0xFE,0xE7,0xBB,0x95,0xE0,0x0C,0x05,0x02,0x00,0x00,0xFE,0xFE,0xF4}},
    {REGFLAG_CMD, 19, {0x87,0xF0,0x53,0x35,0x14,0x02,0xFE,0xEC,0xCB,0xAD,0xE0,0x0A,0x04,0x01,0x00,0x00,0xFF,0xFF,0xFD}},
    {REGFLAG_CMD, 19, {0x88,0xF0,0x43,0x2B,0x10,0x02,0xFE,0xF0,0xD5,0xBD,0xE0,0x06,0x04,0x01,0x00,0x00,0xFF,0xFF,0xFE}},
    {REGFLAG_CMD, 19, {0x89,0xF0,0x59,0x3A,0x15,0x02,0xFE,0xEB,0xC6,0xA7,0xE0,0x05,0x02,0x01,0x00,0x00,0xFF,0xFF,0xFE}},
    {REGFLAG_CMD, 19, {0x8A,0xF0,0x46,0x2D,0x11,0x02,0xFE,0xEF,0xD3,0xBA,0xE0,0x03,0x01,0x01,0x00,0x00,0xFF,0xFF,0xFF}},
    {REGFLAG_CMD, 19, {0x8B,0xF0,0x36,0x23,0x0D,0x02,0xFE,0xF3,0xDD,0xCA,0xE0,0x02,0x01,0x01,0x00,0x00,0xFF,0xFF,0xFF}},
    {REGFLAG_CMD, 2, {0xD0,0x80}},
    {REGFLAG_CMD, 4, {0xFF,0x5A,0xA5,0x2B}},
    {REGFLAG_CMD, 5, {0xA8,0x0F,0x00,0xFE,0xF7}},
    {REGFLAG_CMD, 5, {0xA9,0x3F,0xF6,0xF6,0xFC}},
    {REGFLAG_CMD, 5, {0xAA,0x3F,0xF8,0xD7,0xB8}},
    {REGFLAG_CMD, 5, {0xAB,0x03,0x00,0x00,0xFD}},
    {REGFLAG_CMD, 5, {0xAC,0x3F,0xF9,0xF7,0xF9}},
    {REGFLAG_CMD, 5, {0xAD,0x3F,0xF6,0xE4,0xD2}},
    {REGFLAG_CMD, 5, {0xAE,0x00,0x00,0x00,0x00}},
    {REGFLAG_CMD, 5, {0xAF,0x3F,0xFC,0xF8,0xF6}},
    {REGFLAG_CMD, 5, {0xB0,0x3F,0xF4,0xF0,0xEC}},
    {REGFLAG_CMD, 5, {0xB1,0x00,0x00,0x00,0x00}},
    {REGFLAG_CMD, 5, {0xB2,0x0F,0x00,0xFC,0xF9}},
    {REGFLAG_CMD, 5, {0xB3,0x3F,0xFA,0xF6,0xF2}},
    {REGFLAG_CMD, 5, {0xB4,0x00,0x00,0x00,0x00}},
    {REGFLAG_CMD, 5, {0xB5,0x03,0x00,0x00,0xFD}},
    {REGFLAG_CMD, 5, {0xB6,0x3F,0xF9,0xF5,0xF2}},
    {REGFLAG_CMD, 5, {0xB7,0x00,0x00,0x00,0x00}},
    {REGFLAG_CMD, 5, {0xB8,0x00,0x00,0x00,0x00}},
    {REGFLAG_CMD, 5, {0xB9,0x0F,0x01,0xFA,0xF2}},
    {REGFLAG_CMD, 5, {0xBA,0x00,0x00,0x00,0x00}},
    {REGFLAG_CMD, 5, {0xBB,0x00,0x00,0x00,0x00}},
    {REGFLAG_CMD, 5, {0xBC,0x00,0x00,0x04,0x08}},
    {REGFLAG_CMD, 5, {0xBD,0x00,0x00,0x00,0x00}},
    {REGFLAG_CMD, 5, {0xBE,0x00,0x00,0x00,0x00}},
    {REGFLAG_CMD, 5, {0xBF,0x00,0x00,0x00,0x00}},
    {REGFLAG_CMD, 5, {0xC0,0x00,0x00,0x00,0x00}},
    {REGFLAG_CMD, 5, {0xC1,0x00,0x00,0x00,0x00}},
    {REGFLAG_CMD, 5, {0xC2,0x00,0x00,0x00,0x00}},
    {REGFLAG_CMD, 5, {0xC3,0x0F,0x00,0xFB,0xF9}},
    {REGFLAG_CMD, 5, {0xC4,0x3F,0xF5,0xED,0xF0}},
    {REGFLAG_CMD, 5, {0xC5,0x3F,0xF2,0xEC,0xE5}},
    {REGFLAG_CMD, 5, {0xC6,0x03,0x00,0x00,0xFC}},
    {REGFLAG_CMD, 5, {0xC7,0x3F,0xF9,0xF5,0xF5}},
    {REGFLAG_CMD, 5, {0xC8,0x3F,0xF3,0xEE,0xEA}},
    {REGFLAG_CMD, 5, {0xC9,0x00,0x00,0x00,0x00}},
    {REGFLAG_CMD, 5, {0xCA,0x3F,0xFD,0xFD,0xF9}},
    {REGFLAG_CMD, 5, {0xCB,0x3F,0xF4,0xF1,0xEE}},
    {REGFLAG_CMD, 5, {0xCC,0x00,0x00,0x00,0x00}},
    {REGFLAG_CMD, 5, {0xCD,0x0F,0x00,0xFE,0xFE}},
    {REGFLAG_CMD, 5, {0xCE,0x3F,0xF8,0xF6,0xF4}},
    {REGFLAG_CMD, 5, {0xCF,0x00,0x00,0x00,0x00}},
    {REGFLAG_CMD, 5, {0xD0,0x00,0x00,0x00,0x01}},
    {REGFLAG_CMD, 5, {0xD1,0x3F,0xFA,0xFB,0xFD}},
    {REGFLAG_CMD, 5, {0xD2,0x00,0x00,0x00,0x00}},
    {REGFLAG_CMD, 5, {0xD3,0x00,0x00,0x00,0x00}},
    {REGFLAG_CMD, 5, {0xD4,0x3F,0xFF,0xFC,0xFA}},
    {REGFLAG_CMD, 5, {0xD5,0x00,0x00,0x00,0x00}},
    {REGFLAG_CMD, 5, {0xD6,0x00,0x00,0x00,0x00}},
    {REGFLAG_CMD, 5, {0xD7,0x0F,0x00,0xFD,0xFB}},
    {REGFLAG_CMD, 5, {0xD8,0x00,0x00,0x00,0x00}},
    {REGFLAG_CMD, 5, {0xD9,0x00,0x00,0x00,0x00}},
    {REGFLAG_CMD, 5, {0xDA,0x00,0x00,0x00,0x00}},
    {REGFLAG_CMD, 5, {0xDB,0x00,0x00,0x00,0x00}},
    {REGFLAG_CMD, 5, {0xDC,0x00,0x00,0x00,0x00}},
    {REGFLAG_CMD, 5, {0xDD,0x00,0x00,0x00,0x00}},
    {REGFLAG_CMD, 5, {0xDE,0x0F,0x00,0xFA,0xFE}},
    {REGFLAG_CMD, 5, {0xDF,0x3F,0xFA,0xF7,0xF2}},
    {REGFLAG_CMD, 5, {0xE0,0x3F,0xF3,0xEE,0xEA}},
    {REGFLAG_CMD, 5, {0xE1,0x03,0x00,0x00,0xFC}},
    {REGFLAG_CMD, 5, {0xE2,0x3F,0xFB,0xF9,0xF6}},
    {REGFLAG_CMD, 5, {0xE3,0x3F,0xF5,0xF3,0xF0}},
    {REGFLAG_CMD, 5, {0xE4,0x00,0x00,0x00,0x00}},
    {REGFLAG_CMD, 5, {0xE5,0x3F,0xFC,0xFB,0xFA}},
    {REGFLAG_CMD, 5, {0xE6,0x3F,0xF8,0xF7,0xF6}},
    {REGFLAG_CMD, 5, {0xE7,0x00,0x00,0x00,0x00}},
    {REGFLAG_CMD, 5, {0xE8,0x0F,0x00,0xFE,0xFA}},
    {REGFLAG_CMD, 5, {0xE9,0x3F,0xF7,0xFA,0xFE}},
    {REGFLAG_CMD, 5, {0xEA,0x00,0x00,0x00,0x00}},
    {REGFLAG_CMD, 5, {0xEB,0x03,0x00,0x00,0xFC}},
    {REGFLAG_CMD, 5, {0xEC,0x3F,0xFA,0xFC,0xFE}},
    {REGFLAG_CMD, 5, {0xED,0x00,0x00,0x00,0x00}},
    {REGFLAG_CMD, 5, {0xEE,0x00,0x00,0x00,0x00}},
    {REGFLAG_CMD, 5, {0xEF,0x3F,0xFE,0xFD,0xFC}},
    {REGFLAG_CMD, 5, {0xF0,0x00,0x00,0x00,0x00}},
    {REGFLAG_CMD, 5, {0xF1,0x00,0x00,0x00,0x00}},
    {REGFLAG_CMD, 5, {0xF2,0x0F,0x00,0xFE,0xFC}},
    {REGFLAG_CMD, 5, {0xF3,0x00,0x00,0x00,0x00}},
    {REGFLAG_CMD, 5, {0xF4,0x00,0x00,0x00,0x00}},
    {REGFLAG_CMD, 5, {0xF5,0x00,0x00,0x00,0x00}},
    {REGFLAG_CMD, 5, {0xF6,0x00,0x00,0x00,0x00}},
    {REGFLAG_CMD, 5, {0xF7,0x00,0x00,0x00,0x00}},
    {REGFLAG_CMD, 5, {0xF8,0x00,0x00,0x00,0x00}},
    {REGFLAG_CMD, 4, {0xFF,0x5A,0xA5,0x07}},
    {REGFLAG_CMD, 7, {0xE0,0x03,0xA9,0x06,0xDD,0x07,0xFF}},
    {REGFLAG_CMD, 9, {0xE3,0xAA,0x99,0x88,0x88,0x88,0x88,0x77,0x66}},
    {REGFLAG_CMD, 4, {0xE4,0x40,0x40,0x40}},
    {REGFLAG_CMD, 2, {0xE5,0x05}},
    {REGFLAG_CMD, 4, {0xE6,0x00,0x00,0x00}},
    {REGFLAG_CMD, 2, {0xE7,0xFF}},
    {REGFLAG_CMD, 12, {0xE8,0x01,0x00,0x00,0x20,0x40,0x60,0x80,0xA0,0xC0,0xE0,0x00}},
    {REGFLAG_CMD, 4, {0xFF,0x5A,0xA5,0x00}},
    // 3 to 1
    {REGFLAG_CMD, 4, {0xFF,0x5A,0xA5,0x0B}},
    {REGFLAG_CMD, 2, {0xA0,0x05}},
    {REGFLAG_CMD, 4, {0xFF,0x5A,0xA5,0x23}},
    {REGFLAG_CMD, 2, {0x8D,0x48}},
    {REGFLAG_CMD, 4, {0xFF,0x5A,0xA5,0x24}},
    {REGFLAG_CMD, 9, {0xAC,0x0F,0xFE,0x0D,0xBB,0x07,0x52,0x04,0x8B}},
    {REGFLAG_CMD, 9, {0xAD,0x04,0x8A,0x02,0xCB,0x01,0xE1,0x00,0x01}},
    {REGFLAG_CMD, 9, {0xAE,0x00,0x00,0x00,0x00,0x00,0x00,0x00,0x00}},
    {REGFLAG_CMD, 26, {0xD0,0x0F,0xFE,0x0D,0xBB,0x07,0x52,0x04,0x8B,0x04,0x8A,0x02,0xCB,0x01,0xE1,0x00,0x01,0x00,0x00,0x00,0x00,0x00,0x00,0x00,0x00,0x00}},
    {REGFLAG_CMD, 26, {0xD1,0x0F,0xFE,0x0D,0xBB,0x07,0x52,0x04,0x8B,0x04,0x8A,0x02,0xCB,0x01,0xE1,0x00,0x01,0x00,0x00,0x00,0x00,0x00,0x00,0x00,0x00,0x00}},
    {REGFLAG_CMD, 4, {0xFF,0x5A,0xA5,0x02}}, // PAGE 2
    {REGFLAG_CMD, 10, {0xE5,0x09,0x0B,0x0B,0x0D,0x55,0x0D,0x32,0x32,0x32}},
    {REGFLAG_CMD, 3, {0xE7,0x33,0x25}}, // DFR1 VGHL 1H AVEE 4H
    {REGFLAG_CMD, 3, {0xE8,0x33,0x25}}, // DFR2 VGHL 1H AVEE 4H
    {REGFLAG_CMD, 3, {0xE9,0x33,0x25}}, // DFR3 VGHL 1H AVEE 4H
    {REGFLAG_CMD, 4, {0xFF,0x5A,0xA5,0x05}}, // PAGE 5
    {REGFLAG_CMD, 15, {0xCA,0x1D,0x1F,0x1F,0x1F,0x1F,0x00,0x00,0x22,0x1B,0x1B,0x1B,0x18,0x19,0x19}},
    {REGFLAG_CMD, 4, {0xFF,0x5A,0xA5,0x00}},
    {REGFLAG_CMD, 1, {0x11}},
    {REGFLAG_DELAY, 120, {}}, // Delay 120ms
    {REGFLAG_CMD, 4, {0xFF,0x5A,0xA5,0x51}},
    {REGFLAG_CMD, 7, {0x80,0xD4,0xD4,0xD4,0xD4,0x22,0x22}},
    {REGFLAG_CMD, 7, {0x81,0xD4,0xD4,0xD4,0xD4,0x22,0x22}},
    {REGFLAG_CMD, 7, {0x82,0xD4,0xD4,0xD4,0xD4,0x22,0x22}},
    {REGFLAG_CMD, 7, {0x83,0xD4,0xD4,0xD4,0xD4,0x22,0x22}},
    {REGFLAG_CMD, 7, {0x84,0xD4,0xD4,0xD4,0xD4,0x22,0x22}},
    {REGFLAG_CMD, 7, {0x85,0xD4,0xD4,0xD4,0xD4,0x22,0x22}},
    {REGFLAG_CMD, 7, {0x86,0xD4,0xD4,0xD4,0xD4,0x22,0x22}},
    {REGFLAG_CMD, 7, {0x87,0xD4,0xD4,0x00,0x00,0x22,0x00}},
    {REGFLAG_CMD, 7, {0xA0,0xD4,0xD4,0xD4,0xD4,0x22,0x22}},
    {REGFLAG_CMD, 7, {0xA1,0xD4,0xD4,0xD4,0xD4,0x22,0x22}},
    {REGFLAG_CMD, 7, {0xA2,0xD4,0xD4,0xD4,0xD4,0x22,0x22}},
    {REGFLAG_CMD, 7, {0xA3,0xD4,0xD4,0xD4,0xD4,0x22,0x22}},
    {REGFLAG_CMD, 7, {0xA4,0xD4,0xD4,0xD4,0xD4,0x22,0x22}},
    {REGFLAG_CMD, 7, {0xA5,0xD4,0xD4,0xD4,0xD4,0x22,0x22}},
    {REGFLAG_CMD, 7, {0xA6,0xD4,0xD4,0xD4,0xD4,0x22,0x22}},
    {REGFLAG_CMD, 7, {0xA7,0xD4,0xD4,0x00,0x00,0x22,0x00}},
    {REGFLAG_CMD, 7, {0xC0,0x9A,0x4A,0xF0,0xAA,0x11,0x00}},
    {REGFLAG_CMD, 7, {0xC1,0xAA,0xA5,0xA5,0xA0,0x00,0x00}},
    {REGFLAG_CMD, 7, {0xC2,0xA0,0x9B,0x9B,0x96,0x00,0x00}},
    {REGFLAG_CMD, 7, {0xC3,0x96,0x91,0x91,0x8C,0x00,0x00}},
    {REGFLAG_CMD, 7, {0xC4,0x6E,0x6E,0x6E,0x6E,0x00,0x00}},
    {REGFLAG_CMD, 7, {0xC5,0x6E,0x6E,0x6E,0x6E,0x00,0x00}},
    {REGFLAG_CMD, 7, {0xC6,0x6E,0x6E,0x6E,0x6E,0x00,0x00}},
    {REGFLAG_CMD, 7, {0xC7,0x6E,0x6E,0x00,0x00,0x00,0x00}},
    {REGFLAG_CMD, 4, {0xFF,0x5A,0xA5,0x52}},
    {REGFLAG_CMD, 7, {0x80,0x9A,0x4A,0xF0,0xAA,0x11,0x00}},
    {REGFLAG_CMD, 7, {0x81,0xAA,0xA5,0xA5,0xA0,0x00,0x00}},
    {REGFLAG_CMD, 7, {0x82,0xA0,0x9B,0x9B,0x96,0x00,0x00}},
    {REGFLAG_CMD, 7, {0x83,0x96,0x91,0x91,0x8C,0x00,0x00}},
    {REGFLAG_CMD, 7, {0x84,0x6E,0x6E,0x6E,0x6E,0x00,0x00}},
    {REGFLAG_CMD, 7, {0x85,0x6E,0x6E,0x6E,0x6E,0x00,0x00}},
    {REGFLAG_CMD, 7, {0x86,0x6E,0x6E,0x6E,0x6E,0x00,0x00}},
    {REGFLAG_CMD, 7, {0x87,0x6E,0x6E,0x00,0x00,0x00,0x00}},
    {REGFLAG_CMD, 7, {0xA0,0x54,0x54,0x54,0x54,0x11,0x11}},
    {REGFLAG_CMD, 7, {0xA1,0x54,0x54,0x54,0x54,0x11,0x11}},
    {REGFLAG_CMD, 7, {0xA2,0x54,0x54,0x54,0x54,0x11,0x11}},
    {REGFLAG_CMD, 7, {0xA3,0x54,0x54,0x54,0x54,0x11,0x11}},
    {REGFLAG_CMD, 7, {0xA4,0x54,0x54,0x54,0x54,0x11,0x11}},
    {REGFLAG_CMD, 7, {0xA5,0x54,0x54,0x54,0x54,0x11,0x11}},
    {REGFLAG_CMD, 7, {0xA6,0x54,0x54,0x54,0x54,0x11,0x11}},
    {REGFLAG_CMD, 7, {0xA7,0x54,0x54,0x00,0x00,0x11,0x00}},
    {REGFLAG_CMD, 7, {0xC0,0x54,0x54,0x54,0x54,0x11,0x11}},
    {REGFLAG_CMD, 7, {0xC1,0x54,0x54,0x54,0x54,0x11,0x11}},
    {REGFLAG_CMD, 7, {0xC2,0x54,0x54,0x54,0x54,0x11,0x11}},
    {REGFLAG_CMD, 7, {0xC3,0x54,0x54,0x54,0x54,0x11,0x11}},
    {REGFLAG_CMD, 7, {0xC4,0x54,0x54,0x54,0x54,0x11,0x11}},
    {REGFLAG_CMD, 7, {0xC5,0x54,0x54,0x54,0x54,0x11,0x11}},
    {REGFLAG_CMD, 7, {0xC6,0x54,0x54,0x54,0x54,0x11,0x11}},
    {REGFLAG_CMD, 7, {0xC7,0x54,0x54,0x00,0x00,0x11,0x00}},
    {REGFLAG_CMD, 4, {0xFF,0x5A,0xA5,0x00}},
    {REGFLAG_CMD, 4, {0xFF,0x5A,0xA5,0x49}},
    {REGFLAG_CMD, 12, {0x80,0x00,0x08,0x10,0x20,0x40,0x80,0xC0,0xE0,0x00,0x00,0x01}},
    {REGFLAG_CMD, 17, {0x81,0x00,0x00,0xF0,0x00,0x65,0x01,0xF3,0x01,0x44,0x02,0x45,0x02,0xA9,0x03,0xDD,0x06}},
    {REGFLAG_CMD, 19, {0x82,0x00,0x00,0xF0,0x00,0x65,0x01,0xF3,0x01,0x44,0x02,0x45,0x02,0xA9,0x03,0xDD,0x06,0xDD,0x06}},
    {REGFLAG_CMD, 2, {0x83,0x0A}},
    {REGFLAG_CMD, 2, {0x84,0x14}},
    {REGFLAG_CMD, 4, {0x85,0x80,0x00,0x02}},
    {REGFLAG_CMD, 4, {0x86,0x80,0x00,0x02}},
    {REGFLAG_CMD, 4, {0xA0,0x30,0x39,0x40}},
    {REGFLAG_CMD, 4, {0xA1,0x40,0x40,0x40}},
    {REGFLAG_CMD, 4, {0xA2,0x40,0x40,0x40}},
    {REGFLAG_CMD, 4, {0xA3,0x1E,0x5A,0x78}},
    {REGFLAG_CMD, 2, {0xA4,0x59}},
    {REGFLAG_CMD, 2, {0xA5,0x80}},
    {REGFLAG_CMD, 2, {0xA6,0x3F}},
    {REGFLAG_CMD, 2, {0xA7,0x0B}},
    {REGFLAG_CMD, 2, {0xAD,0x01}},
    {REGFLAG_CMD, 2, {0xAE,0x84}},
    {REGFLAG_CMD, 2, {0xAF,0x00}},
    {REGFLAG_CMD, 2, {0xD9,0x02}},
    {REGFLAG_CMD, 2, {0xDA,0xF7}},
    {REGFLAG_CMD, 2, {0xDB,0x9C}},
    {REGFLAG_CMD, 2, {0xDC,0x03}},
    {REGFLAG_CMD, 2, {0xDF,0x06}},
    {REGFLAG_CMD, 2, {0xE0,0x01}},
    {REGFLAG_CMD, 4, {0xFF,0x5A,0xA5,0x5A}},
    {REGFLAG_CMD, 4, {0x80,0x00,0x00,0x00}},
    {REGFLAG_CMD, 4, {0x81,0x00,0x02,0x00}},
    {REGFLAG_CMD, 4, {0x82,0x00,0x00,0x00}},
    {REGFLAG_CMD, 4, {0x83,0x01,0x21,0x00}},
    {REGFLAG_CMD, 4, {0x84,0x07,0x07,0x00}},
    {REGFLAG_CMD, 4, {0x85,0x07,0x08,0x00}},
    {REGFLAG_CMD, 4, {0x86,0x15,0x21,0x0C}},
    {REGFLAG_CMD, 4, {0x87,0x0E,0x0C,0x01}},
    {REGFLAG_CMD, 4, {0x88,0x0C,0x0C,0x0B}},
    {REGFLAG_CMD, 4, {0x89,0x05,0x06,0x01}},
    {REGFLAG_CMD, 4, {0x8A,0x15,0x15,0x07}},
    {REGFLAG_CMD, 4, {0x8B,0x0B,0x08,0x07}},
    {REGFLAG_CMD, 4, {0x8C,0x0C,0x06,0x07}},
    {REGFLAG_CMD, 4, {0x8D,0x08,0x03,0x07}},
    {REGFLAG_CMD, 4, {0x8E,0x03,0x02,0x04}},
    {REGFLAG_CMD, 4, {0x8F,0x18,0x0B,0x0D}},
    {REGFLAG_CMD, 4, {0x90,0x0E,0x07,0x0A}},
    {REGFLAG_CMD, 4, {0x91,0x0D,0x08,0x0A}},
    {REGFLAG_CMD, 4, {0x92,0x0B,0x05,0x09}},
    {REGFLAG_CMD, 4, {0x93,0x08,0x04,0x08}},
    {REGFLAG_CMD, 4, {0x94,0x04,0x02,0x04}},
    {REGFLAG_CMD, 4, {0x95,0x18,0x1A,0x19}},
    {REGFLAG_CMD, 4, {0x96,0x15,0x16,0x14}},
    {REGFLAG_CMD, 4, {0x97,0x13,0x13,0x15}},
    {REGFLAG_CMD, 4, {0x98,0x10,0x11,0x12}},
    {REGFLAG_CMD, 4, {0x99,0x0C,0x0D,0x0D}},
    {REGFLAG_CMD, 4, {0x9A,0x07,0x08,0x09}},
    {REGFLAG_CMD, 4, {0x9B,0x02,0x03,0x03}},
    {REGFLAG_CMD, 4, {0x9C,0x1B,0x1C,0x1A}},
    {REGFLAG_CMD, 4, {0x9D,0x18,0x16,0x16}},
    {REGFLAG_CMD, 4, {0x9E,0x12,0x14,0x14}},
    {REGFLAG_CMD, 4, {0x9F,0x11,0x12,0x10}},
    {REGFLAG_CMD, 4, {0xA0,0x0B,0x0A,0x0C}},
    {REGFLAG_CMD, 4, {0xA1,0x07,0x08,0x08}},
    {REGFLAG_CMD, 4, {0xA2,0x03,0x03,0x02}},
    {REGFLAG_CMD, 4, {0xA3,0x01,0x01,0x01}},
    {REGFLAG_CMD, 4, {0xA4,0x00,0x02,0x00}},
    {REGFLAG_CMD, 4, {0xA5,0x00,0x0F,0x00}},
    {REGFLAG_CMD, 4, {0xA6,0x00,0x04,0x00}},
    {REGFLAG_CMD, 4, {0xA7,0x09,0x0C,0x00}},
    {REGFLAG_CMD, 4, {0xA8,0x04,0x05,0x01}},
    {REGFLAG_CMD, 4, {0xA9,0x02,0x03,0x01}},
    {REGFLAG_CMD, 4, {0xAA,0x08,0x08,0x02}},
    {REGFLAG_CMD, 4, {0xAB,0x03,0x02,0x03}},
    {REGFLAG_CMD, 4, {0xAC,0x03,0x01,0x02}},
    {REGFLAG_CMD, 4, {0xAD,0x01,0x00,0x00}},
    {REGFLAG_CMD, 4, {0xAE,0x0C,0x09,0x0A}},
    {REGFLAG_CMD, 4, {0xAF,0x08,0x06,0x07}},
    {REGFLAG_CMD, 4, {0xB0,0x07,0x05,0x05}},
    {REGFLAG_CMD, 4, {0xB1,0x05,0x05,0x05}},
    {REGFLAG_CMD, 4, {0xB2,0x03,0x03,0x03}},
    {REGFLAG_CMD, 4, {0xB3,0x14,0x15,0x11}},
    {REGFLAG_CMD, 4, {0xB4,0x0F,0x0F,0x0D}},
    {REGFLAG_CMD, 4, {0xB5,0x0E,0x0E,0x0C}},
    {REGFLAG_CMD, 4, {0xB6,0x0C,0x0D,0x0B}},
    {REGFLAG_CMD, 4, {0xB7,0x08,0x09,0x07}},
    {REGFLAG_CMD, 4, {0xB8,0x02,0x03,0x03}},
    {REGFLAG_CMD, 4, {0xB9,0x22,0x23,0x22}},
    {REGFLAG_CMD, 4, {0xBA,0x1C,0x1D,0x1C}},
    {REGFLAG_CMD, 4, {0xBB,0x15,0x16,0x15}},
    {REGFLAG_CMD, 4, {0xBC,0x13,0x14,0x13}},
    {REGFLAG_CMD, 4, {0xBD,0x0D,0x0E,0x0D}},
    {REGFLAG_CMD, 4, {0xBE,0x05,0x06,0x07}},
    {REGFLAG_CMD, 4, {0xBF,0x02,0x03,0x02}},
    {REGFLAG_CMD, 4, {0xC0,0x23,0x24,0x23}},
    {REGFLAG_CMD, 4, {0xC1,0x20,0x22,0x21}},
    {REGFLAG_CMD, 4, {0xC2,0x18,0x1A,0x19}},
    {REGFLAG_CMD, 4, {0xC3,0x15,0x16,0x14}},
    {REGFLAG_CMD, 4, {0xC4,0x10,0x12,0x10}},
    {REGFLAG_CMD, 4, {0xC5,0x09,0x09,0x09}},
    {REGFLAG_CMD, 4, {0xC6,0x04,0x04,0x04}},
    {REGFLAG_CMD, 4, {0xC7,0x02,0x02,0x02}},
    {REGFLAG_CMD, 4, {0xC8,0x00,0x00,0x00}},
    {REGFLAG_CMD, 4, {0xC9,0x00,0x00,0x00}},
    {REGFLAG_CMD, 4, {0xCA,0x00,0x00,0x00}},
    {REGFLAG_CMD, 4, {0xCB,0x02,0x08,0x02}},
    {REGFLAG_CMD, 4, {0xCC,0x01,0x01,0x00}},
    {REGFLAG_CMD, 4, {0xCD,0x01,0x01,0x00}},
    {REGFLAG_CMD, 4, {0xCE,0x16,0x37,0x0F}},
    {REGFLAG_CMD, 4, {0xCF,0x0C,0x0C,0x06}},
    {REGFLAG_CMD, 4, {0xD0,0x0A,0x09,0x01}},
    {REGFLAG_CMD, 4, {0xD1,0x07,0x07,0x06}},
    {REGFLAG_CMD, 4, {0xD2,0x21,0x1F,0x0A}},
    {REGFLAG_CMD, 4, {0xD3,0x10,0x10,0x05}},
    {REGFLAG_CMD, 4, {0xD4,0x0E,0x0E,0x04}},
    {REGFLAG_CMD, 4, {0xD5,0x0B,0x0A,0x01}},
    {REGFLAG_CMD, 4, {0xD6,0x06,0x04,0x03}},
    {REGFLAG_CMD, 4, {0xD7,0x1F,0x14,0x0F}},
    {REGFLAG_CMD, 4, {0xD8,0x11,0x0B,0x07}},
    {REGFLAG_CMD, 4, {0xD9,0x0E,0x0A,0x06}},
    {REGFLAG_CMD, 4, {0xDA,0x0C,0x09,0x05}},
    {REGFLAG_CMD, 4, {0xDB,0x09,0x06,0x05}},
    {REGFLAG_CMD, 4, {0xDC,0x02,0x02,0x02}},
    {REGFLAG_CMD, 4, {0xDD,0x1C,0x1C,0x1D}},
    {REGFLAG_CMD, 4, {0xDE,0x13,0x14,0x14}},
    {REGFLAG_CMD, 4, {0xDF,0x12,0x12,0x11}},
    {REGFLAG_CMD, 4, {0xE0,0x10,0x0F,0x11}},
    {REGFLAG_CMD, 4, {0xE1,0x0C,0x0D,0x0E}},
    {REGFLAG_CMD, 4, {0xE2,0x05,0x04,0x04}},
    {REGFLAG_CMD, 4, {0xE3,0x01,0x02,0x01}},
    {REGFLAG_CMD, 4, {0xE4,0x1F,0x20,0x0A}},
    {REGFLAG_CMD, 4, {0xE5,0x16,0x18,0x16}},
    {REGFLAG_CMD, 4, {0xE6,0x14,0x16,0x14}},
    {REGFLAG_CMD, 4, {0xE7,0x10,0x11,0x10}},
    {REGFLAG_CMD, 4, {0xE8,0x0C,0x0D,0x0C}},
    {REGFLAG_CMD, 4, {0xE9,0x09,0x0A,0x09}},
    {REGFLAG_CMD, 4, {0xEA,0x04,0x04,0x04}},
    {REGFLAG_CMD, 4, {0xEB,0x02,0x02,0x02}},
    {REGFLAG_CMD, 4, {0xFF,0x5A,0xA5,0x5B}},
    {REGFLAG_CMD, 4, {0x80,0x00,0x07,0x00}},
    {REGFLAG_CMD, 4, {0x81,0x04,0x05,0x00}},
    {REGFLAG_CMD, 4, {0x82,0x01,0x01,0x00}},
    {REGFLAG_CMD, 4, {0x83,0x03,0x03,0x01}},
    {REGFLAG_CMD, 4, {0x84,0x01,0x00,0x01}},
    {REGFLAG_CMD, 4, {0x85,0x00,0x00,0x00}},
    {REGFLAG_CMD, 4, {0x86,0x05,0x04,0x03}},
    {REGFLAG_CMD, 4, {0x87,0x03,0x02,0x02}},
    {REGFLAG_CMD, 4, {0x88,0x02,0x02,0x02}},
    {REGFLAG_CMD, 4, {0x89,0x01,0x01,0x01}},
    {REGFLAG_CMD, 4, {0x8A,0x0C,0x0E,0x0A}},
    {REGFLAG_CMD, 4, {0x8B,0x09,0x0A,0x08}},
    {REGFLAG_CMD, 4, {0x8C,0x08,0x09,0x07}},
    {REGFLAG_CMD, 4, {0x8D,0x06,0x07,0x05}},
    {REGFLAG_CMD, 4, {0x8E,0x02,0x03,0x02}},
    {REGFLAG_CMD, 4, {0x8F,0x17,0x18,0x15}},
    {REGFLAG_CMD, 4, {0x90,0x12,0x12,0x10}},
    {REGFLAG_CMD, 4, {0x91,0x10,0x10,0x0E}},
    {REGFLAG_CMD, 4, {0x92,0x0D,0x0D,0x0C}},
    {REGFLAG_CMD, 4, {0x93,0x07,0x07,0x07}},
    {REGFLAG_CMD, 4, {0x94,0x02,0x02,0x02}},
    {REGFLAG_CMD, 4, {0x95,0x22,0x23,0x23}},
    {REGFLAG_CMD, 4, {0x96,0x1C,0x1D,0x1D}},
    {REGFLAG_CMD, 4, {0x97,0x17,0x18,0x18}},
    {REGFLAG_CMD, 4, {0x98,0x13,0x14,0x14}},
    {REGFLAG_CMD, 4, {0x99,0x0D,0x0E,0x0E}},
    {REGFLAG_CMD, 4, {0x9A,0x04,0x05,0x05}},
    {REGFLAG_CMD, 4, {0x9B,0x02,0x02,0x02}},
    {REGFLAG_CMD, 4, {0x9C,0x24,0x26,0x23}},
    {REGFLAG_CMD, 4, {0x9D,0x20,0x24,0x21}},
    {REGFLAG_CMD, 4, {0x9E,0x1C,0x1D,0x1C}},
    {REGFLAG_CMD, 4, {0x9F,0x16,0x16,0x15}},
    {REGFLAG_CMD, 4, {0xA0,0x10,0x10,0x10}},
    {REGFLAG_CMD, 4, {0xA1,0x08,0x08,0x08}},
    {REGFLAG_CMD, 4, {0xA2,0x04,0x04,0x04}},
    {REGFLAG_CMD, 4, {0xA3,0x02,0x02,0x02}},
    {REGFLAG_CMD, 4, {0xA4,0x04,0x07,0x00}},
    {REGFLAG_CMD, 4, {0xA5,0x04,0x04,0x01}},
    {REGFLAG_CMD, 4, {0xA6,0x00,0x00,0x01}},
    {REGFLAG_CMD, 4, {0xA7,0x03,0x02,0x01}},
    {REGFLAG_CMD, 4, {0xA8,0x01,0x00,0x00}},
    {REGFLAG_CMD, 4, {0xA9,0x00,0x00,0x00}},
    {REGFLAG_CMD, 4, {0xAA,0x05,0x05,0x04}},
    {REGFLAG_CMD, 4, {0xAB,0x03,0x03,0x02}},
    {REGFLAG_CMD, 4, {0xAC,0x02,0x02,0x02}},
    {REGFLAG_CMD, 4, {0xAD,0x01,0x01,0x01}},
    {REGFLAG_CMD, 4, {0xAE,0x00,0x00,0x00}},
    {REGFLAG_CMD, 4, {0xAF,0x0A,0x0A,0x08}},
    {REGFLAG_CMD, 4, {0xB0,0x08,0x09,0x07}},
    {REGFLAG_CMD, 4, {0xB1,0x06,0x07,0x05}},
    {REGFLAG_CMD, 4, {0xB2,0x03,0x03,0x02}},
    {REGFLAG_CMD, 4, {0xB3,0x17,0x19,0x15}},
    {REGFLAG_CMD, 4, {0xB4,0x11,0x13,0x10}},
    {REGFLAG_CMD, 4, {0xB5,0x10,0x11,0x0E}},
    {REGFLAG_CMD, 4, {0xB6,0x0C,0x0D,0x0B}},
    {REGFLAG_CMD, 4, {0xB7,0x06,0x07,0x07}},
    {REGFLAG_CMD, 4, {0xB8,0x02,0x02,0x02}},
    {REGFLAG_CMD, 4, {0xB9,0x1E,0x1F,0x1F}},
    {REGFLAG_CMD, 4, {0xBA,0x19,0x19,0x18}},
    {REGFLAG_CMD, 4, {0xBB,0x16,0x16,0x15}},
    {REGFLAG_CMD, 4, {0xBC,0x12,0x13,0x13}},
    {REGFLAG_CMD, 4, {0xBD,0x0E,0x0F,0x0F}},
    {REGFLAG_CMD, 4, {0xBE,0x06,0x06,0x05}},
    {REGFLAG_CMD, 4, {0xBF,0x03,0x03,0x03}},
    {REGFLAG_CMD, 4, {0xC0,0x22,0x23,0x23}},
    {REGFLAG_CMD, 4, {0xC1,0x1F,0x20,0x20}},
    {REGFLAG_CMD, 4, {0xC2,0x1F,0x1E,0x1D}},
    {REGFLAG_CMD, 4, {0xC3,0x1A,0x1B,0x1C}},
    {REGFLAG_CMD, 4, {0xC4,0x14,0x15,0x15}},
    {REGFLAG_CMD, 4, {0xC5,0x08,0x08,0x08}},
    {REGFLAG_CMD, 4, {0xC6,0x04,0x04,0x04}},
    {REGFLAG_CMD, 4, {0xC7,0x02,0x02,0x02}},
    {REGFLAG_CMD, 4, {0xC8,0x00,0x07,0x00}},
    {REGFLAG_CMD, 4, {0xC9,0x03,0x03,0x01}},
    {REGFLAG_CMD, 4, {0xCA,0x00,0x00,0x00}},
    {REGFLAG_CMD, 4, {0xCB,0x04,0x03,0x01}},
    {REGFLAG_CMD, 4, {0xCC,0x01,0x00,0x00}},
    {REGFLAG_CMD, 4, {0xCD,0x00,0x00,0x00}},
    {REGFLAG_CMD, 4, {0xCE,0x04,0x03,0x01}},
    {REGFLAG_CMD, 4, {0xCF,0x02,0x01,0x00}},
    {REGFLAG_CMD, 4, {0xD0,0x01,0x01,0x01}},
    {REGFLAG_CMD, 4, {0xD1,0x00,0x00,0x00}},
    {REGFLAG_CMD, 4, {0xD2,0x06,0x06,0x05}},
    {REGFLAG_CMD, 4, {0xD3,0x03,0x02,0x03}},
    {REGFLAG_CMD, 4, {0xD4,0x03,0x02,0x03}},
    {REGFLAG_CMD, 4, {0xD5,0x02,0x02,0x02}},
    {REGFLAG_CMD, 4, {0xD6,0x00,0x00,0x00}},
    {REGFLAG_CMD, 4, {0xD7,0x0A,0x0A,0x09}},
    {REGFLAG_CMD, 4, {0xD8,0x07,0x06,0x06}},
    {REGFLAG_CMD, 4, {0xD9,0x06,0x06,0x06}},
    {REGFLAG_CMD, 4, {0xDA,0x05,0x05,0x05}},
    {REGFLAG_CMD, 4, {0xDB,0x04,0x04,0x04}},
    {REGFLAG_CMD, 4, {0xDC,0x02,0x01,0x01}},
    {REGFLAG_CMD, 4, {0xDD,0x16,0x18,0x18}},
    {REGFLAG_CMD, 4, {0xDE,0x14,0x16,0x15}},
    {REGFLAG_CMD, 4, {0xDF,0x12,0x14,0x13}},
    {REGFLAG_CMD, 4, {0xE0,0x0A,0x0B,0x0A}},
    {REGFLAG_CMD, 4, {0xE1,0x07,0x07,0x08}},
    {REGFLAG_CMD, 4, {0xE2,0x05,0x06,0x04}},
    {REGFLAG_CMD, 4, {0xE3,0x02,0x02,0x02}},
    {REGFLAG_CMD, 4, {0xE4,0x1A,0x1A,0x1D}},
    {REGFLAG_CMD, 4, {0xE5,0x16,0x18,0x17}},
    {REGFLAG_CMD, 4, {0xE6,0x14,0x16,0x15}},
    {REGFLAG_CMD, 4, {0xE7,0x0D,0x0E,0x0D}},
    {REGFLAG_CMD, 4, {0xE8,0x0A,0x0B,0x0C}},
    {REGFLAG_CMD, 4, {0xE9,0x09,0x09,0x08}},
    {REGFLAG_CMD, 4, {0xEA,0x06,0x06,0x06}},
    {REGFLAG_CMD, 4, {0xEB,0x03,0x03,0x03}},
    {REGFLAG_CMD, 4, {0xFF,0x5A,0xA5,0x5C}},
    {REGFLAG_CMD, 4, {0x80,0x00,0x07,0x00}},
    {REGFLAG_CMD, 4, {0x81,0x05,0x06,0x03}},
    {REGFLAG_CMD, 4, {0x82,0x01,0x01,0x00}},
    {REGFLAG_CMD, 4, {0x83,0x04,0x04,0x02}},
    {REGFLAG_CMD, 4, {0x84,0x01,0x00,0x00}},
    {REGFLAG_CMD, 4, {0x85,0x00,0x00,0x00}},
    {REGFLAG_CMD, 4, {0x86,0x05,0x04,0x03}},
    {REGFLAG_CMD, 4, {0x87,0x02,0x02,0x01}},
    {REGFLAG_CMD, 4, {0x88,0x01,0x01,0x01}},
    {REGFLAG_CMD, 4, {0x89,0x01,0x01,0x01}},
    {REGFLAG_CMD, 4, {0x8A,0x0B,0x0B,0x0A}},
    {REGFLAG_CMD, 4, {0x8B,0x06,0x06,0x07}},
    {REGFLAG_CMD, 4, {0x8C,0x06,0x06,0x06}},
    {REGFLAG_CMD, 4, {0x8D,0x04,0x04,0x05}},
    {REGFLAG_CMD, 4, {0x8E,0x02,0x02,0x02}},
    {REGFLAG_CMD, 4, {0x8F,0x13,0x13,0x12}},
    {REGFLAG_CMD, 4, {0x90,0x0C,0x0A,0x0B}},
    {REGFLAG_CMD, 4, {0x91,0x0A,0x08,0x09}},
    {REGFLAG_CMD, 4, {0x92,0x07,0x06,0x07}},
    {REGFLAG_CMD, 4, {0x93,0x03,0x03,0x03}},
    {REGFLAG_CMD, 4, {0x94,0x02,0x02,0x02}},
    {REGFLAG_CMD, 4, {0x95,0x17,0x16,0x15}},
    {REGFLAG_CMD, 4, {0x96,0x15,0x14,0x13}},
    {REGFLAG_CMD, 4, {0x97,0x11,0x10,0x10}},
    {REGFLAG_CMD, 4, {0x98,0x0B,0x0D,0x0C}},
    {REGFLAG_CMD, 4, {0x99,0x06,0x05,0x06}},
    {REGFLAG_CMD, 4, {0x9A,0x03,0x03,0x03}},
    {REGFLAG_CMD, 4, {0x9B,0x02,0x02,0x02}},
    {REGFLAG_CMD, 4, {0x9C,0x22,0x23,0x21}},
    {REGFLAG_CMD, 4, {0x9D,0x20,0x21,0x20}},
    {REGFLAG_CMD, 4, {0x9E,0x1C,0x1D,0x1F}},
    {REGFLAG_CMD, 4, {0x9F,0x16,0x15,0x14}},
    {REGFLAG_CMD, 4, {0xA0,0x11,0x12,0x11}},
    {REGFLAG_CMD, 4, {0xA1,0x0A,0x0C,0x0B}},
    {REGFLAG_CMD, 4, {0xA2,0x05,0x04,0x05}},
    {REGFLAG_CMD, 4, {0xA3,0x03,0x03,0x03}},
    {REGFLAG_CMD, 4, {0xA4,0x01,0x01,0x00}},
    {REGFLAG_CMD, 4, {0xA5,0x01,0x01,0x00}},
    {REGFLAG_CMD, 4, {0xA6,0x00,0x00,0x00}},
    {REGFLAG_CMD, 4, {0xA7,0x01,0x01,0x00}},
    {REGFLAG_CMD, 4, {0xA8,0x00,0x00,0x00}},
    {REGFLAG_CMD, 4, {0xA9,0x00,0x00,0x00}},
    {REGFLAG_CMD, 4, {0xAA,0x02,0x02,0x02}},
    {REGFLAG_CMD, 4, {0xAB,0x01,0x01,0x01}},
    {REGFLAG_CMD, 4, {0xAC,0x01,0x01,0x01}},
    {REGFLAG_CMD, 4, {0xAD,0x00,0x00,0x00}},
    {REGFLAG_CMD, 4, {0xAE,0x06,0x06,0x06}},
    {REGFLAG_CMD, 4, {0xAF,0x04,0x04,0x04}},
    {REGFLAG_CMD, 4, {0xB0,0x03,0x03,0x03}},
    {REGFLAG_CMD, 4, {0xB1,0x02,0x02,0x02}},
    {REGFLAG_CMD, 4, {0xB2,0x01,0x01,0x01}},
    {REGFLAG_CMD, 4, {0xB3,0x10,0x12,0x11}},
    {REGFLAG_CMD, 4, {0xB4,0x11,0x12,0x13}},
    {REGFLAG_CMD, 4, {0xB5,0x0E,0x0C,0x0E}},
    {REGFLAG_CMD, 4, {0xB6,0x09,0x08,0x08}},
    {REGFLAG_CMD, 4, {0xB7,0x03,0x02,0x03}},
    {REGFLAG_CMD, 4, {0xB8,0x01,0x01,0x02}},
    {REGFLAG_CMD, 4, {0xB9,0x14,0x13,0x12}},
    {REGFLAG_CMD, 4, {0xBA,0x12,0x11,0x11}},
    {REGFLAG_CMD, 4, {0xBB,0x0F,0x0E,0x0E}},
    {REGFLAG_CMD, 4, {0xBC,0x0C,0x0C,0x0B}},
    {REGFLAG_CMD, 4, {0xBD,0x08,0x07,0x08}},
    {REGFLAG_CMD, 4, {0xBE,0x03,0x02,0x02}},
    {REGFLAG_CMD, 4, {0xBF,0x02,0x01,0x02}},
    {REGFLAG_CMD, 4, {0xC0,0x30,0x34,0x36}},
    {REGFLAG_CMD, 4, {0xC1,0x2A,0x2F,0x30}},
    {REGFLAG_CMD, 4, {0xC2,0x24,0x26,0x28}},
    {REGFLAG_CMD, 4, {0xC3,0x18,0x1A,0x1D}},
    {REGFLAG_CMD, 4, {0xC4,0x0D,0x10,0x10}},
    {REGFLAG_CMD, 4, {0xC5,0x0A,0x0B,0x0D}},
    {REGFLAG_CMD, 4, {0xC6,0x06,0x06,0x08}},
    {REGFLAG_CMD, 4, {0xC7,0x05,0x06,0x05}},
    {REGFLAG_CMD, 4, {0xC8,0x00,0x00,0x00}},
    {REGFLAG_CMD, 4, {0xC9,0x00,0x00,0x00}},
    {REGFLAG_CMD, 4, {0xCA,0x00,0x00,0x00}},
    {REGFLAG_CMD, 4, {0xCB,0x00,0x00,0x00}},
    {REGFLAG_CMD, 4, {0xCC,0x00,0x00,0x00}},
    {REGFLAG_CMD, 4, {0xCD,0x00,0x00,0x00}},
    {REGFLAG_CMD, 4, {0xCE,0x00,0x00,0x00}},
    {REGFLAG_CMD, 4, {0xCF,0x00,0x00,0x00}},
    {REGFLAG_CMD, 4, {0xFF,0x5A,0xA5,0x03}},
    {REGFLAG_CMD, 6, {0x90,0x01,0x80,0x21,0x40,0x35}},
    {REGFLAG_CMD, 7, {0x92,0x00,0x00,0x00,0x00,0x00,0x00}},
    {REGFLAG_CMD, 4, {0xFF,0x5A,0xA5,0x00}},
    {REGFLAG_CMD, 1, {0x29}},
    {REGFLAG_CMD, 4, {0xFF,0x5A,0xA5,0x53}},
    {REGFLAG_CMD, 2, {0xF0,0x01}},
    {REGFLAG_CMD, 4, {0xFF,0x5A,0xA5,0x00}},
    {REGFLAG_CMD, 2, {0x00,0x00}},
    {REGFLAG_CMD, 2, {0x00,0x00}},
    {REGFLAG_CMD, 4, {0xFF,0x5A,0xA5,0x63}},
    {REGFLAG_CMD, 17, {0xF1,0x20,0x20,0x20,0x20,0x20,0x20,0x20,0x20,0x20,0x20,0x00,0x00,0x00,0x00,0x00,0x00}},
    {REGFLAG_CMD, 17, {0xF2,0x00,0x00,0x00,0x00,0x00,0x00,0x00,0x00,0x00,0x00,0x00,0x00,0x00,0x00,0x00,0x00}},
    {REGFLAG_CMD, 17, {0xF3,0x00,0x00,0x00,0x00,0x00,0x00,0x00,0x00,0x00,0x00,0x00,0x00,0x00,0x00,0x00,0x00}},
    {REGFLAG_CMD, 17, {0xF4,0xF0,0xF0,0xF0,0xF0,0xF0,0xF0,0xF0,0xF0,0xF0,0xF0,0x00,0x00,0x00,0x00,0x00,0x00}},
    {REGFLAG_CMD, 4, {0xFF,0x5A,0xA5,0x00}},
    {REGFLAG_CMD, 2, {0x00,0x00}},
    {REGFLAG_CMD, 2, {0x00,0x00}},
    {REGFLAG_CMD, 4, {0xFF,0x5A,0xA5,0x53}},
    {REGFLAG_CMD, 2, {0xF0,0x00}},
    {REGFLAG_CMD, 4, {0xFF,0x5A,0xA5,0x2D}},
    {REGFLAG_CMD, 3, {0x84,0x01,0x00}},
    {REGFLAG_CMD, 2, {0xF2,0x01}},
    {REGFLAG_CMD, 4, {0xFF,0x5A,0xA5,0x00}},
    {REGFLAG_CMD, 2, {0x60,0x01}},
    {REGFLAG_CMD, 4, {0xFF,0x5A,0xA5,0x00}},
    {REGFLAG_CMD, 4, {0xFF,0x5A,0xA5,0x4E}},
    {REGFLAG_CMD, 91, {0xCF,0x00,0x39,0x39,0x39,0x39,0x39,0x08,0x88,0x88,0x00,0x00,0x00,0x00,0x00,0x00,0x00,0x00,0x00,0x00,0x39,0x39,0x39,0x39,0x39,0x08,0x88,0x88,0x00,0x00,
    	0x00,0x00,0x00,0x00,0x00,0x00,0x00,0x00,0x39,0x39,0x39,0x39,0x39,0x08,0x88,0x88,0x00,0x00,0x00,0x00,0x00,0x00,0x00,0x00,0x00,0x00,0x1E,0x1E,0x1E,0x1E,0x1E,0x08,0x88,
    	0x88,0x00,0x00,0x00,0x00,0x00,0x00,0x00,0x00,0x00,0x00,0x1E,0x1E,0x1E,0x1E,0x1E,0x08,0x88,0x88,0x00,0x00,0x00,0x00,0x00,0x00,0x00,0x00,0x00}},
    {REGFLAG_CMD, 91, {0xD0,0x00,0x0C,0x0C,0x0C,0x0C,0x0C,0x08,0x88,0x88,0x00,0x00,0x00,0x00,0x00,0x00,0x00,0x00,0x00,0x00,0x0C,0x0C,0x0C,0x0C,0x0C,0x08,0x88,0x88,0x00,0x00,
    	0x00,0x00,0x00,0x00,0x00,0x00,0x00,0x00,0x0C,0x0C,0x0C,0x0C,0x0C,0x08,0x88,0x88,0x00,0x00,0x00,0x00,0x00,0x00,0x00,0x00,0x00,0x00,0x0A,0x0A,0x0A,0x0A,0x0A,0x08,0x88,
    	0x88,0x00,0x00,0x00,0x00,0x00,0x00,0x00,0x00,0x00,0x00,0x0A,0x0A,0x0A,0x0A,0x0A,0x08,0x88,0x88,0x00,0x00,0x00,0x00,0x00,0x00,0x00,0x00,0x00}},
    {REGFLAG_CMD, 4, {0xFF,0x5A,0xA5,0x00}},
};

struct LCM_setting_table timing_switch_cmd_sdc90[] = {
	{REGFLAG_CMD, 4, {0xFF,0x5A,0xA5,0x2D}},
	{REGFLAG_CMD, 3, {0x85,0x00,0x00}},
	{REGFLAG_CMD, 2, {0xF2,0x00}},
	{REGFLAG_CMD, 4, {0xFF,0x5A,0xA5,0x00}},
	{REGFLAG_CMD, 2, {0x60,0x02}}, // 0x00: 120Hz, 0x02: 90Hz
	{REGFLAG_CMD, 4, {0xFF,0x5A,0xA5,0x00}},
};

struct LCM_setting_table timing_switch_cmd_sdc90_1pulse[] = {
	{REGFLAG_CMD, 4, {0xFF,0x5A,0xA5,0x2D}},
	{REGFLAG_CMD, 3, {0x86,0x00,0x00}},
	{REGFLAG_CMD, 2, {0xF2,0x00}},
	{REGFLAG_CMD, 4, {0xFF,0x5A,0xA5,0x00}},
	{REGFLAG_CMD, 2, {0x60,0x03}}, // 0x00: 120Hz, 0x02: 90Hz
	{REGFLAG_CMD, 4, {0xFF,0x5A,0xA5,0x00}},
	{REGFLAG_CMD, 4, {0xFF,0x5A,0xA5,0x4E}},
	{REGFLAG_CMD, 91, {0xCF,0x00,0x39,0x39,0x39,0x39,0x39,0x08,0x88,0x88,0x00,0x00,0x00,0x00,0x00,0x00,0x00,0x00,0x00,0x00,0x39,0x39,0x39,0x39,0x39,0x08,0x88,0x88,0x00,0x00,
		0x00,0x00,0x00,0x00,0x00,0x00,0x00,0x00,0x39,0x39,0x39,0x39,0x39,0x08,0x88,0x88,0x00,0x00,0x00,0x00,0x00,0x00,0x00,0x00,0x00,0x00,0x1E,0x1E,0x1E,0x1E,0x1E,0x08,0x88,
		0x88,0x00,0x00,0x00,0x00,0x00,0x00,0x00,0x00,0x00,0x00,0x1E,0x1E,0x1E,0x1E,0x1E,0x08,0x88,0x88,0x00,0x00,0x00,0x00,0x00,0x00,0x00,0x00,0x00}},
	{REGFLAG_CMD, 91, {0xD0,0x00,0x0C,0x0C,0x0C,0x0C,0x0C,0x08,0x88,0x88,0x00,0x00,0x00,0x00,0x00,0x00,0x00,0x00,0x00,0x00,0x0C,0x0C,0x0C,0x0C,0x0C,0x08,0x88,0x88,0x00,0x00,
		0x00,0x00,0x00,0x00,0x00,0x00,0x00,0x00,0x0C,0x0C,0x0C,0x0C,0x0C,0x08,0x88,0x88,0x00,0x00,0x00,0x00,0x00,0x00,0x00,0x00,0x00,0x00,0x0A,0x0A,0x0A,0x0A,0x0A,0x08,0x88,
		0x88,0x00,0x00,0x00,0x00,0x00,0x00,0x00,0x00,0x00,0x00,0x0A,0x0A,0x0A,0x0A,0x0A,0x08,0x88,0x88,0x00,0x00,0x00,0x00,0x00,0x00,0x00,0x00,0x00}},
	{REGFLAG_CMD, 4, {0xFF,0x5A,0xA5,0x00}},
};

/* dsi-on cmd */
struct LCM_setting_table dsi_on_cmd_sdc90[] = {
    {REGFLAG_CMD, 4, {0xFF,0x5A,0xA5,0x01}},
    {REGFLAG_CMD, 2, {0xFB,0x08}}, // Multi TE
    {REGFLAG_CMD, 4, {0xFF,0x5A,0xA5,0x03}},
    {REGFLAG_CMD, 6, {0x90,0x01,0x80,0x21,0x40,0x35}},
    {REGFLAG_CMD, 4, {0xFF,0x5A,0xA5,0x08}},
    {REGFLAG_CMD, 2, {0xC8,0x62}}, // Sleep out don't reload
    {REGFLAG_CMD, 4, {0xFF,0x5A,0xA5,0x20}},
    {REGFLAG_CMD, 2, {0xBA,0x04}},
    {REGFLAG_CMD, 2, {0xBB,0x05}},
    {REGFLAG_CMD, 2, {0xBC,0x07}},
    {REGFLAG_CMD, 2, {0xBD,0x06}},
    {REGFLAG_CMD, 4, {0xFF,0x5A,0xA5,0x21}},
    {REGFLAG_CMD, 2, {0xA4,0x18}}, // Flash reload enable
    // shift TE
    {REGFLAG_CMD, 4, {0xFF,0x5A,0xA5,0x02}},
    {REGFLAG_CMD, 3, {0xAB,0xAF,0x82}},
    {REGFLAG_CMD, 2, {0xC0,0x03}},
    {REGFLAG_CMD, 9, {0xB0,0x00,0x80,0x00,0x10,0x00,0x00,0x00,0x00}},
    {REGFLAG_CMD, 4, {0xFF,0x5A,0xA5,0x00}},
    // PPS setting
    {REGFLAG_CMD, 4, {0xFF,0x5A,0xA5,0x07}},
    {REGFLAG_CMD, 2, {0x8A,0x01}}, // PPS Enable
    {REGFLAG_CMD, 3, {0x8B,0x21,0xE0}}, // PPS Table
    {REGFLAG_CMD, 100, {0x81,0x00,0x00,0x00,0x00,0x00,0x12,0x00,0x00,0xAB,0x30,0x80,0x0A,0xDC,0x04,0xF0,0x00,0x14,0x02,0x78,0x02,0x78,0x02,0x00,0x02,0x57,0x00,0x20,0x01,0xF8,0x00,0x08,0x00,0x0D,0x05,0x7A,0x04,0x4F,0x18,0x00,0x10,0xE0,0x07,0x10,0x20,0x00,0x06,0x0F,0x0F,0x33,0x0E,0x1C,0x2A,0x38,0x46,0x54,0x62,0x69,0x70,0x77,0x79,0x7B,0x7D,0x7E,0x02,0x02,0x22,0x00,0x2A,0x40,0x2A,0xBE,0x3A,0xFC,0x3A,0xFA,0x3A,0xF8,0x3B,0x38,0x3B,0x78,0x3B,0xB6,0x4B,0xB6,0x4B,0xF4,0x4B,0xF4,0x6C,0x34,0x84,0x74,0x00,0x00,0x00,0x00,0x00,0x00}},
    // ffc setting
    {REGFLAG_CMD, 4, {0xFF,0x5A,0xA5,0x22}},
    {REGFLAG_CMD, 8, {0xD8,0x00,0xC4,0x11,0x10,0x32,0x12,0x12}},
    {REGFLAG_CMD, 8, {0xD9,0x00,0xC4,0x11,0x10,0x32,0x12,0x12}},
    {REGFLAG_CMD, 8, {0xDA,0x00,0xC4,0x11,0x10,0x32,0x12,0x12}},
    {REGFLAG_CMD, 8, {0xDB,0x00,0xC4,0x11,0x10,0x32,0x12,0x12}},
    {REGFLAG_CMD, 10, {0xDC,0x84,0x94,0xBB,0x00,0x20,0xC4,0xA1,0xCC,0x10}},
    {REGFLAG_CMD, 2, {0xDD,0x01}},
    {REGFLAG_CMD, 2, {0xDE,0xF1}},
    {REGFLAG_CMD, 2, {0xDF,0x80}},
    {REGFLAG_CMD, 8, {0xE0,0x02,0x00,0x5F,0x21,0x00,0x28,0x00}},
    {REGFLAG_CMD, 4, {0xFF,0x5A,0xA5,0x00}},
    // PAGE 2D
    {REGFLAG_CMD, 4, {0xFF,0x5A,0xA5,0x2D}},
    {REGFLAG_CMD, 2, {0xCE,0xD4}},
    {REGFLAG_CMD, 4, {0xEC,0x01,0xFF,0xFF}},
    {REGFLAG_CMD, 3, {0xED,0x55,0x05}},
    {REGFLAG_CMD, 3, {0x93,0xA0,0x00}},
    {REGFLAG_CMD, 3, {0x94,0x00,0x00}},
    {REGFLAG_CMD, 3, {0x88,0x01,0x00}},
    {REGFLAG_CMD, 2, {0xD2,0x06}},
    {REGFLAG_CMD, 4, {0xFF,0x5A,0xA5,0x00}},
    {REGFLAG_CMD, 2, {0x5E,0x01}},
    {REGFLAG_CMD, 2, {0x60,0x00}},
    {REGFLAG_CMD, 2, {0x61,0x07}},
    {REGFLAG_CMD, 2, {0x6D,0x01}},
    {REGFLAG_CMD, 2, {0x6E,0x00}},
    {REGFLAG_CMD, 2, {0x35,0x00}},
    {REGFLAG_CMD, 2, {0x53,0x20}},
    {REGFLAG_CMD, 2, {0x5A,0x01}},
    {REGFLAG_CMD, 2, {0x5B,0x80}},
    {REGFLAG_CMD, 4, {0xFF,0x5A,0xA5,0x4E}},
    {REGFLAG_CMD, 5, {0xCD,0x00,0x00,0x00,0x00}},
    {REGFLAG_CMD, 5, {0xCE,0x00,0x00,0x00,0x00}},
    {REGFLAG_CMD, 4, {0xFF,0x5A,0xA5,0x06}},
    {REGFLAG_CMD, 2, {0xA0,0x00}},
    // Skip Frame Decreasing Step
    {REGFLAG_CMD, 4, {0xFF,0x5A,0xA5,0x2D}},
    {REGFLAG_CMD, 3, {0x93,0xA0,0x00}},
    {REGFLAG_CMD, 4, {0xEC,0x01,0xFF,0xFF}},
    {REGFLAG_CMD, 3, {0xED,0x55,0x05}},
    {REGFLAG_CMD, 2, {0x97,0x02}},
    {REGFLAG_CMD, 3, {0x98,0x03,0x00}},
    {REGFLAG_CMD, 3, {0x99,0x0B,0x00}},
    {REGFLAG_CMD, 3, {0x9A,0x17,0x00}},
    {REGFLAG_CMD, 3, {0x9B,0x00,0x00}},
    {REGFLAG_CMD, 5, {0xA0,0x00,0x01,0x00,0x00}},
    {REGFLAG_CMD, 5, {0xA1,0x02,0x00,0x00,0x00}},
    {REGFLAG_CMD, 2, {0xB1,0x02}},
    {REGFLAG_CMD, 3, {0xB2,0x02,0x00}},
    {REGFLAG_CMD, 3, {0xB3,0x08,0x00}},
    {REGFLAG_CMD, 3, {0xB4,0x11,0x00}},
    {REGFLAG_CMD, 3, {0xB5,0x00,0x00}},
    {REGFLAG_CMD, 3, {0xBA,0x00,0x01}},
    {REGFLAG_CMD, 3, {0xBB,0x02,0x00}},
    // Voltage tie point DBV579
    {REGFLAG_CMD, 4, {0xFF,0x5A,0xA5,0x29}},
    {REGFLAG_CMD, 9, {0x93,0x0F,0xFF,0x0F,0xFE,0x0D,0xBB,0x07,0x52}},
    {REGFLAG_CMD, 9, {0x94,0x06,0xDC,0x06,0xDB,0x06,0x66,0x06,0x65}},
    {REGFLAG_CMD, 9, {0x95,0x05,0xF0,0x05,0xEF,0x05,0x79,0x05,0x78}},
    {REGFLAG_CMD, 9, {0x96,0x05,0x02,0x05,0x01,0x04,0x8C,0x04,0x8B}},
    {REGFLAG_CMD, 9, {0x97,0x04,0x8A,0x04,0x76,0x03,0xE6,0x02,0xCB}},
    {REGFLAG_CMD, 9, {0x98,0x02,0x43,0x01,0xE1,0x01,0x38,0x00,0x9E}},
    {REGFLAG_CMD, 9, {0x99,0x00,0x01,0x00,0x00,0x00,0x00,0x00,0x00}},
    {REGFLAG_CMD, 5, {0x9A,0x00,0x00,0x00,0x00}},
    {REGFLAG_CMD, 4, {0xFF,0x5A,0xA5,0x0B}},
    {REGFLAG_CMD, 2, {0xD1,0x8C}},
    {REGFLAG_CMD, 4, {0xFF,0x5A,0xA5,0x00}},
    // crosstalk optimization
    {REGFLAG_CMD, 4, {0xFF,0x5A,0xA5,0x31}},
    {REGFLAG_CMD, 2, {0xA0,0xA3}},
    {REGFLAG_CMD, 2, {0xA3,0x00}},
    {REGFLAG_CMD, 2, {0x9F,0x06}},
    {REGFLAG_CMD, 11, {0x90,0x02,0x03,0x04,0x07,0x09,0x02,0x03,0x04,0x07,0x09}},
    {REGFLAG_CMD, 25, {0x8C,0x40,0x30,0x20,0x19,0x10,0x08,0x12,0x00,0x00,0x00,0x00,0x00,0x00,0x00,0x00,0x00,0x00,0x00,0x00,0x00,0x00,0x00,0x00,0x00}},
    {REGFLAG_CMD, 26, {0x8D,0x30,0x28,0x14,0x10,0x09,0x08,0x02,0x00,0x00,0x00,0x00,0x00,0x00,0x00,0x00,0x00,0x00,0x00,0x00,0x00,0x00,0x00,0x00,0x00,0x00}},
    {REGFLAG_CMD, 7, {0x91,0x30,0x44,0x44,0x04,0x08,0x0C}},
    {REGFLAG_CMD, 7, {0x92,0x30,0x44,0x44,0x04,0x08,0x0C}},
    {REGFLAG_CMD, 7, {0x93,0x30,0x44,0x44,0x04,0x08,0x0C}},
    {REGFLAG_CMD, 2, {0xA6,0x00}},
    {REGFLAG_CMD, 2, {0xA7,0x10}},
    {REGFLAG_CMD, 2, {0xA8,0x00}},
    {REGFLAG_CMD, 2, {0xA9,0x10}},
    {REGFLAG_CMD, 2, {0xAA,0x00}},
    {REGFLAG_CMD, 2, {0xAB,0x10}},
    {REGFLAG_CMD, 2, {0xD0,0x81}},
    {REGFLAG_CMD, 19, {0x80,0xF0,0x6B,0x45,0x19,0x02,0xFE,0xE7,0xBB,0x95,0xE0,0x0C,0x05,0x02,0x00,0x00,0xFE,0xFE,0xF4}},
    {REGFLAG_CMD, 19, {0x81,0xF0,0x53,0x35,0x14,0x02,0xFE,0xEC,0xCB,0xAD,0xE0,0x0A,0x04,0x01,0x00,0x00,0xFF,0xFF,0xFD}},
    {REGFLAG_CMD, 19, {0x82,0xF0,0x43,0x2B,0x10,0x02,0xFE,0xF0,0xD5,0xBD,0xE0,0x06,0x04,0x01,0x00,0x00,0xFF,0xFF,0xFE}},
    {REGFLAG_CMD, 19, {0x83,0xF0,0x59,0x3A,0x15,0x02,0xFE,0xEB,0xC6,0xA7,0xE0,0x05,0x02,0x01,0x00,0x00,0xFF,0xFF,0xFE}},
    {REGFLAG_CMD, 19, {0x84,0xF0,0x46,0x2D,0x11,0x02,0xFE,0xEF,0xD3,0xBA,0xE0,0x03,0x01,0x01,0x00,0x00,0xFF,0xFF,0xFF}},
    {REGFLAG_CMD, 19, {0x85,0xF0,0x36,0x23,0x0D,0x02,0xFE,0xF3,0xDD,0xCA,0xE0,0x02,0x01,0x01,0x00,0x00,0xFF,0xFF,0xFF}},
    {REGFLAG_CMD, 19, {0x86,0xF0,0x6B,0x45,0x19,0x02,0xFE,0xE7,0xBB,0x95,0xE0,0x0C,0x05,0x02,0x00,0x00,0xFE,0xFE,0xF4}},
    {REGFLAG_CMD, 19, {0x87,0xF0,0x53,0x35,0x14,0x02,0xFE,0xEC,0xCB,0xAD,0xE0,0x0A,0x04,0x01,0x00,0x00,0xFF,0xFF,0xFD}},
    {REGFLAG_CMD, 19, {0x88,0xF0,0x43,0x2B,0x10,0x02,0xFE,0xF0,0xD5,0xBD,0xE0,0x06,0x04,0x01,0x00,0x00,0xFF,0xFF,0xFE}},
    {REGFLAG_CMD, 19, {0x89,0xF0,0x59,0x3A,0x15,0x02,0xFE,0xEB,0xC6,0xA7,0xE0,0x05,0x02,0x01,0x00,0x00,0xFF,0xFF,0xFE}},
    {REGFLAG_CMD, 19, {0x8A,0xF0,0x46,0x2D,0x11,0x02,0xFE,0xEF,0xD3,0xBA,0xE0,0x03,0x01,0x01,0x00,0x00,0xFF,0xFF,0xFF}},
    {REGFLAG_CMD, 19, {0x8B,0xF0,0x36,0x23,0x0D,0x02,0xFE,0xF3,0xDD,0xCA,0xE0,0x02,0x01,0x01,0x00,0x00,0xFF,0xFF,0xFF}},
    {REGFLAG_CMD, 2, {0xD0,0x80}},
    {REGFLAG_CMD, 4, {0xFF,0x5A,0xA5,0x2B}},
    {REGFLAG_CMD, 5, {0xA8,0x0F,0x00,0xFE,0xF7}},
    {REGFLAG_CMD, 5, {0xA9,0x3F,0xF6,0xF6,0xFC}},
    {REGFLAG_CMD, 5, {0xAA,0x3F,0xF8,0xD7,0xB8}},
    {REGFLAG_CMD, 5, {0xAB,0x03,0x00,0x00,0xFD}},
    {REGFLAG_CMD, 5, {0xAC,0x3F,0xF9,0xF7,0xF9}},
    {REGFLAG_CMD, 5, {0xAD,0x3F,0xF6,0xE4,0xD2}},
    {REGFLAG_CMD, 5, {0xAE,0x00,0x00,0x00,0x00}},
    {REGFLAG_CMD, 5, {0xAF,0x3F,0xFC,0xF8,0xF6}},
    {REGFLAG_CMD, 5, {0xB0,0x3F,0xF4,0xF0,0xEC}},
    {REGFLAG_CMD, 5, {0xB1,0x00,0x00,0x00,0x00}},
    {REGFLAG_CMD, 5, {0xB2,0x0F,0x00,0xFC,0xF9}},
    {REGFLAG_CMD, 5, {0xB3,0x3F,0xFA,0xF6,0xF2}},
    {REGFLAG_CMD, 5, {0xB4,0x00,0x00,0x00,0x00}},
    {REGFLAG_CMD, 5, {0xB5,0x03,0x00,0x00,0xFD}},
    {REGFLAG_CMD, 5, {0xB6,0x3F,0xF9,0xF5,0xF2}},
    {REGFLAG_CMD, 5, {0xB7,0x00,0x00,0x00,0x00}},
    {REGFLAG_CMD, 5, {0xB8,0x00,0x00,0x00,0x00}},
    {REGFLAG_CMD, 5, {0xB9,0x0F,0x01,0xFA,0xF2}},
    {REGFLAG_CMD, 5, {0xBA,0x00,0x00,0x00,0x00}},
    {REGFLAG_CMD, 5, {0xBB,0x00,0x00,0x00,0x00}},
    {REGFLAG_CMD, 5, {0xBC,0x00,0x00,0x04,0x08}},
    {REGFLAG_CMD, 5, {0xBD,0x00,0x00,0x00,0x00}},
    {REGFLAG_CMD, 5, {0xBE,0x00,0x00,0x00,0x00}},
    {REGFLAG_CMD, 5, {0xBF,0x00,0x00,0x00,0x00}},
    {REGFLAG_CMD, 5, {0xC0,0x00,0x00,0x00,0x00}},
    {REGFLAG_CMD, 5, {0xC1,0x00,0x00,0x00,0x00}},
    {REGFLAG_CMD, 5, {0xC2,0x00,0x00,0x00,0x00}},
    {REGFLAG_CMD, 5, {0xC3,0x0F,0x00,0xFB,0xF9}},
    {REGFLAG_CMD, 5, {0xC4,0x3F,0xF5,0xED,0xF0}},
    {REGFLAG_CMD, 5, {0xC5,0x3F,0xF2,0xEC,0xE5}},
    {REGFLAG_CMD, 5, {0xC6,0x03,0x00,0x00,0xFC}},
    {REGFLAG_CMD, 5, {0xC7,0x3F,0xF9,0xF5,0xF5}},
    {REGFLAG_CMD, 5, {0xC8,0x3F,0xF3,0xEE,0xEA}},
    {REGFLAG_CMD, 5, {0xC9,0x00,0x00,0x00,0x00}},
    {REGFLAG_CMD, 5, {0xCA,0x3F,0xFD,0xFD,0xF9}},
    {REGFLAG_CMD, 5, {0xCB,0x3F,0xF4,0xF1,0xEE}},
    {REGFLAG_CMD, 5, {0xCC,0x00,0x00,0x00,0x00}},
    {REGFLAG_CMD, 5, {0xCD,0x0F,0x00,0xFE,0xFE}},
    {REGFLAG_CMD, 5, {0xCE,0x3F,0xF8,0xF6,0xF4}},
    {REGFLAG_CMD, 5, {0xCF,0x00,0x00,0x00,0x00}},
    {REGFLAG_CMD, 5, {0xD0,0x00,0x00,0x00,0x01}},
    {REGFLAG_CMD, 5, {0xD1,0x3F,0xFA,0xFB,0xFD}},
    {REGFLAG_CMD, 5, {0xD2,0x00,0x00,0x00,0x00}},
    {REGFLAG_CMD, 5, {0xD3,0x00,0x00,0x00,0x00}},
    {REGFLAG_CMD, 5, {0xD4,0x3F,0xFF,0xFC,0xFA}},
    {REGFLAG_CMD, 5, {0xD5,0x00,0x00,0x00,0x00}},
    {REGFLAG_CMD, 5, {0xD6,0x00,0x00,0x00,0x00}},
    {REGFLAG_CMD, 5, {0xD7,0x0F,0x00,0xFD,0xFB}},
    {REGFLAG_CMD, 5, {0xD8,0x00,0x00,0x00,0x00}},
    {REGFLAG_CMD, 5, {0xD9,0x00,0x00,0x00,0x00}},
    {REGFLAG_CMD, 5, {0xDA,0x00,0x00,0x00,0x00}},
    {REGFLAG_CMD, 5, {0xDB,0x00,0x00,0x00,0x00}},
    {REGFLAG_CMD, 5, {0xDC,0x00,0x00,0x00,0x00}},
    {REGFLAG_CMD, 5, {0xDD,0x00,0x00,0x00,0x00}},
    {REGFLAG_CMD, 5, {0xDE,0x0F,0x00,0xFA,0xFE}},
    {REGFLAG_CMD, 5, {0xDF,0x3F,0xFA,0xF7,0xF2}},
    {REGFLAG_CMD, 5, {0xE0,0x3F,0xF3,0xEE,0xEA}},
    {REGFLAG_CMD, 5, {0xE1,0x03,0x00,0x00,0xFC}},
    {REGFLAG_CMD, 5, {0xE2,0x3F,0xFB,0xF9,0xF6}},
    {REGFLAG_CMD, 5, {0xE3,0x3F,0xF5,0xF3,0xF0}},
    {REGFLAG_CMD, 5, {0xE4,0x00,0x00,0x00,0x00}},
    {REGFLAG_CMD, 5, {0xE5,0x3F,0xFC,0xFB,0xFA}},
    {REGFLAG_CMD, 5, {0xE6,0x3F,0xF8,0xF7,0xF6}},
    {REGFLAG_CMD, 5, {0xE7,0x00,0x00,0x00,0x00}},
    {REGFLAG_CMD, 5, {0xE8,0x0F,0x00,0xFE,0xFA}},
    {REGFLAG_CMD, 5, {0xE9,0x3F,0xF7,0xFA,0xFE}},
    {REGFLAG_CMD, 5, {0xEA,0x00,0x00,0x00,0x00}},
    {REGFLAG_CMD, 5, {0xEB,0x03,0x00,0x00,0xFC}},
    {REGFLAG_CMD, 5, {0xEC,0x3F,0xFA,0xFC,0xFE}},
    {REGFLAG_CMD, 5, {0xED,0x00,0x00,0x00,0x00}},
    {REGFLAG_CMD, 5, {0xEE,0x00,0x00,0x00,0x00}},
    {REGFLAG_CMD, 5, {0xEF,0x3F,0xFE,0xFD,0xFC}},
    {REGFLAG_CMD, 5, {0xF0,0x00,0x00,0x00,0x00}},
    {REGFLAG_CMD, 5, {0xF1,0x00,0x00,0x00,0x00}},
    {REGFLAG_CMD, 5, {0xF2,0x0F,0x00,0xFE,0xFC}},
    {REGFLAG_CMD, 5, {0xF3,0x00,0x00,0x00,0x00}},
    {REGFLAG_CMD, 5, {0xF4,0x00,0x00,0x00,0x00}},
    {REGFLAG_CMD, 5, {0xF5,0x00,0x00,0x00,0x00}},
    {REGFLAG_CMD, 5, {0xF6,0x00,0x00,0x00,0x00}},
    {REGFLAG_CMD, 5, {0xF7,0x00,0x00,0x00,0x00}},
    {REGFLAG_CMD, 5, {0xF8,0x00,0x00,0x00,0x00}},
    {REGFLAG_CMD, 4, {0xFF,0x5A,0xA5,0x07}},
    {REGFLAG_CMD, 7, {0xE0,0x03,0xA9,0x06,0xDD,0x07,0xFF}},
    {REGFLAG_CMD, 9, {0xE3,0xAA,0x99,0x88,0x88,0x88,0x88,0x77,0x66}},
    {REGFLAG_CMD, 4, {0xE4,0x40,0x40,0x40}},
    {REGFLAG_CMD, 2, {0xE5,0x05}},
    {REGFLAG_CMD, 4, {0xE6,0x00,0x00,0x00}},
    {REGFLAG_CMD, 2, {0xE7,0xFF}},
    {REGFLAG_CMD, 12, {0xE8,0x01,0x00,0x00,0x20,0x40,0x60,0x80,0xA0,0xC0,0xE0,0x00}},
    {REGFLAG_CMD, 4, {0xFF,0x5A,0xA5,0x00}},
    {REGFLAG_CMD, 4, {0xFF,0x5A,0xA5,0x02}}, // PAGE 2
    {REGFLAG_CMD, 10, {0xE5,0x09,0x0B,0x0B,0x0D,0x55,0x0D,0x32,0x32,0x32}},
    {REGFLAG_CMD, 3, {0xE7,0x33,0x25}}, // DFR1 VGHL 1H AVEE 4H
    {REGFLAG_CMD, 3, {0xE8,0x33,0x25}}, // DFR2 VGHL 1H AVEE 4H
    {REGFLAG_CMD, 3, {0xE9,0x33,0x25}}, // DFR3 VGHL 1H AVEE 4H
    {REGFLAG_CMD, 4, {0xFF,0x5A,0xA5,0x05}}, // PAGE 5
    {REGFLAG_CMD, 15, {0xCA,0x1D,0x1F,0x1F,0x1F,0x1F,0x00,0x00,0x22,0x1B,0x1B,0x1B,0x18,0x19,0x19}},
    {REGFLAG_CMD, 4, {0xFF,0x5A,0xA5,0x00}},
    {REGFLAG_CMD, 1, {0x11}},
    {REGFLAG_DELAY, 120, {}}, // Delay 120ms
    {REGFLAG_CMD, 4, {0xFF,0x5A,0xA5,0x51}},
    {REGFLAG_CMD, 7, {0x80,0xD4,0xD4,0xD4,0xD4,0x22,0x22}},
    {REGFLAG_CMD, 7, {0x81,0xD4,0xD4,0xD4,0xD4,0x22,0x22}},
    {REGFLAG_CMD, 7, {0x82,0xD4,0xD4,0xD4,0xD4,0x22,0x22}},
    {REGFLAG_CMD, 7, {0x83,0xD4,0xD4,0xD4,0xD4,0x22,0x22}},
    {REGFLAG_CMD, 7, {0x84,0xD4,0xD4,0xD4,0xD4,0x22,0x22}},
    {REGFLAG_CMD, 7, {0x85,0xD4,0xD4,0xD4,0xD4,0x22,0x22}},
    {REGFLAG_CMD, 7, {0x86,0xD4,0xD4,0xD4,0xD4,0x22,0x22}},
    {REGFLAG_CMD, 7, {0x87,0xD4,0xD4,0x00,0x00,0x22,0x00}},
    {REGFLAG_CMD, 7, {0xA0,0xD4,0xD4,0xD4,0xD4,0x22,0x22}},
    {REGFLAG_CMD, 7, {0xA1,0xD4,0xD4,0xD4,0xD4,0x22,0x22}},
    {REGFLAG_CMD, 7, {0xA2,0xD4,0xD4,0xD4,0xD4,0x22,0x22}},
    {REGFLAG_CMD, 7, {0xA3,0xD4,0xD4,0xD4,0xD4,0x22,0x22}},
    {REGFLAG_CMD, 7, {0xA4,0xD4,0xD4,0xD4,0xD4,0x22,0x22}},
    {REGFLAG_CMD, 7, {0xA5,0xD4,0xD4,0xD4,0xD4,0x22,0x22}},
    {REGFLAG_CMD, 7, {0xA6,0xD4,0xD4,0xD4,0xD4,0x22,0x22}},
    {REGFLAG_CMD, 7, {0xA7,0xD4,0xD4,0x00,0x00,0x22,0x00}},
    {REGFLAG_CMD, 7, {0xC0,0x9A,0x4A,0xF0,0xAA,0x11,0x00}},
    {REGFLAG_CMD, 7, {0xC1,0xAA,0xA5,0xA5,0xA0,0x00,0x00}},
    {REGFLAG_CMD, 7, {0xC2,0xA0,0x9B,0x9B,0x96,0x00,0x00}},
    {REGFLAG_CMD, 7, {0xC3,0x96,0x91,0x91,0x8C,0x00,0x00}},
    {REGFLAG_CMD, 7, {0xC4,0x6E,0x6E,0x6E,0x6E,0x00,0x00}},
    {REGFLAG_CMD, 7, {0xC5,0x6E,0x6E,0x6E,0x6E,0x00,0x00}},
    {REGFLAG_CMD, 7, {0xC6,0x6E,0x6E,0x6E,0x6E,0x00,0x00}},
    {REGFLAG_CMD, 7, {0xC7,0x6E,0x6E,0x00,0x00,0x00,0x00}},
    {REGFLAG_CMD, 4, {0xFF,0x5A,0xA5,0x52}},
    {REGFLAG_CMD, 7, {0x80,0x9A,0x4A,0xF0,0xAA,0x11,0x00}},
    {REGFLAG_CMD, 7, {0x81,0xAA,0xA5,0xA5,0xA0,0x00,0x00}},
    {REGFLAG_CMD, 7, {0x82,0xA0,0x9B,0x9B,0x96,0x00,0x00}},
    {REGFLAG_CMD, 7, {0x83,0x96,0x91,0x91,0x8C,0x00,0x00}},
    {REGFLAG_CMD, 7, {0x84,0x6E,0x6E,0x6E,0x6E,0x00,0x00}},
    {REGFLAG_CMD, 7, {0x85,0x6E,0x6E,0x6E,0x6E,0x00,0x00}},
    {REGFLAG_CMD, 7, {0x86,0x6E,0x6E,0x6E,0x6E,0x00,0x00}},
    {REGFLAG_CMD, 7, {0x87,0x6E,0x6E,0x00,0x00,0x00,0x00}},
    {REGFLAG_CMD, 7, {0xA0,0x54,0x54,0x54,0x54,0x11,0x11}},
    {REGFLAG_CMD, 7, {0xA1,0x54,0x54,0x54,0x54,0x11,0x11}},
    {REGFLAG_CMD, 7, {0xA2,0x54,0x54,0x54,0x54,0x11,0x11}},
    {REGFLAG_CMD, 7, {0xA3,0x54,0x54,0x54,0x54,0x11,0x11}},
    {REGFLAG_CMD, 7, {0xA4,0x54,0x54,0x54,0x54,0x11,0x11}},
    {REGFLAG_CMD, 7, {0xA5,0x54,0x54,0x54,0x54,0x11,0x11}},
    {REGFLAG_CMD, 7, {0xA6,0x54,0x54,0x54,0x54,0x11,0x11}},
    {REGFLAG_CMD, 7, {0xA7,0x54,0x54,0x00,0x00,0x11,0x00}},
    {REGFLAG_CMD, 7, {0xC0,0x54,0x54,0x54,0x54,0x11,0x11}},
    {REGFLAG_CMD, 7, {0xC1,0x54,0x54,0x54,0x54,0x11,0x11}},
    {REGFLAG_CMD, 7, {0xC2,0x54,0x54,0x54,0x54,0x11,0x11}},
    {REGFLAG_CMD, 7, {0xC3,0x54,0x54,0x54,0x54,0x11,0x11}},
    {REGFLAG_CMD, 7, {0xC4,0x54,0x54,0x54,0x54,0x11,0x11}},
    {REGFLAG_CMD, 7, {0xC5,0x54,0x54,0x54,0x54,0x11,0x11}},
    {REGFLAG_CMD, 7, {0xC6,0x54,0x54,0x54,0x54,0x11,0x11}},
    {REGFLAG_CMD, 7, {0xC7,0x54,0x54,0x00,0x00,0x11,0x00}},
    {REGFLAG_CMD, 4, {0xFF,0x5A,0xA5,0x00}},
    {REGFLAG_CMD, 4, {0xFF,0x5A,0xA5,0x49}},
    {REGFLAG_CMD, 12, {0x80,0x00,0x08,0x10,0x20,0x40,0x80,0xC0,0xE0,0x00,0x00,0x01}},
    {REGFLAG_CMD, 17, {0x81,0x00,0x00,0xF0,0x00,0x65,0x01,0xF3,0x01,0x44,0x02,0x45,0x02,0xA9,0x03,0xDD,0x06}},
    {REGFLAG_CMD, 19, {0x82,0x00,0x00,0xF0,0x00,0x65,0x01,0xF3,0x01,0x44,0x02,0x45,0x02,0xA9,0x03,0xDD,0x06,0xDD,0x06}},
    {REGFLAG_CMD, 2, {0x83,0x0A}},
    {REGFLAG_CMD, 2, {0x84,0x14}},
    {REGFLAG_CMD, 4, {0x85,0x80,0x00,0x02}},
    {REGFLAG_CMD, 4, {0x86,0x80,0x00,0x02}},
    {REGFLAG_CMD, 4, {0xA0,0x30,0x39,0x40}},
    {REGFLAG_CMD, 4, {0xA1,0x40,0x40,0x40}},
    {REGFLAG_CMD, 4, {0xA2,0x40,0x40,0x40}},
    {REGFLAG_CMD, 4, {0xA3,0x1E,0x5A,0x78}},
    {REGFLAG_CMD, 2, {0xA4,0x59}},
    {REGFLAG_CMD, 2, {0xA5,0x80}},
    {REGFLAG_CMD, 2, {0xA6,0x3F}},
    {REGFLAG_CMD, 2, {0xA7,0x0B}},
    {REGFLAG_CMD, 2, {0xAD,0x01}},
    {REGFLAG_CMD, 2, {0xAE,0x84}},
    {REGFLAG_CMD, 2, {0xAF,0x00}},
    {REGFLAG_CMD, 2, {0xD9,0x02}},
    {REGFLAG_CMD, 2, {0xDA,0xF7}},
    {REGFLAG_CMD, 2, {0xDB,0x9C}},
    {REGFLAG_CMD, 2, {0xDC,0x03}},
    {REGFLAG_CMD, 2, {0xDF,0x06}},
    {REGFLAG_CMD, 2, {0xE0,0x01}},
    {REGFLAG_CMD, 4, {0xFF,0x5A,0xA5,0x5A}},
    {REGFLAG_CMD, 4, {0x80,0x00,0x00,0x00}},
    {REGFLAG_CMD, 4, {0x81,0x00,0x02,0x00}},
    {REGFLAG_CMD, 4, {0x82,0x00,0x00,0x00}},
    {REGFLAG_CMD, 4, {0x83,0x01,0x21,0x00}},
    {REGFLAG_CMD, 4, {0x84,0x07,0x07,0x00}},
    {REGFLAG_CMD, 4, {0x85,0x07,0x08,0x00}},
    {REGFLAG_CMD, 4, {0x86,0x15,0x21,0x0C}},
    {REGFLAG_CMD, 4, {0x87,0x0E,0x0C,0x01}},
    {REGFLAG_CMD, 4, {0x88,0x0C,0x0C,0x0B}},
    {REGFLAG_CMD, 4, {0x89,0x05,0x06,0x01}},
    {REGFLAG_CMD, 4, {0x8A,0x15,0x15,0x07}},
    {REGFLAG_CMD, 4, {0x8B,0x0B,0x08,0x07}},
    {REGFLAG_CMD, 4, {0x8C,0x0C,0x06,0x07}},
    {REGFLAG_CMD, 4, {0x8D,0x08,0x03,0x07}},
    {REGFLAG_CMD, 4, {0x8E,0x03,0x02,0x04}},
    {REGFLAG_CMD, 4, {0x8F,0x18,0x0B,0x0D}},
    {REGFLAG_CMD, 4, {0x90,0x0E,0x07,0x0A}},
    {REGFLAG_CMD, 4, {0x91,0x0D,0x08,0x0A}},
    {REGFLAG_CMD, 4, {0x92,0x0B,0x05,0x09}},
    {REGFLAG_CMD, 4, {0x93,0x08,0x04,0x08}},
    {REGFLAG_CMD, 4, {0x94,0x04,0x02,0x04}},
    {REGFLAG_CMD, 4, {0x95,0x18,0x1A,0x19}},
    {REGFLAG_CMD, 4, {0x96,0x15,0x16,0x14}},
    {REGFLAG_CMD, 4, {0x97,0x13,0x13,0x15}},
    {REGFLAG_CMD, 4, {0x98,0x10,0x11,0x12}},
    {REGFLAG_CMD, 4, {0x99,0x0C,0x0D,0x0D}},
    {REGFLAG_CMD, 4, {0x9A,0x07,0x08,0x09}},
    {REGFLAG_CMD, 4, {0x9B,0x02,0x03,0x03}},
    {REGFLAG_CMD, 4, {0x9C,0x1B,0x1C,0x1A}},
    {REGFLAG_CMD, 4, {0x9D,0x18,0x16,0x16}},
    {REGFLAG_CMD, 4, {0x9E,0x12,0x14,0x14}},
    {REGFLAG_CMD, 4, {0x9F,0x11,0x12,0x10}},
    {REGFLAG_CMD, 4, {0xA0,0x0B,0x0A,0x0C}},
    {REGFLAG_CMD, 4, {0xA1,0x07,0x08,0x08}},
    {REGFLAG_CMD, 4, {0xA2,0x03,0x03,0x02}},
    {REGFLAG_CMD, 4, {0xA3,0x01,0x01,0x01}},
    {REGFLAG_CMD, 4, {0xA4,0x00,0x02,0x00}},
    {REGFLAG_CMD, 4, {0xA5,0x00,0x0F,0x00}},
    {REGFLAG_CMD, 4, {0xA6,0x00,0x04,0x00}},
    {REGFLAG_CMD, 4, {0xA7,0x09,0x0C,0x00}},
    {REGFLAG_CMD, 4, {0xA8,0x04,0x05,0x01}},
    {REGFLAG_CMD, 4, {0xA9,0x02,0x03,0x01}},
    {REGFLAG_CMD, 4, {0xAA,0x08,0x08,0x02}},
    {REGFLAG_CMD, 4, {0xAB,0x03,0x02,0x03}},
    {REGFLAG_CMD, 4, {0xAC,0x03,0x01,0x02}},
    {REGFLAG_CMD, 4, {0xAD,0x01,0x00,0x00}},
    {REGFLAG_CMD, 4, {0xAE,0x0C,0x09,0x0A}},
    {REGFLAG_CMD, 4, {0xAF,0x08,0x06,0x07}},
    {REGFLAG_CMD, 4, {0xB0,0x07,0x05,0x05}},
    {REGFLAG_CMD, 4, {0xB1,0x05,0x05,0x05}},
    {REGFLAG_CMD, 4, {0xB2,0x03,0x03,0x03}},
    {REGFLAG_CMD, 4, {0xB3,0x14,0x15,0x11}},
    {REGFLAG_CMD, 4, {0xB4,0x0F,0x0F,0x0D}},
    {REGFLAG_CMD, 4, {0xB5,0x0E,0x0E,0x0C}},
    {REGFLAG_CMD, 4, {0xB6,0x0C,0x0D,0x0B}},
    {REGFLAG_CMD, 4, {0xB7,0x08,0x09,0x07}},
    {REGFLAG_CMD, 4, {0xB8,0x02,0x03,0x03}},
    {REGFLAG_CMD, 4, {0xB9,0x22,0x23,0x22}},
    {REGFLAG_CMD, 4, {0xBA,0x1C,0x1D,0x1C}},
    {REGFLAG_CMD, 4, {0xBB,0x15,0x16,0x15}},
    {REGFLAG_CMD, 4, {0xBC,0x13,0x14,0x13}},
    {REGFLAG_CMD, 4, {0xBD,0x0D,0x0E,0x0D}},
    {REGFLAG_CMD, 4, {0xBE,0x05,0x06,0x07}},
    {REGFLAG_CMD, 4, {0xBF,0x02,0x03,0x02}},
    {REGFLAG_CMD, 4, {0xC0,0x23,0x24,0x23}},
    {REGFLAG_CMD, 4, {0xC1,0x20,0x22,0x21}},
    {REGFLAG_CMD, 4, {0xC2,0x18,0x1A,0x19}},
    {REGFLAG_CMD, 4, {0xC3,0x15,0x16,0x14}},
    {REGFLAG_CMD, 4, {0xC4,0x10,0x12,0x10}},
    {REGFLAG_CMD, 4, {0xC5,0x09,0x09,0x09}},
    {REGFLAG_CMD, 4, {0xC6,0x04,0x04,0x04}},
    {REGFLAG_CMD, 4, {0xC7,0x02,0x02,0x02}},
    {REGFLAG_CMD, 4, {0xC8,0x00,0x00,0x00}},
    {REGFLAG_CMD, 4, {0xC9,0x00,0x00,0x00}},
    {REGFLAG_CMD, 4, {0xCA,0x00,0x00,0x00}},
    {REGFLAG_CMD, 4, {0xCB,0x02,0x08,0x02}},
    {REGFLAG_CMD, 4, {0xCC,0x01,0x01,0x00}},
    {REGFLAG_CMD, 4, {0xCD,0x01,0x01,0x00}},
    {REGFLAG_CMD, 4, {0xCE,0x16,0x37,0x0F}},
    {REGFLAG_CMD, 4, {0xCF,0x0C,0x0C,0x06}},
    {REGFLAG_CMD, 4, {0xD0,0x0A,0x09,0x01}},
    {REGFLAG_CMD, 4, {0xD1,0x07,0x07,0x06}},
    {REGFLAG_CMD, 4, {0xD2,0x21,0x1F,0x0A}},
    {REGFLAG_CMD, 4, {0xD3,0x10,0x10,0x05}},
    {REGFLAG_CMD, 4, {0xD4,0x0E,0x0E,0x04}},
    {REGFLAG_CMD, 4, {0xD5,0x0B,0x0A,0x01}},
    {REGFLAG_CMD, 4, {0xD6,0x06,0x04,0x03}},
    {REGFLAG_CMD, 4, {0xD7,0x1F,0x14,0x0F}},
    {REGFLAG_CMD, 4, {0xD8,0x11,0x0B,0x07}},
    {REGFLAG_CMD, 4, {0xD9,0x0E,0x0A,0x06}},
    {REGFLAG_CMD, 4, {0xDA,0x0C,0x09,0x05}},
    {REGFLAG_CMD, 4, {0xDB,0x09,0x06,0x05}},
    {REGFLAG_CMD, 4, {0xDC,0x02,0x02,0x02}},
    {REGFLAG_CMD, 4, {0xDD,0x1C,0x1C,0x1D}},
    {REGFLAG_CMD, 4, {0xDE,0x13,0x14,0x14}},
    {REGFLAG_CMD, 4, {0xDF,0x12,0x12,0x11}},
    {REGFLAG_CMD, 4, {0xE0,0x10,0x0F,0x11}},
    {REGFLAG_CMD, 4, {0xE1,0x0C,0x0D,0x0E}},
    {REGFLAG_CMD, 4, {0xE2,0x05,0x04,0x04}},
    {REGFLAG_CMD, 4, {0xE3,0x01,0x02,0x01}},
    {REGFLAG_CMD, 4, {0xE4,0x1F,0x20,0x0A}},
    {REGFLAG_CMD, 4, {0xE5,0x16,0x18,0x16}},
    {REGFLAG_CMD, 4, {0xE6,0x14,0x16,0x14}},
    {REGFLAG_CMD, 4, {0xE7,0x10,0x11,0x10}},
    {REGFLAG_CMD, 4, {0xE8,0x0C,0x0D,0x0C}},
    {REGFLAG_CMD, 4, {0xE9,0x09,0x0A,0x09}},
    {REGFLAG_CMD, 4, {0xEA,0x04,0x04,0x04}},
    {REGFLAG_CMD, 4, {0xEB,0x02,0x02,0x02}},
    {REGFLAG_CMD, 4, {0xFF,0x5A,0xA5,0x5B}},
    {REGFLAG_CMD, 4, {0x80,0x00,0x07,0x00}},
    {REGFLAG_CMD, 4, {0x81,0x04,0x05,0x00}},
    {REGFLAG_CMD, 4, {0x82,0x01,0x01,0x00}},
    {REGFLAG_CMD, 4, {0x83,0x03,0x03,0x01}},
    {REGFLAG_CMD, 4, {0x84,0x01,0x00,0x01}},
    {REGFLAG_CMD, 4, {0x85,0x00,0x00,0x00}},
    {REGFLAG_CMD, 4, {0x86,0x05,0x04,0x03}},
    {REGFLAG_CMD, 4, {0x87,0x03,0x02,0x02}},
    {REGFLAG_CMD, 4, {0x88,0x02,0x02,0x02}},
    {REGFLAG_CMD, 4, {0x89,0x01,0x01,0x01}},
    {REGFLAG_CMD, 4, {0x8A,0x0C,0x0E,0x0A}},
    {REGFLAG_CMD, 4, {0x8B,0x09,0x0A,0x08}},
    {REGFLAG_CMD, 4, {0x8C,0x08,0x09,0x07}},
    {REGFLAG_CMD, 4, {0x8D,0x06,0x07,0x05}},
    {REGFLAG_CMD, 4, {0x8E,0x02,0x03,0x02}},
    {REGFLAG_CMD, 4, {0x8F,0x17,0x18,0x15}},
    {REGFLAG_CMD, 4, {0x90,0x12,0x12,0x10}},
    {REGFLAG_CMD, 4, {0x91,0x10,0x10,0x0E}},
    {REGFLAG_CMD, 4, {0x92,0x0D,0x0D,0x0C}},
    {REGFLAG_CMD, 4, {0x93,0x07,0x07,0x07}},
    {REGFLAG_CMD, 4, {0x94,0x02,0x02,0x02}},
    {REGFLAG_CMD, 4, {0x95,0x22,0x23,0x23}},
    {REGFLAG_CMD, 4, {0x96,0x1C,0x1D,0x1D}},
    {REGFLAG_CMD, 4, {0x97,0x17,0x18,0x18}},
    {REGFLAG_CMD, 4, {0x98,0x13,0x14,0x14}},
    {REGFLAG_CMD, 4, {0x99,0x0D,0x0E,0x0E}},
    {REGFLAG_CMD, 4, {0x9A,0x04,0x05,0x05}},
    {REGFLAG_CMD, 4, {0x9B,0x02,0x02,0x02}},
    {REGFLAG_CMD, 4, {0x9C,0x24,0x26,0x23}},
    {REGFLAG_CMD, 4, {0x9D,0x20,0x24,0x21}},
    {REGFLAG_CMD, 4, {0x9E,0x1C,0x1D,0x1C}},
    {REGFLAG_CMD, 4, {0x9F,0x16,0x16,0x15}},
    {REGFLAG_CMD, 4, {0xA0,0x10,0x10,0x10}},
    {REGFLAG_CMD, 4, {0xA1,0x08,0x08,0x08}},
    {REGFLAG_CMD, 4, {0xA2,0x04,0x04,0x04}},
    {REGFLAG_CMD, 4, {0xA3,0x02,0x02,0x02}},
    {REGFLAG_CMD, 4, {0xA4,0x04,0x07,0x00}},
    {REGFLAG_CMD, 4, {0xA5,0x04,0x04,0x01}},
    {REGFLAG_CMD, 4, {0xA6,0x00,0x00,0x01}},
    {REGFLAG_CMD, 4, {0xA7,0x03,0x02,0x01}},
    {REGFLAG_CMD, 4, {0xA8,0x01,0x00,0x00}},
    {REGFLAG_CMD, 4, {0xA9,0x00,0x00,0x00}},
    {REGFLAG_CMD, 4, {0xAA,0x05,0x05,0x04}},
    {REGFLAG_CMD, 4, {0xAB,0x03,0x03,0x02}},
    {REGFLAG_CMD, 4, {0xAC,0x02,0x02,0x02}},
    {REGFLAG_CMD, 4, {0xAD,0x01,0x01,0x01}},
    {REGFLAG_CMD, 4, {0xAE,0x00,0x00,0x00}},
    {REGFLAG_CMD, 4, {0xAF,0x0A,0x0A,0x08}},
    {REGFLAG_CMD, 4, {0xB0,0x08,0x09,0x07}},
    {REGFLAG_CMD, 4, {0xB1,0x06,0x07,0x05}},
    {REGFLAG_CMD, 4, {0xB2,0x03,0x03,0x02}},
    {REGFLAG_CMD, 4, {0xB3,0x17,0x19,0x15}},
    {REGFLAG_CMD, 4, {0xB4,0x11,0x13,0x10}},
    {REGFLAG_CMD, 4, {0xB5,0x10,0x11,0x0E}},
    {REGFLAG_CMD, 4, {0xB6,0x0C,0x0D,0x0B}},
    {REGFLAG_CMD, 4, {0xB7,0x06,0x07,0x07}},
    {REGFLAG_CMD, 4, {0xB8,0x02,0x02,0x02}},
    {REGFLAG_CMD, 4, {0xB9,0x1E,0x1F,0x1F}},
    {REGFLAG_CMD, 4, {0xBA,0x19,0x19,0x18}},
    {REGFLAG_CMD, 4, {0xBB,0x16,0x16,0x15}},
    {REGFLAG_CMD, 4, {0xBC,0x12,0x13,0x13}},
    {REGFLAG_CMD, 4, {0xBD,0x0E,0x0F,0x0F}},
    {REGFLAG_CMD, 4, {0xBE,0x06,0x06,0x05}},
    {REGFLAG_CMD, 4, {0xBF,0x03,0x03,0x03}},
    {REGFLAG_CMD, 4, {0xC0,0x22,0x23,0x23}},
    {REGFLAG_CMD, 4, {0xC1,0x1F,0x20,0x20}},
    {REGFLAG_CMD, 4, {0xC2,0x1F,0x1E,0x1D}},
    {REGFLAG_CMD, 4, {0xC3,0x1A,0x1B,0x1C}},
    {REGFLAG_CMD, 4, {0xC4,0x14,0x15,0x15}},
    {REGFLAG_CMD, 4, {0xC5,0x08,0x08,0x08}},
    {REGFLAG_CMD, 4, {0xC6,0x04,0x04,0x04}},
    {REGFLAG_CMD, 4, {0xC7,0x02,0x02,0x02}},
    {REGFLAG_CMD, 4, {0xC8,0x00,0x07,0x00}},
    {REGFLAG_CMD, 4, {0xC9,0x03,0x03,0x01}},
    {REGFLAG_CMD, 4, {0xCA,0x00,0x00,0x00}},
    {REGFLAG_CMD, 4, {0xCB,0x04,0x03,0x01}},
    {REGFLAG_CMD, 4, {0xCC,0x01,0x00,0x00}},
    {REGFLAG_CMD, 4, {0xCD,0x00,0x00,0x00}},
    {REGFLAG_CMD, 4, {0xCE,0x04,0x03,0x01}},
    {REGFLAG_CMD, 4, {0xCF,0x02,0x01,0x00}},
    {REGFLAG_CMD, 4, {0xD0,0x01,0x01,0x01}},
    {REGFLAG_CMD, 4, {0xD1,0x00,0x00,0x00}},
    {REGFLAG_CMD, 4, {0xD2,0x06,0x06,0x05}},
    {REGFLAG_CMD, 4, {0xD3,0x03,0x02,0x03}},
    {REGFLAG_CMD, 4, {0xD4,0x03,0x02,0x03}},
    {REGFLAG_CMD, 4, {0xD5,0x02,0x02,0x02}},
    {REGFLAG_CMD, 4, {0xD6,0x00,0x00,0x00}},
    {REGFLAG_CMD, 4, {0xD7,0x0A,0x0A,0x09}},
    {REGFLAG_CMD, 4, {0xD8,0x07,0x06,0x06}},
    {REGFLAG_CMD, 4, {0xD9,0x06,0x06,0x06}},
    {REGFLAG_CMD, 4, {0xDA,0x05,0x05,0x05}},
    {REGFLAG_CMD, 4, {0xDB,0x04,0x04,0x04}},
    {REGFLAG_CMD, 4, {0xDC,0x02,0x01,0x01}},
    {REGFLAG_CMD, 4, {0xDD,0x16,0x18,0x18}},
    {REGFLAG_CMD, 4, {0xDE,0x14,0x16,0x15}},
    {REGFLAG_CMD, 4, {0xDF,0x12,0x14,0x13}},
    {REGFLAG_CMD, 4, {0xE0,0x0A,0x0B,0x0A}},
    {REGFLAG_CMD, 4, {0xE1,0x07,0x07,0x08}},
    {REGFLAG_CMD, 4, {0xE2,0x05,0x06,0x04}},
    {REGFLAG_CMD, 4, {0xE3,0x02,0x02,0x02}},
    {REGFLAG_CMD, 4, {0xE4,0x1A,0x1A,0x1D}},
    {REGFLAG_CMD, 4, {0xE5,0x16,0x18,0x17}},
    {REGFLAG_CMD, 4, {0xE6,0x14,0x16,0x15}},
    {REGFLAG_CMD, 4, {0xE7,0x0D,0x0E,0x0D}},
    {REGFLAG_CMD, 4, {0xE8,0x0A,0x0B,0x0C}},
    {REGFLAG_CMD, 4, {0xE9,0x09,0x09,0x08}},
    {REGFLAG_CMD, 4, {0xEA,0x06,0x06,0x06}},
    {REGFLAG_CMD, 4, {0xEB,0x03,0x03,0x03}},
    {REGFLAG_CMD, 4, {0xFF,0x5A,0xA5,0x5C}},
    {REGFLAG_CMD, 4, {0x80,0x00,0x07,0x00}},
    {REGFLAG_CMD, 4, {0x81,0x05,0x06,0x03}},
    {REGFLAG_CMD, 4, {0x82,0x01,0x01,0x00}},
    {REGFLAG_CMD, 4, {0x83,0x04,0x04,0x02}},
    {REGFLAG_CMD, 4, {0x84,0x01,0x00,0x00}},
    {REGFLAG_CMD, 4, {0x85,0x00,0x00,0x00}},
    {REGFLAG_CMD, 4, {0x86,0x05,0x04,0x03}},
    {REGFLAG_CMD, 4, {0x87,0x02,0x02,0x01}},
    {REGFLAG_CMD, 4, {0x88,0x01,0x01,0x01}},
    {REGFLAG_CMD, 4, {0x89,0x01,0x01,0x01}},
    {REGFLAG_CMD, 4, {0x8A,0x0B,0x0B,0x0A}},
    {REGFLAG_CMD, 4, {0x8B,0x06,0x06,0x07}},
    {REGFLAG_CMD, 4, {0x8C,0x06,0x06,0x06}},
    {REGFLAG_CMD, 4, {0x8D,0x04,0x04,0x05}},
    {REGFLAG_CMD, 4, {0x8E,0x02,0x02,0x02}},
    {REGFLAG_CMD, 4, {0x8F,0x13,0x13,0x12}},
    {REGFLAG_CMD, 4, {0x90,0x0C,0x0A,0x0B}},
    {REGFLAG_CMD, 4, {0x91,0x0A,0x08,0x09}},
    {REGFLAG_CMD, 4, {0x92,0x07,0x06,0x07}},
    {REGFLAG_CMD, 4, {0x93,0x03,0x03,0x03}},
    {REGFLAG_CMD, 4, {0x94,0x02,0x02,0x02}},
    {REGFLAG_CMD, 4, {0x95,0x17,0x16,0x15}},
    {REGFLAG_CMD, 4, {0x96,0x15,0x14,0x13}},
    {REGFLAG_CMD, 4, {0x97,0x11,0x10,0x10}},
    {REGFLAG_CMD, 4, {0x98,0x0B,0x0D,0x0C}},
    {REGFLAG_CMD, 4, {0x99,0x06,0x05,0x06}},
    {REGFLAG_CMD, 4, {0x9A,0x03,0x03,0x03}},
    {REGFLAG_CMD, 4, {0x9B,0x02,0x02,0x02}},
    {REGFLAG_CMD, 4, {0x9C,0x22,0x23,0x21}},
    {REGFLAG_CMD, 4, {0x9D,0x20,0x21,0x20}},
    {REGFLAG_CMD, 4, {0x9E,0x1C,0x1D,0x1F}},
    {REGFLAG_CMD, 4, {0x9F,0x16,0x15,0x14}},
    {REGFLAG_CMD, 4, {0xA0,0x11,0x12,0x11}},
    {REGFLAG_CMD, 4, {0xA1,0x0A,0x0C,0x0B}},
    {REGFLAG_CMD, 4, {0xA2,0x05,0x04,0x05}},
    {REGFLAG_CMD, 4, {0xA3,0x03,0x03,0x03}},
    {REGFLAG_CMD, 4, {0xA4,0x01,0x01,0x00}},
    {REGFLAG_CMD, 4, {0xA5,0x01,0x01,0x00}},
    {REGFLAG_CMD, 4, {0xA6,0x00,0x00,0x00}},
    {REGFLAG_CMD, 4, {0xA7,0x01,0x01,0x00}},
    {REGFLAG_CMD, 4, {0xA8,0x00,0x00,0x00}},
    {REGFLAG_CMD, 4, {0xA9,0x00,0x00,0x00}},
    {REGFLAG_CMD, 4, {0xAA,0x02,0x02,0x02}},
    {REGFLAG_CMD, 4, {0xAB,0x01,0x01,0x01}},
    {REGFLAG_CMD, 4, {0xAC,0x01,0x01,0x01}},
    {REGFLAG_CMD, 4, {0xAD,0x00,0x00,0x00}},
    {REGFLAG_CMD, 4, {0xAE,0x06,0x06,0x06}},
    {REGFLAG_CMD, 4, {0xAF,0x04,0x04,0x04}},
    {REGFLAG_CMD, 4, {0xB0,0x03,0x03,0x03}},
    {REGFLAG_CMD, 4, {0xB1,0x02,0x02,0x02}},
    {REGFLAG_CMD, 4, {0xB2,0x01,0x01,0x01}},
    {REGFLAG_CMD, 4, {0xB3,0x10,0x12,0x11}},
    {REGFLAG_CMD, 4, {0xB4,0x11,0x12,0x13}},
    {REGFLAG_CMD, 4, {0xB5,0x0E,0x0C,0x0E}},
    {REGFLAG_CMD, 4, {0xB6,0x09,0x08,0x08}},
    {REGFLAG_CMD, 4, {0xB7,0x03,0x02,0x03}},
    {REGFLAG_CMD, 4, {0xB8,0x01,0x01,0x02}},
    {REGFLAG_CMD, 4, {0xB9,0x14,0x13,0x12}},
    {REGFLAG_CMD, 4, {0xBA,0x12,0x11,0x11}},
    {REGFLAG_CMD, 4, {0xBB,0x0F,0x0E,0x0E}},
    {REGFLAG_CMD, 4, {0xBC,0x0C,0x0C,0x0B}},
    {REGFLAG_CMD, 4, {0xBD,0x08,0x07,0x08}},
    {REGFLAG_CMD, 4, {0xBE,0x03,0x02,0x02}},
    {REGFLAG_CMD, 4, {0xBF,0x02,0x01,0x02}},
    {REGFLAG_CMD, 4, {0xC0,0x30,0x34,0x36}},
    {REGFLAG_CMD, 4, {0xC1,0x2A,0x2F,0x30}},
    {REGFLAG_CMD, 4, {0xC2,0x24,0x26,0x28}},
    {REGFLAG_CMD, 4, {0xC3,0x18,0x1A,0x1D}},
    {REGFLAG_CMD, 4, {0xC4,0x0D,0x10,0x10}},
    {REGFLAG_CMD, 4, {0xC5,0x0A,0x0B,0x0D}},
    {REGFLAG_CMD, 4, {0xC6,0x06,0x06,0x08}},
    {REGFLAG_CMD, 4, {0xC7,0x05,0x06,0x05}},
    {REGFLAG_CMD, 4, {0xC8,0x00,0x00,0x00}},
    {REGFLAG_CMD, 4, {0xC9,0x00,0x00,0x00}},
    {REGFLAG_CMD, 4, {0xCA,0x00,0x00,0x00}},
    {REGFLAG_CMD, 4, {0xCB,0x00,0x00,0x00}},
    {REGFLAG_CMD, 4, {0xCC,0x00,0x00,0x00}},
    {REGFLAG_CMD, 4, {0xCD,0x00,0x00,0x00}},
    {REGFLAG_CMD, 4, {0xCE,0x00,0x00,0x00}},
    {REGFLAG_CMD, 4, {0xCF,0x00,0x00,0x00}},
    {REGFLAG_CMD, 4, {0xFF,0x5A,0xA5,0x03}},
    {REGFLAG_CMD, 6, {0x90,0x01,0x80,0x21,0x40,0x35}},
    {REGFLAG_CMD, 7, {0x92,0x00,0x00,0x00,0x00,0x00,0x00}},
    {REGFLAG_CMD, 4, {0xFF,0x5A,0xA5,0x00}},
    {REGFLAG_CMD, 1, {0x29}},
    {REGFLAG_CMD, 4, {0xFF,0x5A,0xA5,0x2D}},
    {REGFLAG_CMD, 3, {0x85,0x00,0x00}},
    {REGFLAG_CMD, 2, {0xF2,0x00}},
    {REGFLAG_CMD, 4, {0xFF,0x5A,0xA5,0x00}},
    {REGFLAG_CMD, 2, {0x60,0x02}}, // 0x00: 120Hz, 0x02: 90Hz
    {REGFLAG_CMD, 4, {0xFF,0x5A,0xA5,0x00}},
    {REGFLAG_CMD, 4, {0xFF,0x5A,0xA5,0x0B}},
    {REGFLAG_CMD, 2, {0xA0,0x05}}, // >70nit A0 07, <=70nit A0 05
    {REGFLAG_CMD, 4, {0xFF,0x5A,0xA5,0x4E}},
    {REGFLAG_CMD, 2, {0xDA,0x04}},
    {REGFLAG_CMD, 2, {0xDB,0x8B}},
    {REGFLAG_CMD, 2, {0xDC,0x04}},
    {REGFLAG_CMD, 2, {0xDD,0x8A}},
    {REGFLAG_CMD, 2, {0xDE,0x02}},
    {REGFLAG_CMD, 2, {0xDF,0x43}},
    {REGFLAG_CMD, 2, {0xE0,0x01}},
    {REGFLAG_CMD, 2, {0xE1,0xE1}},
    {REGFLAG_CMD, 91, {0xCF,0x00,0x00,0x00,0x00,0x00,0x00,0x08,0x88,0x88,0x00,0x00,0x00,0x00,0x00,0x00,0x00,0x00,0x00,0x00,0x34,0x34,0x34,0x34,0x34,0x08,0x88,0x88,0x00,0x00,0x00,0x00,0x00,0x00,0x00,0x00,0x00,0x00,0x34,0x34,0x34,0x34,0x34,0x08,0x88,0x88,0x00,0x00,0x00,0x00,0x00,0x00,0x00,0x00,0x00,0x00,0x19,0x19,0x19,0x19,0x19,0x08,0x88,0x88,0x00,0x00,0x00,0x00,0x00,0x00,0x00,0x00,0x00,0x00,0x19,0x19,0x19,0x19,0x19,0x08,0x88,0x88,0x00,0x00,0x00,0x00,0x00,0x00,0x00,0x00,0x00}},
    {REGFLAG_CMD, 91, {0xD0,0x00,0x00,0x00,0x00,0x00,0x00,0x08,0x88,0x88,0x00,0x00,0x00,0x00,0x00,0x00,0x00,0x00,0x00,0x00,0x0B,0x0B,0x0B,0x0B,0x0B,0x08,0x88,0x88,0x00,0x00,0x00,0x00,0x00,0x00,0x00,0x00,0x00,0x00,0x0B,0x0B,0x0B,0x0B,0x0B,0x08,0x88,0x88,0x00,0x00,0x00,0x00,0x00,0x00,0x00,0x00,0x00,0x00,0x06,0x06,0x06,0x06,0x06,0x08,0x88,0x88,0x00,0x00,0x00,0x00,0x00,0x00,0x00,0x00,0x00,0x00,0x06,0x06,0x06,0x06,0x06,0x08,0x88,0x88,0x00,0x00,0x00,0x00,0x00,0x00,0x00,0x00,0x00}},
};

struct LCM_setting_table dsi_on_cmd_sdc90_1pulse[] = {
    {REGFLAG_CMD, 4, {0xFF,0x5A,0xA5,0x01}},
    {REGFLAG_CMD, 2, {0xFB,0x08}}, // Multi TE
    {REGFLAG_CMD, 4, {0xFF,0x5A,0xA5,0x03}},
    {REGFLAG_CMD, 6, {0x90,0x01,0x80,0x21,0x40,0x35}},
    {REGFLAG_CMD, 4, {0xFF,0x5A,0xA5,0x08}},
    {REGFLAG_CMD, 2, {0xC8,0x62}}, // Sleep out don't reload
    {REGFLAG_CMD, 4, {0xFF,0x5A,0xA5,0x20}},
    {REGFLAG_CMD, 2, {0xBA,0x04}},
    {REGFLAG_CMD, 2, {0xBB,0x05}},
    {REGFLAG_CMD, 2, {0xBC,0x07}},
    {REGFLAG_CMD, 2, {0xBD,0x06}},
    {REGFLAG_CMD, 4, {0xFF,0x5A,0xA5,0x21}},
    {REGFLAG_CMD, 2, {0xA4,0x18}}, // Flash reload enable
    // shift TE
    {REGFLAG_CMD, 4, {0xFF,0x5A,0xA5,0x02}},
    {REGFLAG_CMD, 3, {0xAB,0xAF,0x82}},
    {REGFLAG_CMD, 2, {0xC0,0x03}},
    {REGFLAG_CMD, 9, {0xB0,0x00,0x80,0x00,0x10,0x00,0x00,0x00,0x00}},
    {REGFLAG_CMD, 4, {0xFF,0x5A,0xA5,0x00}},
    // PPS setting
    {REGFLAG_CMD, 4, {0xFF,0x5A,0xA5,0x07}},
    {REGFLAG_CMD, 2, {0x8A,0x01}}, // PPS Enable
    {REGFLAG_CMD, 3, {0x8B,0x21,0xE0}}, // PPS Table
    {REGFLAG_CMD, 100, {0x81,0x00,0x00,0x00,0x00,0x00,0x12,0x00,0x00,0xAB,0x30,0x80,0x0A,0xDC,0x04,0xF0,0x00,0x14,0x02,0x78,0x02,0x78,0x02,0x00,0x02,0x57,0x00,0x20,0x01,0xF8,0x00,0x08,0x00,0x0D,0x05,0x7A,0x04,0x4F,0x18,0x00,0x10,0xE0,0x07,0x10,0x20,0x00,0x06,0x0F,0x0F,0x33,0x0E,0x1C,0x2A,0x38,0x46,0x54,0x62,0x69,0x70,0x77,0x79,0x7B,0x7D,0x7E,0x02,0x02,0x22,0x00,0x2A,0x40,0x2A,0xBE,0x3A,0xFC,0x3A,0xFA,0x3A,0xF8,0x3B,0x38,0x3B,0x78,0x3B,0xB6,0x4B,0xB6,0x4B,0xF4,0x4B,0xF4,0x6C,0x34,0x84,0x74,0x00,0x00,0x00,0x00,0x00,0x00}},
    // ffc setting
    {REGFLAG_CMD, 4, {0xFF,0x5A,0xA5,0x22}},
    {REGFLAG_CMD, 8, {0xD8,0x00,0xC4,0x11,0x10,0x32,0x12,0x12}},
    {REGFLAG_CMD, 8, {0xD9,0x00,0xC4,0x11,0x10,0x32,0x12,0x12}},
    {REGFLAG_CMD, 8, {0xDA,0x00,0xC4,0x11,0x10,0x32,0x12,0x12}},
    {REGFLAG_CMD, 8, {0xDB,0x00,0xC4,0x11,0x10,0x32,0x12,0x12}},
    {REGFLAG_CMD, 10, {0xDC,0x84,0x94,0xBB,0x00,0x20,0xC4,0xA1,0xCC,0x10}},
    {REGFLAG_CMD, 2, {0xDD,0x01}},
    {REGFLAG_CMD, 2, {0xDE,0xF1}},
    {REGFLAG_CMD, 2, {0xDF,0x80}},
    {REGFLAG_CMD, 8, {0xE0,0x02,0x00,0x5F,0x21,0x00,0x28,0x00}},
    {REGFLAG_CMD, 4, {0xFF,0x5A,0xA5,0x00}},
    // PAGE 2D
    {REGFLAG_CMD, 4, {0xFF,0x5A,0xA5,0x2D}},
    {REGFLAG_CMD, 2, {0xCE,0xD4}},
    {REGFLAG_CMD, 4, {0xEC,0x01,0xFF,0xFF}},
    {REGFLAG_CMD, 3, {0xED,0x55,0x05}},
    {REGFLAG_CMD, 3, {0x93,0xA0,0x00}},
    {REGFLAG_CMD, 3, {0x94,0x00,0x00}},
    {REGFLAG_CMD, 3, {0x88,0x01,0x00}},
    {REGFLAG_CMD, 2, {0xD2,0x06}},
    {REGFLAG_CMD, 4, {0xFF,0x5A,0xA5,0x00}},
    {REGFLAG_CMD, 2, {0x5E,0x01}},
    {REGFLAG_CMD, 2, {0x60,0x00}},
    {REGFLAG_CMD, 2, {0x61,0x07}},
    {REGFLAG_CMD, 2, {0x6D,0x01}},
    {REGFLAG_CMD, 2, {0x6E,0x00}},
    {REGFLAG_CMD, 2, {0x35,0x00}},
    {REGFLAG_CMD, 2, {0x53,0x20}},
    {REGFLAG_CMD, 2, {0x5A,0x01}},
    {REGFLAG_CMD, 2, {0x5B,0x80}},
    {REGFLAG_CMD, 4, {0xFF,0x5A,0xA5,0x4E}},
    {REGFLAG_CMD, 5, {0xCD,0x00,0x00,0x00,0x00}},
    {REGFLAG_CMD, 5, {0xCE,0x00,0x00,0x00,0x00}},
    {REGFLAG_CMD, 4, {0xFF,0x5A,0xA5,0x06}},
    {REGFLAG_CMD, 2, {0xA0,0x00}},
    // Skip Frame Decreasing Step
    {REGFLAG_CMD, 4, {0xFF,0x5A,0xA5,0x2D}},
    {REGFLAG_CMD, 3, {0x93,0xA0,0x00}},
    {REGFLAG_CMD, 4, {0xEC,0x01,0xFF,0xFF}},
    {REGFLAG_CMD, 3, {0xED,0x55,0x05}},
    {REGFLAG_CMD, 2, {0x97,0x02}},
    {REGFLAG_CMD, 3, {0x98,0x03,0x00}},
    {REGFLAG_CMD, 3, {0x99,0x0B,0x00}},
    {REGFLAG_CMD, 3, {0x9A,0x17,0x00}},
    {REGFLAG_CMD, 3, {0x9B,0x00,0x00}},
    {REGFLAG_CMD, 5, {0xA0,0x00,0x01,0x00,0x00}},
    {REGFLAG_CMD, 5, {0xA1,0x02,0x00,0x00,0x00}},
    {REGFLAG_CMD, 2, {0xB1,0x02}},
    {REGFLAG_CMD, 3, {0xB2,0x02,0x00}},
    {REGFLAG_CMD, 3, {0xB3,0x08,0x00}},
    {REGFLAG_CMD, 3, {0xB4,0x11,0x00}},
    {REGFLAG_CMD, 3, {0xB5,0x00,0x00}},
    {REGFLAG_CMD, 3, {0xBA,0x00,0x01}},
    {REGFLAG_CMD, 3, {0xBB,0x02,0x00}},
    // Voltage tie point DBV579
    {REGFLAG_CMD, 4, {0xFF,0x5A,0xA5,0x29}},
    {REGFLAG_CMD, 9, {0x93,0x0F,0xFF,0x0F,0xFE,0x0D,0xBB,0x07,0x52}},
    {REGFLAG_CMD, 9, {0x94,0x06,0xDC,0x06,0xDB,0x06,0x66,0x06,0x65}},
    {REGFLAG_CMD, 9, {0x95,0x05,0xF0,0x05,0xEF,0x05,0x79,0x05,0x78}},
    {REGFLAG_CMD, 9, {0x96,0x05,0x02,0x05,0x01,0x04,0x8C,0x04,0x8B}},
    {REGFLAG_CMD, 9, {0x97,0x04,0x8A,0x04,0x76,0x03,0xE6,0x02,0xCB}},
    {REGFLAG_CMD, 9, {0x98,0x02,0x43,0x01,0xE1,0x01,0x38,0x00,0x9E}},
    {REGFLAG_CMD, 9, {0x99,0x00,0x01,0x00,0x00,0x00,0x00,0x00,0x00}},
    {REGFLAG_CMD, 5, {0x9A,0x00,0x00,0x00,0x00}},
    {REGFLAG_CMD, 4, {0xFF,0x5A,0xA5,0x0B}},
    {REGFLAG_CMD, 2, {0xD1,0x8C}},
    {REGFLAG_CMD, 4, {0xFF,0x5A,0xA5,0x00}},
    // crosstalk optimization
    {REGFLAG_CMD, 4, {0xFF,0x5A,0xA5,0x31}},
    {REGFLAG_CMD, 2, {0xA0,0xA3}},
    {REGFLAG_CMD, 2, {0xA3,0x00}},
    {REGFLAG_CMD, 2, {0x9F,0x06}},
    {REGFLAG_CMD, 11, {0x90,0x02,0x03,0x04,0x07,0x09,0x02,0x03,0x04,0x07,0x09}},
    {REGFLAG_CMD, 25, {0x8C,0x40,0x30,0x20,0x19,0x10,0x08,0x12,0x00,0x00,0x00,0x00,0x00,0x00,0x00,0x00,0x00,0x00,0x00,0x00,0x00,0x00,0x00,0x00,0x00}},
    {REGFLAG_CMD, 26, {0x8D,0x30,0x28,0x14,0x10,0x09,0x08,0x02,0x00,0x00,0x00,0x00,0x00,0x00,0x00,0x00,0x00,0x00,0x00,0x00,0x00,0x00,0x00,0x00,0x00,0x00}},
    {REGFLAG_CMD, 7, {0x91,0x30,0x44,0x44,0x04,0x08,0x0C}},
    {REGFLAG_CMD, 7, {0x92,0x30,0x44,0x44,0x04,0x08,0x0C}},
    {REGFLAG_CMD, 7, {0x93,0x30,0x44,0x44,0x04,0x08,0x0C}},
    {REGFLAG_CMD, 2, {0xA6,0x00}},
    {REGFLAG_CMD, 2, {0xA7,0x10}},
    {REGFLAG_CMD, 2, {0xA8,0x00}},
    {REGFLAG_CMD, 2, {0xA9,0x10}},
    {REGFLAG_CMD, 2, {0xAA,0x00}},
    {REGFLAG_CMD, 2, {0xAB,0x10}},
    {REGFLAG_CMD, 2, {0xD0,0x81}},
    {REGFLAG_CMD, 19, {0x80,0xF0,0x6B,0x45,0x19,0x02,0xFE,0xE7,0xBB,0x95,0xE0,0x0C,0x05,0x02,0x00,0x00,0xFE,0xFE,0xF4}},
    {REGFLAG_CMD, 19, {0x81,0xF0,0x53,0x35,0x14,0x02,0xFE,0xEC,0xCB,0xAD,0xE0,0x0A,0x04,0x01,0x00,0x00,0xFF,0xFF,0xFD}},
    {REGFLAG_CMD, 19, {0x82,0xF0,0x43,0x2B,0x10,0x02,0xFE,0xF0,0xD5,0xBD,0xE0,0x06,0x04,0x01,0x00,0x00,0xFF,0xFF,0xFE}},
    {REGFLAG_CMD, 19, {0x83,0xF0,0x59,0x3A,0x15,0x02,0xFE,0xEB,0xC6,0xA7,0xE0,0x05,0x02,0x01,0x00,0x00,0xFF,0xFF,0xFE}},
    {REGFLAG_CMD, 19, {0x84,0xF0,0x46,0x2D,0x11,0x02,0xFE,0xEF,0xD3,0xBA,0xE0,0x03,0x01,0x01,0x00,0x00,0xFF,0xFF,0xFF}},
    {REGFLAG_CMD, 19, {0x85,0xF0,0x36,0x23,0x0D,0x02,0xFE,0xF3,0xDD,0xCA,0xE0,0x02,0x01,0x01,0x00,0x00,0xFF,0xFF,0xFF}},
    {REGFLAG_CMD, 19, {0x86,0xF0,0x6B,0x45,0x19,0x02,0xFE,0xE7,0xBB,0x95,0xE0,0x0C,0x05,0x02,0x00,0x00,0xFE,0xFE,0xF4}},
    {REGFLAG_CMD, 19, {0x87,0xF0,0x53,0x35,0x14,0x02,0xFE,0xEC,0xCB,0xAD,0xE0,0x0A,0x04,0x01,0x00,0x00,0xFF,0xFF,0xFD}},
    {REGFLAG_CMD, 19, {0x88,0xF0,0x43,0x2B,0x10,0x02,0xFE,0xF0,0xD5,0xBD,0xE0,0x06,0x04,0x01,0x00,0x00,0xFF,0xFF,0xFE}},
    {REGFLAG_CMD, 19, {0x89,0xF0,0x59,0x3A,0x15,0x02,0xFE,0xEB,0xC6,0xA7,0xE0,0x05,0x02,0x01,0x00,0x00,0xFF,0xFF,0xFE}},
    {REGFLAG_CMD, 19, {0x8A,0xF0,0x46,0x2D,0x11,0x02,0xFE,0xEF,0xD3,0xBA,0xE0,0x03,0x01,0x01,0x00,0x00,0xFF,0xFF,0xFF}},
    {REGFLAG_CMD, 19, {0x8B,0xF0,0x36,0x23,0x0D,0x02,0xFE,0xF3,0xDD,0xCA,0xE0,0x02,0x01,0x01,0x00,0x00,0xFF,0xFF,0xFF}},
    {REGFLAG_CMD, 2, {0xD0,0x80}},
    {REGFLAG_CMD, 4, {0xFF,0x5A,0xA5,0x2B}},
    {REGFLAG_CMD, 5, {0xA8,0x0F,0x00,0xFE,0xF7}},
    {REGFLAG_CMD, 5, {0xA9,0x3F,0xF6,0xF6,0xFC}},
    {REGFLAG_CMD, 5, {0xAA,0x3F,0xF8,0xD7,0xB8}},
    {REGFLAG_CMD, 5, {0xAB,0x03,0x00,0x00,0xFD}},
    {REGFLAG_CMD, 5, {0xAC,0x3F,0xF9,0xF7,0xF9}},
    {REGFLAG_CMD, 5, {0xAD,0x3F,0xF6,0xE4,0xD2}},
    {REGFLAG_CMD, 5, {0xAE,0x00,0x00,0x00,0x00}},
    {REGFLAG_CMD, 5, {0xAF,0x3F,0xFC,0xF8,0xF6}},
    {REGFLAG_CMD, 5, {0xB0,0x3F,0xF4,0xF0,0xEC}},
    {REGFLAG_CMD, 5, {0xB1,0x00,0x00,0x00,0x00}},
    {REGFLAG_CMD, 5, {0xB2,0x0F,0x00,0xFC,0xF9}},
    {REGFLAG_CMD, 5, {0xB3,0x3F,0xFA,0xF6,0xF2}},
    {REGFLAG_CMD, 5, {0xB4,0x00,0x00,0x00,0x00}},
    {REGFLAG_CMD, 5, {0xB5,0x03,0x00,0x00,0xFD}},
    {REGFLAG_CMD, 5, {0xB6,0x3F,0xF9,0xF5,0xF2}},
    {REGFLAG_CMD, 5, {0xB7,0x00,0x00,0x00,0x00}},
    {REGFLAG_CMD, 5, {0xB8,0x00,0x00,0x00,0x00}},
    {REGFLAG_CMD, 5, {0xB9,0x0F,0x01,0xFA,0xF2}},
    {REGFLAG_CMD, 5, {0xBA,0x00,0x00,0x00,0x00}},
    {REGFLAG_CMD, 5, {0xBB,0x00,0x00,0x00,0x00}},
    {REGFLAG_CMD, 5, {0xBC,0x00,0x00,0x04,0x08}},
    {REGFLAG_CMD, 5, {0xBD,0x00,0x00,0x00,0x00}},
    {REGFLAG_CMD, 5, {0xBE,0x00,0x00,0x00,0x00}},
    {REGFLAG_CMD, 5, {0xBF,0x00,0x00,0x00,0x00}},
    {REGFLAG_CMD, 5, {0xC0,0x00,0x00,0x00,0x00}},
    {REGFLAG_CMD, 5, {0xC1,0x00,0x00,0x00,0x00}},
    {REGFLAG_CMD, 5, {0xC2,0x00,0x00,0x00,0x00}},
    {REGFLAG_CMD, 5, {0xC3,0x0F,0x00,0xFB,0xF9}},
    {REGFLAG_CMD, 5, {0xC4,0x3F,0xF5,0xED,0xF0}},
    {REGFLAG_CMD, 5, {0xC5,0x3F,0xF2,0xEC,0xE5}},
    {REGFLAG_CMD, 5, {0xC6,0x03,0x00,0x00,0xFC}},
    {REGFLAG_CMD, 5, {0xC7,0x3F,0xF9,0xF5,0xF5}},
    {REGFLAG_CMD, 5, {0xC8,0x3F,0xF3,0xEE,0xEA}},
    {REGFLAG_CMD, 5, {0xC9,0x00,0x00,0x00,0x00}},
    {REGFLAG_CMD, 5, {0xCA,0x3F,0xFD,0xFD,0xF9}},
    {REGFLAG_CMD, 5, {0xCB,0x3F,0xF4,0xF1,0xEE}},
    {REGFLAG_CMD, 5, {0xCC,0x00,0x00,0x00,0x00}},
    {REGFLAG_CMD, 5, {0xCD,0x0F,0x00,0xFE,0xFE}},
    {REGFLAG_CMD, 5, {0xCE,0x3F,0xF8,0xF6,0xF4}},
    {REGFLAG_CMD, 5, {0xCF,0x00,0x00,0x00,0x00}},
    {REGFLAG_CMD, 5, {0xD0,0x00,0x00,0x00,0x01}},
    {REGFLAG_CMD, 5, {0xD1,0x3F,0xFA,0xFB,0xFD}},
    {REGFLAG_CMD, 5, {0xD2,0x00,0x00,0x00,0x00}},
    {REGFLAG_CMD, 5, {0xD3,0x00,0x00,0x00,0x00}},
    {REGFLAG_CMD, 5, {0xD4,0x3F,0xFF,0xFC,0xFA}},
    {REGFLAG_CMD, 5, {0xD5,0x00,0x00,0x00,0x00}},
    {REGFLAG_CMD, 5, {0xD6,0x00,0x00,0x00,0x00}},
    {REGFLAG_CMD, 5, {0xD7,0x0F,0x00,0xFD,0xFB}},
    {REGFLAG_CMD, 5, {0xD8,0x00,0x00,0x00,0x00}},
    {REGFLAG_CMD, 5, {0xD9,0x00,0x00,0x00,0x00}},
    {REGFLAG_CMD, 5, {0xDA,0x00,0x00,0x00,0x00}},
    {REGFLAG_CMD, 5, {0xDB,0x00,0x00,0x00,0x00}},
    {REGFLAG_CMD, 5, {0xDC,0x00,0x00,0x00,0x00}},
    {REGFLAG_CMD, 5, {0xDD,0x00,0x00,0x00,0x00}},
    {REGFLAG_CMD, 5, {0xDE,0x0F,0x00,0xFA,0xFE}},
    {REGFLAG_CMD, 5, {0xDF,0x3F,0xFA,0xF7,0xF2}},
    {REGFLAG_CMD, 5, {0xE0,0x3F,0xF3,0xEE,0xEA}},
    {REGFLAG_CMD, 5, {0xE1,0x03,0x00,0x00,0xFC}},
    {REGFLAG_CMD, 5, {0xE2,0x3F,0xFB,0xF9,0xF6}},
    {REGFLAG_CMD, 5, {0xE3,0x3F,0xF5,0xF3,0xF0}},
    {REGFLAG_CMD, 5, {0xE4,0x00,0x00,0x00,0x00}},
    {REGFLAG_CMD, 5, {0xE5,0x3F,0xFC,0xFB,0xFA}},
    {REGFLAG_CMD, 5, {0xE6,0x3F,0xF8,0xF7,0xF6}},
    {REGFLAG_CMD, 5, {0xE7,0x00,0x00,0x00,0x00}},
    {REGFLAG_CMD, 5, {0xE8,0x0F,0x00,0xFE,0xFA}},
    {REGFLAG_CMD, 5, {0xE9,0x3F,0xF7,0xFA,0xFE}},
    {REGFLAG_CMD, 5, {0xEA,0x00,0x00,0x00,0x00}},
    {REGFLAG_CMD, 5, {0xEB,0x03,0x00,0x00,0xFC}},
    {REGFLAG_CMD, 5, {0xEC,0x3F,0xFA,0xFC,0xFE}},
    {REGFLAG_CMD, 5, {0xED,0x00,0x00,0x00,0x00}},
    {REGFLAG_CMD, 5, {0xEE,0x00,0x00,0x00,0x00}},
    {REGFLAG_CMD, 5, {0xEF,0x3F,0xFE,0xFD,0xFC}},
    {REGFLAG_CMD, 5, {0xF0,0x00,0x00,0x00,0x00}},
    {REGFLAG_CMD, 5, {0xF1,0x00,0x00,0x00,0x00}},
    {REGFLAG_CMD, 5, {0xF2,0x0F,0x00,0xFE,0xFC}},
    {REGFLAG_CMD, 5, {0xF3,0x00,0x00,0x00,0x00}},
    {REGFLAG_CMD, 5, {0xF4,0x00,0x00,0x00,0x00}},
    {REGFLAG_CMD, 5, {0xF5,0x00,0x00,0x00,0x00}},
    {REGFLAG_CMD, 5, {0xF6,0x00,0x00,0x00,0x00}},
    {REGFLAG_CMD, 5, {0xF7,0x00,0x00,0x00,0x00}},
    {REGFLAG_CMD, 5, {0xF8,0x00,0x00,0x00,0x00}},
    {REGFLAG_CMD, 4, {0xFF,0x5A,0xA5,0x07}},
    {REGFLAG_CMD, 7, {0xE0,0x03,0xA9,0x06,0xDD,0x07,0xFF}},
    {REGFLAG_CMD, 9, {0xE3,0xAA,0x99,0x88,0x88,0x88,0x88,0x77,0x66}},
    {REGFLAG_CMD, 4, {0xE4,0x40,0x40,0x40}},
    {REGFLAG_CMD, 2, {0xE5,0x05}},
    {REGFLAG_CMD, 4, {0xE6,0x00,0x00,0x00}},
    {REGFLAG_CMD, 2, {0xE7,0xFF}},
    {REGFLAG_CMD, 12, {0xE8,0x01,0x00,0x00,0x20,0x40,0x60,0x80,0xA0,0xC0,0xE0,0x00}},
    {REGFLAG_CMD, 4, {0xFF,0x5A,0xA5,0x00}},
    // 3 to 1 90hz
    {REGFLAG_CMD, 4, {0xFF,0x5A,0xA5,0x0B}},
    {REGFLAG_CMD, 2, {0xA0,0x05}},
    {REGFLAG_CMD, 4, {0xFF,0x5A,0xA5,0x23}},
    {REGFLAG_CMD, 2, {0x8D,0x48}},
    {REGFLAG_CMD, 4, {0xFF,0x5A,0xA5,0x24}},
    {REGFLAG_CMD, 9, {0xAC,0x0F,0xFE,0x0D,0xBB,0x07,0x52,0x04,0x8B}},
    {REGFLAG_CMD, 9, {0xAD,0x04,0x8A,0x02,0xCB,0x01,0xE1,0x00,0x01}},
    {REGFLAG_CMD, 9, {0xAE,0x00,0x00,0x00,0x00,0x00,0x00,0x00,0x00}},
    {REGFLAG_CMD, 26, {0xD0,0x0F,0xFE,0x0D,0xBB,0x07,0x52,0x04,0x8B,0x04,0x8A,0x02,0xCB,0x01,0xE1,0x00,0x01,0x00,0x00,0x00,0x00,0x00,0x00,0x00,0x00,0x00}},
    {REGFLAG_CMD, 26, {0xD1,0x0F,0xFE,0x0D,0xBB,0x07,0x52,0x04,0x8B,0x04,0x8A,0x02,0xCB,0x01,0xE1,0x00,0x01,0x00,0x00,0x00,0x00,0x00,0x00,0x00,0x00,0x00}},
    {REGFLAG_CMD, 4, {0xFF,0x5A,0xA5,0x02}}, // PAGE 2
    {REGFLAG_CMD, 10, {0xE5,0x09,0x0B,0x0B,0x0D,0x55,0x0D,0x32,0x32,0x32}},
    {REGFLAG_CMD, 3, {0xE7,0x33,0x25}}, // DFR1 VGHL 1H AVEE 4H
    {REGFLAG_CMD, 3, {0xE8,0x33,0x25}}, // DFR2 VGHL 1H AVEE 4H
    {REGFLAG_CMD, 3, {0xE9,0x33,0x25}}, // DFR3 VGHL 1H AVEE 4H
    {REGFLAG_CMD, 4, {0xFF,0x5A,0xA5,0x05}}, // PAGE 5
    {REGFLAG_CMD, 15, {0xCA,0x1D,0x1F,0x1F,0x1F,0x1F,0x00,0x00,0x22,0x1B,0x1B,0x1B,0x18,0x19,0x19}},
    {REGFLAG_CMD, 4, {0xFF,0x5A,0xA5,0x00}},
    {REGFLAG_CMD, 1, {0x11}},
    {REGFLAG_DELAY, 120, {}}, // Delay 120ms
    {REGFLAG_CMD, 4, {0xFF,0x5A,0xA5,0x51}},
    {REGFLAG_CMD, 7, {0x80,0xD4,0xD4,0xD4,0xD4,0x22,0x22}},
    {REGFLAG_CMD, 7, {0x81,0xD4,0xD4,0xD4,0xD4,0x22,0x22}},
    {REGFLAG_CMD, 7, {0x82,0xD4,0xD4,0xD4,0xD4,0x22,0x22}},
    {REGFLAG_CMD, 7, {0x83,0xD4,0xD4,0xD4,0xD4,0x22,0x22}},
    {REGFLAG_CMD, 7, {0x84,0xD4,0xD4,0xD4,0xD4,0x22,0x22}},
    {REGFLAG_CMD, 7, {0x85,0xD4,0xD4,0xD4,0xD4,0x22,0x22}},
    {REGFLAG_CMD, 7, {0x86,0xD4,0xD4,0xD4,0xD4,0x22,0x22}},
    {REGFLAG_CMD, 7, {0x87,0xD4,0xD4,0x00,0x00,0x22,0x00}},
    {REGFLAG_CMD, 7, {0xA0,0xD4,0xD4,0xD4,0xD4,0x22,0x22}},
    {REGFLAG_CMD, 7, {0xA1,0xD4,0xD4,0xD4,0xD4,0x22,0x22}},
    {REGFLAG_CMD, 7, {0xA2,0xD4,0xD4,0xD4,0xD4,0x22,0x22}},
    {REGFLAG_CMD, 7, {0xA3,0xD4,0xD4,0xD4,0xD4,0x22,0x22}},
    {REGFLAG_CMD, 7, {0xA4,0xD4,0xD4,0xD4,0xD4,0x22,0x22}},
    {REGFLAG_CMD, 7, {0xA5,0xD4,0xD4,0xD4,0xD4,0x22,0x22}},
    {REGFLAG_CMD, 7, {0xA6,0xD4,0xD4,0xD4,0xD4,0x22,0x22}},
    {REGFLAG_CMD, 7, {0xA7,0xD4,0xD4,0x00,0x00,0x22,0x00}},
    {REGFLAG_CMD, 7, {0xC0,0x9A,0x4A,0xF0,0xAA,0x11,0x00}},
    {REGFLAG_CMD, 7, {0xC1,0xAA,0xA5,0xA5,0xA0,0x00,0x00}},
    {REGFLAG_CMD, 7, {0xC2,0xA0,0x9B,0x9B,0x96,0x00,0x00}},
    {REGFLAG_CMD, 7, {0xC3,0x96,0x91,0x91,0x8C,0x00,0x00}},
    {REGFLAG_CMD, 7, {0xC4,0x6E,0x6E,0x6E,0x6E,0x00,0x00}},
    {REGFLAG_CMD, 7, {0xC5,0x6E,0x6E,0x6E,0x6E,0x00,0x00}},
    {REGFLAG_CMD, 7, {0xC6,0x6E,0x6E,0x6E,0x6E,0x00,0x00}},
    {REGFLAG_CMD, 7, {0xC7,0x6E,0x6E,0x00,0x00,0x00,0x00}},
    {REGFLAG_CMD, 4, {0xFF,0x5A,0xA5,0x52}},
    {REGFLAG_CMD, 7, {0x80,0x9A,0x4A,0xF0,0xAA,0x11,0x00}},
    {REGFLAG_CMD, 7, {0x81,0xAA,0xA5,0xA5,0xA0,0x00,0x00}},
    {REGFLAG_CMD, 7, {0x82,0xA0,0x9B,0x9B,0x96,0x00,0x00}},
    {REGFLAG_CMD, 7, {0x83,0x96,0x91,0x91,0x8C,0x00,0x00}},
    {REGFLAG_CMD, 7, {0x84,0x6E,0x6E,0x6E,0x6E,0x00,0x00}},
    {REGFLAG_CMD, 7, {0x85,0x6E,0x6E,0x6E,0x6E,0x00,0x00}},
    {REGFLAG_CMD, 7, {0x86,0x6E,0x6E,0x6E,0x6E,0x00,0x00}},
    {REGFLAG_CMD, 7, {0x87,0x6E,0x6E,0x00,0x00,0x00,0x00}},
    {REGFLAG_CMD, 7, {0xA0,0x54,0x54,0x54,0x54,0x11,0x11}},
    {REGFLAG_CMD, 7, {0xA1,0x54,0x54,0x54,0x54,0x11,0x11}},
    {REGFLAG_CMD, 7, {0xA2,0x54,0x54,0x54,0x54,0x11,0x11}},
    {REGFLAG_CMD, 7, {0xA3,0x54,0x54,0x54,0x54,0x11,0x11}},
    {REGFLAG_CMD, 7, {0xA4,0x54,0x54,0x54,0x54,0x11,0x11}},
    {REGFLAG_CMD, 7, {0xA5,0x54,0x54,0x54,0x54,0x11,0x11}},
    {REGFLAG_CMD, 7, {0xA6,0x54,0x54,0x54,0x54,0x11,0x11}},
    {REGFLAG_CMD, 7, {0xA7,0x54,0x54,0x00,0x00,0x11,0x00}},
    {REGFLAG_CMD, 7, {0xC0,0x54,0x54,0x54,0x54,0x11,0x11}},
    {REGFLAG_CMD, 7, {0xC1,0x54,0x54,0x54,0x54,0x11,0x11}},
    {REGFLAG_CMD, 7, {0xC2,0x54,0x54,0x54,0x54,0x11,0x11}},
    {REGFLAG_CMD, 7, {0xC3,0x54,0x54,0x54,0x54,0x11,0x11}},
    {REGFLAG_CMD, 7, {0xC4,0x54,0x54,0x54,0x54,0x11,0x11}},
    {REGFLAG_CMD, 7, {0xC5,0x54,0x54,0x54,0x54,0x11,0x11}},
    {REGFLAG_CMD, 7, {0xC6,0x54,0x54,0x54,0x54,0x11,0x11}},
    {REGFLAG_CMD, 7, {0xC7,0x54,0x54,0x00,0x00,0x11,0x00}},
    {REGFLAG_CMD, 4, {0xFF,0x5A,0xA5,0x00}},
    {REGFLAG_CMD, 4, {0xFF,0x5A,0xA5,0x49}},
    {REGFLAG_CMD, 12, {0x80,0x00,0x08,0x10,0x20,0x40,0x80,0xC0,0xE0,0x00,0x00,0x01}},
    {REGFLAG_CMD, 17, {0x81,0x00,0x00,0xF0,0x00,0x65,0x01,0xF3,0x01,0x44,0x02,0x45,0x02,0xA9,0x03,0xDD,0x06}},
    {REGFLAG_CMD, 19, {0x82,0x00,0x00,0xF0,0x00,0x65,0x01,0xF3,0x01,0x44,0x02,0x45,0x02,0xA9,0x03,0xDD,0x06,0xDD,0x06}},
    {REGFLAG_CMD, 2, {0x83,0x0A}},
    {REGFLAG_CMD, 2, {0x84,0x14}},
    {REGFLAG_CMD, 4, {0x85,0x80,0x00,0x02}},
    {REGFLAG_CMD, 4, {0x86,0x80,0x00,0x02}},
    {REGFLAG_CMD, 4, {0xA0,0x30,0x39,0x40}},
    {REGFLAG_CMD, 4, {0xA1,0x40,0x40,0x40}},
    {REGFLAG_CMD, 4, {0xA2,0x40,0x40,0x40}},
    {REGFLAG_CMD, 4, {0xA3,0x1E,0x5A,0x78}},
    {REGFLAG_CMD, 2, {0xA4,0x59}},
    {REGFLAG_CMD, 2, {0xA5,0x80}},
    {REGFLAG_CMD, 2, {0xA6,0x3F}},
    {REGFLAG_CMD, 2, {0xA7,0x0B}},
    {REGFLAG_CMD, 2, {0xAD,0x01}},
    {REGFLAG_CMD, 2, {0xAE,0x84}},
    {REGFLAG_CMD, 2, {0xAF,0x00}},
    {REGFLAG_CMD, 2, {0xD9,0x02}},
    {REGFLAG_CMD, 2, {0xDA,0xF7}},
    {REGFLAG_CMD, 2, {0xDB,0x9C}},
    {REGFLAG_CMD, 2, {0xDC,0x03}},
    {REGFLAG_CMD, 2, {0xDF,0x06}},
    {REGFLAG_CMD, 2, {0xE0,0x01}},
    {REGFLAG_CMD, 4, {0xFF,0x5A,0xA5,0x5A}},
    {REGFLAG_CMD, 4, {0x80,0x00,0x00,0x00}},
    {REGFLAG_CMD, 4, {0x81,0x00,0x02,0x00}},
    {REGFLAG_CMD, 4, {0x82,0x00,0x00,0x00}},
    {REGFLAG_CMD, 4, {0x83,0x01,0x21,0x00}},
    {REGFLAG_CMD, 4, {0x84,0x07,0x07,0x00}},
    {REGFLAG_CMD, 4, {0x85,0x07,0x08,0x00}},
    {REGFLAG_CMD, 4, {0x86,0x15,0x21,0x0C}},
    {REGFLAG_CMD, 4, {0x87,0x0E,0x0C,0x01}},
    {REGFLAG_CMD, 4, {0x88,0x0C,0x0C,0x0B}},
    {REGFLAG_CMD, 4, {0x89,0x05,0x06,0x01}},
    {REGFLAG_CMD, 4, {0x8A,0x15,0x15,0x07}},
    {REGFLAG_CMD, 4, {0x8B,0x0B,0x08,0x07}},
    {REGFLAG_CMD, 4, {0x8C,0x0C,0x06,0x07}},
    {REGFLAG_CMD, 4, {0x8D,0x08,0x03,0x07}},
    {REGFLAG_CMD, 4, {0x8E,0x03,0x02,0x04}},
    {REGFLAG_CMD, 4, {0x8F,0x18,0x0B,0x0D}},
    {REGFLAG_CMD, 4, {0x90,0x0E,0x07,0x0A}},
    {REGFLAG_CMD, 4, {0x91,0x0D,0x08,0x0A}},
    {REGFLAG_CMD, 4, {0x92,0x0B,0x05,0x09}},
    {REGFLAG_CMD, 4, {0x93,0x08,0x04,0x08}},
    {REGFLAG_CMD, 4, {0x94,0x04,0x02,0x04}},
    {REGFLAG_CMD, 4, {0x95,0x18,0x1A,0x19}},
    {REGFLAG_CMD, 4, {0x96,0x15,0x16,0x14}},
    {REGFLAG_CMD, 4, {0x97,0x13,0x13,0x15}},
    {REGFLAG_CMD, 4, {0x98,0x10,0x11,0x12}},
    {REGFLAG_CMD, 4, {0x99,0x0C,0x0D,0x0D}},
    {REGFLAG_CMD, 4, {0x9A,0x07,0x08,0x09}},
    {REGFLAG_CMD, 4, {0x9B,0x02,0x03,0x03}},
    {REGFLAG_CMD, 4, {0x9C,0x1B,0x1C,0x1A}},
    {REGFLAG_CMD, 4, {0x9D,0x18,0x16,0x16}},
    {REGFLAG_CMD, 4, {0x9E,0x12,0x14,0x14}},
    {REGFLAG_CMD, 4, {0x9F,0x11,0x12,0x10}},
    {REGFLAG_CMD, 4, {0xA0,0x0B,0x0A,0x0C}},
    {REGFLAG_CMD, 4, {0xA1,0x07,0x08,0x08}},
    {REGFLAG_CMD, 4, {0xA2,0x03,0x03,0x02}},
    {REGFLAG_CMD, 4, {0xA3,0x01,0x01,0x01}},
    {REGFLAG_CMD, 4, {0xA4,0x00,0x02,0x00}},
    {REGFLAG_CMD, 4, {0xA5,0x00,0x0F,0x00}},
    {REGFLAG_CMD, 4, {0xA6,0x00,0x04,0x00}},
    {REGFLAG_CMD, 4, {0xA7,0x09,0x0C,0x00}},
    {REGFLAG_CMD, 4, {0xA8,0x04,0x05,0x01}},
    {REGFLAG_CMD, 4, {0xA9,0x02,0x03,0x01}},
    {REGFLAG_CMD, 4, {0xAA,0x08,0x08,0x02}},
    {REGFLAG_CMD, 4, {0xAB,0x03,0x02,0x03}},
    {REGFLAG_CMD, 4, {0xAC,0x03,0x01,0x02}},
    {REGFLAG_CMD, 4, {0xAD,0x01,0x00,0x00}},
    {REGFLAG_CMD, 4, {0xAE,0x0C,0x09,0x0A}},
    {REGFLAG_CMD, 4, {0xAF,0x08,0x06,0x07}},
    {REGFLAG_CMD, 4, {0xB0,0x07,0x05,0x05}},
    {REGFLAG_CMD, 4, {0xB1,0x05,0x05,0x05}},
    {REGFLAG_CMD, 4, {0xB2,0x03,0x03,0x03}},
    {REGFLAG_CMD, 4, {0xB3,0x14,0x15,0x11}},
    {REGFLAG_CMD, 4, {0xB4,0x0F,0x0F,0x0D}},
    {REGFLAG_CMD, 4, {0xB5,0x0E,0x0E,0x0C}},
    {REGFLAG_CMD, 4, {0xB6,0x0C,0x0D,0x0B}},
    {REGFLAG_CMD, 4, {0xB7,0x08,0x09,0x07}},
    {REGFLAG_CMD, 4, {0xB8,0x02,0x03,0x03}},
    {REGFLAG_CMD, 4, {0xB9,0x22,0x23,0x22}},
    {REGFLAG_CMD, 4, {0xBA,0x1C,0x1D,0x1C}},
    {REGFLAG_CMD, 4, {0xBB,0x15,0x16,0x15}},
    {REGFLAG_CMD, 4, {0xBC,0x13,0x14,0x13}},
    {REGFLAG_CMD, 4, {0xBD,0x0D,0x0E,0x0D}},
    {REGFLAG_CMD, 4, {0xBE,0x05,0x06,0x07}},
    {REGFLAG_CMD, 4, {0xBF,0x02,0x03,0x02}},
    {REGFLAG_CMD, 4, {0xC0,0x23,0x24,0x23}},
    {REGFLAG_CMD, 4, {0xC1,0x20,0x22,0x21}},
    {REGFLAG_CMD, 4, {0xC2,0x18,0x1A,0x19}},
    {REGFLAG_CMD, 4, {0xC3,0x15,0x16,0x14}},
    {REGFLAG_CMD, 4, {0xC4,0x10,0x12,0x10}},
    {REGFLAG_CMD, 4, {0xC5,0x09,0x09,0x09}},
    {REGFLAG_CMD, 4, {0xC6,0x04,0x04,0x04}},
    {REGFLAG_CMD, 4, {0xC7,0x02,0x02,0x02}},
    {REGFLAG_CMD, 4, {0xC8,0x00,0x00,0x00}},
    {REGFLAG_CMD, 4, {0xC9,0x00,0x00,0x00}},
    {REGFLAG_CMD, 4, {0xCA,0x00,0x00,0x00}},
    {REGFLAG_CMD, 4, {0xCB,0x02,0x08,0x02}},
    {REGFLAG_CMD, 4, {0xCC,0x01,0x01,0x00}},
    {REGFLAG_CMD, 4, {0xCD,0x01,0x01,0x00}},
    {REGFLAG_CMD, 4, {0xCE,0x16,0x37,0x0F}},
    {REGFLAG_CMD, 4, {0xCF,0x0C,0x0C,0x06}},
    {REGFLAG_CMD, 4, {0xD0,0x0A,0x09,0x01}},
    {REGFLAG_CMD, 4, {0xD1,0x07,0x07,0x06}},
    {REGFLAG_CMD, 4, {0xD2,0x21,0x1F,0x0A}},
    {REGFLAG_CMD, 4, {0xD3,0x10,0x10,0x05}},
    {REGFLAG_CMD, 4, {0xD4,0x0E,0x0E,0x04}},
    {REGFLAG_CMD, 4, {0xD5,0x0B,0x0A,0x01}},
    {REGFLAG_CMD, 4, {0xD6,0x06,0x04,0x03}},
    {REGFLAG_CMD, 4, {0xD7,0x1F,0x14,0x0F}},
    {REGFLAG_CMD, 4, {0xD8,0x11,0x0B,0x07}},
    {REGFLAG_CMD, 4, {0xD9,0x0E,0x0A,0x06}},
    {REGFLAG_CMD, 4, {0xDA,0x0C,0x09,0x05}},
    {REGFLAG_CMD, 4, {0xDB,0x09,0x06,0x05}},
    {REGFLAG_CMD, 4, {0xDC,0x02,0x02,0x02}},
    {REGFLAG_CMD, 4, {0xDD,0x1C,0x1C,0x1D}},
    {REGFLAG_CMD, 4, {0xDE,0x13,0x14,0x14}},
    {REGFLAG_CMD, 4, {0xDF,0x12,0x12,0x11}},
    {REGFLAG_CMD, 4, {0xE0,0x10,0x0F,0x11}},
    {REGFLAG_CMD, 4, {0xE1,0x0C,0x0D,0x0E}},
    {REGFLAG_CMD, 4, {0xE2,0x05,0x04,0x04}},
    {REGFLAG_CMD, 4, {0xE3,0x01,0x02,0x01}},
    {REGFLAG_CMD, 4, {0xE4,0x1F,0x20,0x0A}},
    {REGFLAG_CMD, 4, {0xE5,0x16,0x18,0x16}},
    {REGFLAG_CMD, 4, {0xE6,0x14,0x16,0x14}},
    {REGFLAG_CMD, 4, {0xE7,0x10,0x11,0x10}},
    {REGFLAG_CMD, 4, {0xE8,0x0C,0x0D,0x0C}},
    {REGFLAG_CMD, 4, {0xE9,0x09,0x0A,0x09}},
    {REGFLAG_CMD, 4, {0xEA,0x04,0x04,0x04}},
    {REGFLAG_CMD, 4, {0xEB,0x02,0x02,0x02}},
    {REGFLAG_CMD, 4, {0xFF,0x5A,0xA5,0x5B}},
    {REGFLAG_CMD, 4, {0x80,0x00,0x07,0x00}},
    {REGFLAG_CMD, 4, {0x81,0x04,0x05,0x00}},
    {REGFLAG_CMD, 4, {0x82,0x01,0x01,0x00}},
    {REGFLAG_CMD, 4, {0x83,0x03,0x03,0x01}},
    {REGFLAG_CMD, 4, {0x84,0x01,0x00,0x01}},
    {REGFLAG_CMD, 4, {0x85,0x00,0x00,0x00}},
    {REGFLAG_CMD, 4, {0x86,0x05,0x04,0x03}},
    {REGFLAG_CMD, 4, {0x87,0x03,0x02,0x02}},
    {REGFLAG_CMD, 4, {0x88,0x02,0x02,0x02}},
    {REGFLAG_CMD, 4, {0x89,0x01,0x01,0x01}},
    {REGFLAG_CMD, 4, {0x8A,0x0C,0x0E,0x0A}},
    {REGFLAG_CMD, 4, {0x8B,0x09,0x0A,0x08}},
    {REGFLAG_CMD, 4, {0x8C,0x08,0x09,0x07}},
    {REGFLAG_CMD, 4, {0x8D,0x06,0x07,0x05}},
    {REGFLAG_CMD, 4, {0x8E,0x02,0x03,0x02}},
    {REGFLAG_CMD, 4, {0x8F,0x17,0x18,0x15}},
    {REGFLAG_CMD, 4, {0x90,0x12,0x12,0x10}},
    {REGFLAG_CMD, 4, {0x91,0x10,0x10,0x0E}},
    {REGFLAG_CMD, 4, {0x92,0x0D,0x0D,0x0C}},
    {REGFLAG_CMD, 4, {0x93,0x07,0x07,0x07}},
    {REGFLAG_CMD, 4, {0x94,0x02,0x02,0x02}},
    {REGFLAG_CMD, 4, {0x95,0x22,0x23,0x23}},
    {REGFLAG_CMD, 4, {0x96,0x1C,0x1D,0x1D}},
    {REGFLAG_CMD, 4, {0x97,0x17,0x18,0x18}},
    {REGFLAG_CMD, 4, {0x98,0x13,0x14,0x14}},
    {REGFLAG_CMD, 4, {0x99,0x0D,0x0E,0x0E}},
    {REGFLAG_CMD, 4, {0x9A,0x04,0x05,0x05}},
    {REGFLAG_CMD, 4, {0x9B,0x02,0x02,0x02}},
    {REGFLAG_CMD, 4, {0x9C,0x24,0x26,0x23}},
    {REGFLAG_CMD, 4, {0x9D,0x20,0x24,0x21}},
    {REGFLAG_CMD, 4, {0x9E,0x1C,0x1D,0x1C}},
    {REGFLAG_CMD, 4, {0x9F,0x16,0x16,0x15}},
    {REGFLAG_CMD, 4, {0xA0,0x10,0x10,0x10}},
    {REGFLAG_CMD, 4, {0xA1,0x08,0x08,0x08}},
    {REGFLAG_CMD, 4, {0xA2,0x04,0x04,0x04}},
    {REGFLAG_CMD, 4, {0xA3,0x02,0x02,0x02}},
    {REGFLAG_CMD, 4, {0xA4,0x04,0x07,0x00}},
    {REGFLAG_CMD, 4, {0xA5,0x04,0x04,0x01}},
    {REGFLAG_CMD, 4, {0xA6,0x00,0x00,0x01}},
    {REGFLAG_CMD, 4, {0xA7,0x03,0x02,0x01}},
    {REGFLAG_CMD, 4, {0xA8,0x01,0x00,0x00}},
    {REGFLAG_CMD, 4, {0xA9,0x00,0x00,0x00}},
    {REGFLAG_CMD, 4, {0xAA,0x05,0x05,0x04}},
    {REGFLAG_CMD, 4, {0xAB,0x03,0x03,0x02}},
    {REGFLAG_CMD, 4, {0xAC,0x02,0x02,0x02}},
    {REGFLAG_CMD, 4, {0xAD,0x01,0x01,0x01}},
    {REGFLAG_CMD, 4, {0xAE,0x00,0x00,0x00}},
    {REGFLAG_CMD, 4, {0xAF,0x0A,0x0A,0x08}},
    {REGFLAG_CMD, 4, {0xB0,0x08,0x09,0x07}},
    {REGFLAG_CMD, 4, {0xB1,0x06,0x07,0x05}},
    {REGFLAG_CMD, 4, {0xB2,0x03,0x03,0x02}},
    {REGFLAG_CMD, 4, {0xB3,0x17,0x19,0x15}},
    {REGFLAG_CMD, 4, {0xB4,0x11,0x13,0x10}},
    {REGFLAG_CMD, 4, {0xB5,0x10,0x11,0x0E}},
    {REGFLAG_CMD, 4, {0xB6,0x0C,0x0D,0x0B}},
    {REGFLAG_CMD, 4, {0xB7,0x06,0x07,0x07}},
    {REGFLAG_CMD, 4, {0xB8,0x02,0x02,0x02}},
    {REGFLAG_CMD, 4, {0xB9,0x1E,0x1F,0x1F}},
    {REGFLAG_CMD, 4, {0xBA,0x19,0x19,0x18}},
    {REGFLAG_CMD, 4, {0xBB,0x16,0x16,0x15}},
    {REGFLAG_CMD, 4, {0xBC,0x12,0x13,0x13}},
    {REGFLAG_CMD, 4, {0xBD,0x0E,0x0F,0x0F}},
    {REGFLAG_CMD, 4, {0xBE,0x06,0x06,0x05}},
    {REGFLAG_CMD, 4, {0xBF,0x03,0x03,0x03}},
    {REGFLAG_CMD, 4, {0xC0,0x22,0x23,0x23}},
    {REGFLAG_CMD, 4, {0xC1,0x1F,0x20,0x20}},
    {REGFLAG_CMD, 4, {0xC2,0x1F,0x1E,0x1D}},
    {REGFLAG_CMD, 4, {0xC3,0x1A,0x1B,0x1C}},
    {REGFLAG_CMD, 4, {0xC4,0x14,0x15,0x15}},
    {REGFLAG_CMD, 4, {0xC5,0x08,0x08,0x08}},
    {REGFLAG_CMD, 4, {0xC6,0x04,0x04,0x04}},
    {REGFLAG_CMD, 4, {0xC7,0x02,0x02,0x02}},
    {REGFLAG_CMD, 4, {0xC8,0x00,0x07,0x00}},
    {REGFLAG_CMD, 4, {0xC9,0x03,0x03,0x01}},
    {REGFLAG_CMD, 4, {0xCA,0x00,0x00,0x00}},
    {REGFLAG_CMD, 4, {0xCB,0x04,0x03,0x01}},
    {REGFLAG_CMD, 4, {0xCC,0x01,0x00,0x00}},
    {REGFLAG_CMD, 4, {0xCD,0x00,0x00,0x00}},
    {REGFLAG_CMD, 4, {0xCE,0x04,0x03,0x01}},
    {REGFLAG_CMD, 4, {0xCF,0x02,0x01,0x00}},
    {REGFLAG_CMD, 4, {0xD0,0x01,0x01,0x01}},
    {REGFLAG_CMD, 4, {0xD1,0x00,0x00,0x00}},
    {REGFLAG_CMD, 4, {0xD2,0x06,0x06,0x05}},
    {REGFLAG_CMD, 4, {0xD3,0x03,0x02,0x03}},
    {REGFLAG_CMD, 4, {0xD4,0x03,0x02,0x03}},
    {REGFLAG_CMD, 4, {0xD5,0x02,0x02,0x02}},
    {REGFLAG_CMD, 4, {0xD6,0x00,0x00,0x00}},
    {REGFLAG_CMD, 4, {0xD7,0x0A,0x0A,0x09}},
    {REGFLAG_CMD, 4, {0xD8,0x07,0x06,0x06}},
    {REGFLAG_CMD, 4, {0xD9,0x06,0x06,0x06}},
    {REGFLAG_CMD, 4, {0xDA,0x05,0x05,0x05}},
    {REGFLAG_CMD, 4, {0xDB,0x04,0x04,0x04}},
    {REGFLAG_CMD, 4, {0xDC,0x02,0x01,0x01}},
    {REGFLAG_CMD, 4, {0xDD,0x16,0x18,0x18}},
    {REGFLAG_CMD, 4, {0xDE,0x14,0x16,0x15}},
    {REGFLAG_CMD, 4, {0xDF,0x12,0x14,0x13}},
    {REGFLAG_CMD, 4, {0xE0,0x0A,0x0B,0x0A}},
    {REGFLAG_CMD, 4, {0xE1,0x07,0x07,0x08}},
    {REGFLAG_CMD, 4, {0xE2,0x05,0x06,0x04}},
    {REGFLAG_CMD, 4, {0xE3,0x02,0x02,0x02}},
    {REGFLAG_CMD, 4, {0xE4,0x1A,0x1A,0x1D}},
    {REGFLAG_CMD, 4, {0xE5,0x16,0x18,0x17}},
    {REGFLAG_CMD, 4, {0xE6,0x14,0x16,0x15}},
    {REGFLAG_CMD, 4, {0xE7,0x0D,0x0E,0x0D}},
    {REGFLAG_CMD, 4, {0xE8,0x0A,0x0B,0x0C}},
    {REGFLAG_CMD, 4, {0xE9,0x09,0x09,0x08}},
    {REGFLAG_CMD, 4, {0xEA,0x06,0x06,0x06}},
    {REGFLAG_CMD, 4, {0xEB,0x03,0x03,0x03}},
    {REGFLAG_CMD, 4, {0xFF,0x5A,0xA5,0x5C}},
    {REGFLAG_CMD, 4, {0x80,0x00,0x07,0x00}},
    {REGFLAG_CMD, 4, {0x81,0x05,0x06,0x03}},
    {REGFLAG_CMD, 4, {0x82,0x01,0x01,0x00}},
    {REGFLAG_CMD, 4, {0x83,0x04,0x04,0x02}},
    {REGFLAG_CMD, 4, {0x84,0x01,0x00,0x00}},
    {REGFLAG_CMD, 4, {0x85,0x00,0x00,0x00}},
    {REGFLAG_CMD, 4, {0x86,0x05,0x04,0x03}},
    {REGFLAG_CMD, 4, {0x87,0x02,0x02,0x01}},
    {REGFLAG_CMD, 4, {0x88,0x01,0x01,0x01}},
    {REGFLAG_CMD, 4, {0x89,0x01,0x01,0x01}},
    {REGFLAG_CMD, 4, {0x8A,0x0B,0x0B,0x0A}},
    {REGFLAG_CMD, 4, {0x8B,0x06,0x06,0x07}},
    {REGFLAG_CMD, 4, {0x8C,0x06,0x06,0x06}},
    {REGFLAG_CMD, 4, {0x8D,0x04,0x04,0x05}},
    {REGFLAG_CMD, 4, {0x8E,0x02,0x02,0x02}},
    {REGFLAG_CMD, 4, {0x8F,0x13,0x13,0x12}},
    {REGFLAG_CMD, 4, {0x90,0x0C,0x0A,0x0B}},
    {REGFLAG_CMD, 4, {0x91,0x0A,0x08,0x09}},
    {REGFLAG_CMD, 4, {0x92,0x07,0x06,0x07}},
    {REGFLAG_CMD, 4, {0x93,0x03,0x03,0x03}},
    {REGFLAG_CMD, 4, {0x94,0x02,0x02,0x02}},
    {REGFLAG_CMD, 4, {0x95,0x17,0x16,0x15}},
    {REGFLAG_CMD, 4, {0x96,0x15,0x14,0x13}},
    {REGFLAG_CMD, 4, {0x97,0x11,0x10,0x10}},
    {REGFLAG_CMD, 4, {0x98,0x0B,0x0D,0x0C}},
    {REGFLAG_CMD, 4, {0x99,0x06,0x05,0x06}},
    {REGFLAG_CMD, 4, {0x9A,0x03,0x03,0x03}},
    {REGFLAG_CMD, 4, {0x9B,0x02,0x02,0x02}},
    {REGFLAG_CMD, 4, {0x9C,0x22,0x23,0x21}},
    {REGFLAG_CMD, 4, {0x9D,0x20,0x21,0x20}},
    {REGFLAG_CMD, 4, {0x9E,0x1C,0x1D,0x1F}},
    {REGFLAG_CMD, 4, {0x9F,0x16,0x15,0x14}},
    {REGFLAG_CMD, 4, {0xA0,0x11,0x12,0x11}},
    {REGFLAG_CMD, 4, {0xA1,0x0A,0x0C,0x0B}},
    {REGFLAG_CMD, 4, {0xA2,0x05,0x04,0x05}},
    {REGFLAG_CMD, 4, {0xA3,0x03,0x03,0x03}},
    {REGFLAG_CMD, 4, {0xA4,0x01,0x01,0x00}},
    {REGFLAG_CMD, 4, {0xA5,0x01,0x01,0x00}},
    {REGFLAG_CMD, 4, {0xA6,0x00,0x00,0x00}},
    {REGFLAG_CMD, 4, {0xA7,0x01,0x01,0x00}},
    {REGFLAG_CMD, 4, {0xA8,0x00,0x00,0x00}},
    {REGFLAG_CMD, 4, {0xA9,0x00,0x00,0x00}},
    {REGFLAG_CMD, 4, {0xAA,0x02,0x02,0x02}},
    {REGFLAG_CMD, 4, {0xAB,0x01,0x01,0x01}},
    {REGFLAG_CMD, 4, {0xAC,0x01,0x01,0x01}},
    {REGFLAG_CMD, 4, {0xAD,0x00,0x00,0x00}},
    {REGFLAG_CMD, 4, {0xAE,0x06,0x06,0x06}},
    {REGFLAG_CMD, 4, {0xAF,0x04,0x04,0x04}},
    {REGFLAG_CMD, 4, {0xB0,0x03,0x03,0x03}},
    {REGFLAG_CMD, 4, {0xB1,0x02,0x02,0x02}},
    {REGFLAG_CMD, 4, {0xB2,0x01,0x01,0x01}},
    {REGFLAG_CMD, 4, {0xB3,0x10,0x12,0x11}},
    {REGFLAG_CMD, 4, {0xB4,0x11,0x12,0x13}},
    {REGFLAG_CMD, 4, {0xB5,0x0E,0x0C,0x0E}},
    {REGFLAG_CMD, 4, {0xB6,0x09,0x08,0x08}},
    {REGFLAG_CMD, 4, {0xB7,0x03,0x02,0x03}},
    {REGFLAG_CMD, 4, {0xB8,0x01,0x01,0x02}},
    {REGFLAG_CMD, 4, {0xB9,0x14,0x13,0x12}},
    {REGFLAG_CMD, 4, {0xBA,0x12,0x11,0x11}},
    {REGFLAG_CMD, 4, {0xBB,0x0F,0x0E,0x0E}},
    {REGFLAG_CMD, 4, {0xBC,0x0C,0x0C,0x0B}},
    {REGFLAG_CMD, 4, {0xBD,0x08,0x07,0x08}},
    {REGFLAG_CMD, 4, {0xBE,0x03,0x02,0x02}},
    {REGFLAG_CMD, 4, {0xBF,0x02,0x01,0x02}},
    {REGFLAG_CMD, 4, {0xC0,0x30,0x34,0x36}},
    {REGFLAG_CMD, 4, {0xC1,0x2A,0x2F,0x30}},
    {REGFLAG_CMD, 4, {0xC2,0x24,0x26,0x28}},
    {REGFLAG_CMD, 4, {0xC3,0x18,0x1A,0x1D}},
    {REGFLAG_CMD, 4, {0xC4,0x0D,0x10,0x10}},
    {REGFLAG_CMD, 4, {0xC5,0x0A,0x0B,0x0D}},
    {REGFLAG_CMD, 4, {0xC6,0x06,0x06,0x08}},
    {REGFLAG_CMD, 4, {0xC7,0x05,0x06,0x05}},
    {REGFLAG_CMD, 4, {0xC8,0x00,0x00,0x00}},
    {REGFLAG_CMD, 4, {0xC9,0x00,0x00,0x00}},
    {REGFLAG_CMD, 4, {0xCA,0x00,0x00,0x00}},
    {REGFLAG_CMD, 4, {0xCB,0x00,0x00,0x00}},
    {REGFLAG_CMD, 4, {0xCC,0x00,0x00,0x00}},
    {REGFLAG_CMD, 4, {0xCD,0x00,0x00,0x00}},
    {REGFLAG_CMD, 4, {0xCE,0x00,0x00,0x00}},
    {REGFLAG_CMD, 4, {0xCF,0x00,0x00,0x00}},
    {REGFLAG_CMD, 4, {0xFF,0x5A,0xA5,0x03}},
    {REGFLAG_CMD, 6, {0x90,0x01,0x80,0x21,0x40,0x35}},
    {REGFLAG_CMD, 7, {0x92,0x00,0x00,0x00,0x00,0x00,0x00}},
    {REGFLAG_CMD, 4, {0xFF,0x5A,0xA5,0x00}},
    {REGFLAG_CMD, 1, {0x29}},
    {REGFLAG_CMD, 4, {0xFF,0x5A,0xA5,0x53}},
    {REGFLAG_CMD, 2, {0xF0,0x01}},
    {REGFLAG_CMD, 4, {0xFF,0x5A,0xA5,0x00}},
    {REGFLAG_CMD, 2, {0x00,0x00}},
    {REGFLAG_CMD, 2, {0x00,0x00}},
    {REGFLAG_CMD, 4, {0xFF,0x5A,0xA5,0x63}},
    {REGFLAG_CMD, 17, {0xF1,0x20,0x20,0x20,0x20,0x20,0x20,0x20,0x20,0x20,0x20,0x00,0x00,0x00,0x00,0x00,0x00}},
    {REGFLAG_CMD, 17, {0xF2,0x00,0x00,0x00,0x00,0x00,0x00,0x00,0x00,0x00,0x00,0x00,0x00,0x00,0x00,0x00,0x00}},
    {REGFLAG_CMD, 17, {0xF3,0x00,0x00,0x00,0x00,0x00,0x00,0x00,0x00,0x00,0x00,0x00,0x00,0x00,0x00,0x00,0x00}},
    {REGFLAG_CMD, 17, {0xF4,0xF0,0xF0,0xF0,0xF0,0xF0,0xF0,0xF0,0xF0,0xF0,0xF0,0x00,0x00,0x00,0x00,0x00,0x00}},
    {REGFLAG_CMD, 4, {0xFF,0x5A,0xA5,0x00}},
    {REGFLAG_CMD, 2, {0x00,0x00}},
    {REGFLAG_CMD, 2, {0x00,0x00}},
    {REGFLAG_CMD, 4, {0xFF,0x5A,0xA5,0x53}},
    {REGFLAG_CMD, 2, {0xF0,0x00}},
    {REGFLAG_CMD, 4, {0xFF,0x5A,0xA5,0x2D}},
    {REGFLAG_CMD, 3, {0x86,0x00,0x00}},
    {REGFLAG_CMD, 2, {0xF2,0x00}},
    {REGFLAG_CMD, 4, {0xFF,0x5A,0xA5,0x00}},
    {REGFLAG_CMD, 2, {0x60,0x03}},
    {REGFLAG_CMD, 4, {0xFF,0x5A,0xA5,0x00}},
    {REGFLAG_CMD, 4, {0xFF,0x5A,0xA5,0x4E}},
    {REGFLAG_CMD, 91, {0xCF,0x00,0x39,0x39,0x39,0x39,0x39,0x08,0x88,0x88,0x00,0x00,0x00,0x00,0x00,0x00,0x00,0x00,0x00,0x00,0x39,0x39,0x39,0x39,0x39,0x08,0x88,0x88,0x00,0x00,
    	0x00,0x00,0x00,0x00,0x00,0x00,0x00,0x00,0x39,0x39,0x39,0x39,0x39,0x08,0x88,0x88,0x00,0x00,0x00,0x00,0x00,0x00,0x00,0x00,0x00,0x00,0x1E,0x1E,0x1E,0x1E,0x1E,0x08,0x88,
    	0x88,0x00,0x00,0x00,0x00,0x00,0x00,0x00,0x00,0x00,0x00,0x1E,0x1E,0x1E,0x1E,0x1E,0x08,0x88,0x88,0x00,0x00,0x00,0x00,0x00,0x00,0x00,0x00,0x00}},
    {REGFLAG_CMD, 91, {0xD0,0x00,0x0C,0x0C,0x0C,0x0C,0x0C,0x08,0x88,0x88,0x00,0x00,0x00,0x00,0x00,0x00,0x00,0x00,0x00,0x00,0x0C,0x0C,0x0C,0x0C,0x0C,0x08,0x88,0x88,0x00,0x00,
    	0x00,0x00,0x00,0x00,0x00,0x00,0x00,0x00,0x0C,0x0C,0x0C,0x0C,0x0C,0x08,0x88,0x88,0x00,0x00,0x00,0x00,0x00,0x00,0x00,0x00,0x00,0x00,0x0A,0x0A,0x0A,0x0A,0x0A,0x08,0x88,
    	0x88,0x00,0x00,0x00,0x00,0x00,0x00,0x00,0x00,0x00,0x00,0x0A,0x0A,0x0A,0x0A,0x0A,0x08,0x88,0x88,0x00,0x00,0x00,0x00,0x00,0x00,0x00,0x00,0x00}},
    {REGFLAG_CMD, 4, {0xFF,0x5A,0xA5,0x00}},
};

struct LCM_setting_table timing_switch_cmd_sdc120[] = {
	{REGFLAG_CMD, 4, {0xFF,0x5A,0xA5,0x2D}},
	{REGFLAG_CMD, 3, {0x83,0x00,0x00}},
	{REGFLAG_CMD, 2, {0xF2,0x00}},
	{REGFLAG_CMD, 4, {0xFF,0x5A,0xA5,0x00}},
	{REGFLAG_CMD, 2, {0x60,0x00}}, // 0x00: 120Hz, 0x02: 90Hz
	{REGFLAG_CMD, 4, {0xFF,0x5A,0xA5,0x00}},
};

struct LCM_setting_table timing_switch_cmd_sdc120_1pulse[] = {
	{REGFLAG_CMD, 4, {0xFF,0x5A,0xA5,0x2D}},
	{REGFLAG_CMD, 3, {0x84,0x00,0x00}},
	{REGFLAG_CMD, 2, {0xF2,0x00}},
	{REGFLAG_CMD, 4, {0xFF,0x5A,0xA5,0x00}},
	{REGFLAG_CMD, 2, {0x60,0x01}}, // 0x00: 120Hz, 0x02: 90Hz
	{REGFLAG_CMD, 4, {0xFF,0x5A,0xA5,0x00}},
	{REGFLAG_CMD, 4, {0xFF,0x5A,0xA5,0x4E}},
	{REGFLAG_CMD, 91, {0xCF,0x00,0x39,0x39,0x39,0x39,0x39,0x08,0x88,0x88,0x00,0x00,0x00,0x00,0x00,0x00,0x00,0x00,0x00,0x00,0x39,0x39,0x39,0x39,0x39,0x08,0x88,0x88,0x00,0x00,
		0x00,0x00,0x00,0x00,0x00,0x00,0x00,0x00,0x39,0x39,0x39,0x39,0x39,0x08,0x88,0x88,0x00,0x00,0x00,0x00,0x00,0x00,0x00,0x00,0x00,0x00,0x1E,0x1E,0x1E,0x1E,0x1E,0x08,0x88,
		0x88,0x00,0x00,0x00,0x00,0x00,0x00,0x00,0x00,0x00,0x00,0x1E,0x1E,0x1E,0x1E,0x1E,0x08,0x88,0x88,0x00,0x00,0x00,0x00,0x00,0x00,0x00,0x00,0x00}},
	{REGFLAG_CMD, 91, {0xD0,0x00,0x0C,0x0C,0x0C,0x0C,0x0C,0x08,0x88,0x88,0x00,0x00,0x00,0x00,0x00,0x00,0x00,0x00,0x00,0x00,0x0C,0x0C,0x0C,0x0C,0x0C,0x08,0x88,0x88,0x00,0x00,
		0x00,0x00,0x00,0x00,0x00,0x00,0x00,0x00,0x0C,0x0C,0x0C,0x0C,0x0C,0x08,0x88,0x88,0x00,0x00,0x00,0x00,0x00,0x00,0x00,0x00,0x00,0x00,0x0A,0x0A,0x0A,0x0A,0x0A,0x08,0x88,
		0x88,0x00,0x00,0x00,0x00,0x00,0x00,0x00,0x00,0x00,0x00,0x0A,0x0A,0x0A,0x0A,0x0A,0x08,0x88,0x88,0x00,0x00,0x00,0x00,0x00,0x00,0x00,0x00,0x00}},
	{REGFLAG_CMD, 4, {0xFF,0x5A,0xA5,0x00}},
};

/* dsi-on cmd */
struct LCM_setting_table dsi_on_cmd_sdc120[] = {
    {REGFLAG_CMD, 4, {0xFF,0x5A,0xA5,0x01}},
    {REGFLAG_CMD, 2, {0xFB,0x08}}, // Multi TE
    {REGFLAG_CMD, 4, {0xFF,0x5A,0xA5,0x03}},
    {REGFLAG_CMD, 6, {0x90,0x01,0x80,0x21,0x40,0x35}},
    {REGFLAG_CMD, 4, {0xFF,0x5A,0xA5,0x08}},
    {REGFLAG_CMD, 2, {0xC8,0x62}}, // Sleep out don't reload
    {REGFLAG_CMD, 4, {0xFF,0x5A,0xA5,0x20}},
    {REGFLAG_CMD, 2, {0xBA,0x04}},
    {REGFLAG_CMD, 2, {0xBB,0x05}},
    {REGFLAG_CMD, 2, {0xBC,0x07}},
    {REGFLAG_CMD, 2, {0xBD,0x06}},
    {REGFLAG_CMD, 4, {0xFF,0x5A,0xA5,0x21}},
    {REGFLAG_CMD, 2, {0xA4,0x18}}, // Flash reload enable
    // shift TE
    {REGFLAG_CMD, 4, {0xFF,0x5A,0xA5,0x02}},
    {REGFLAG_CMD, 3, {0xAB,0xAF,0x82}},
    {REGFLAG_CMD, 2, {0xC0,0x03}},
    {REGFLAG_CMD, 9, {0xB0,0x00,0x80,0x00,0x10,0x00,0x00,0x00,0x00}},
    {REGFLAG_CMD, 4, {0xFF,0x5A,0xA5,0x00}},
    // PPS setting
    {REGFLAG_CMD, 4, {0xFF,0x5A,0xA5,0x07}},
    {REGFLAG_CMD, 2, {0x8A,0x01}}, // PPS Enable
    {REGFLAG_CMD, 3, {0x8B,0x21,0xE0}}, // PPS Table
    {REGFLAG_CMD, 100, {0x81,0x00,0x00,0x00,0x00,0x00,0x12,0x00,0x00,0xAB,0x30,0x80,0x0A,0xDC,0x04,0xF0,0x00,0x14,0x02,0x78,0x02,0x78,0x02,0x00,0x02,0x57,0x00,0x20,0x01,0xF8,0x00,0x08,0x00,0x0D,0x05,0x7A,0x04,0x4F,0x18,0x00,0x10,0xE0,0x07,0x10,0x20,0x00,0x06,0x0F,0x0F,0x33,0x0E,0x1C,0x2A,0x38,0x46,0x54,0x62,0x69,0x70,0x77,0x79,0x7B,0x7D,0x7E,0x02,0x02,0x22,0x00,0x2A,0x40,0x2A,0xBE,0x3A,0xFC,0x3A,0xFA,0x3A,0xF8,0x3B,0x38,0x3B,0x78,0x3B,0xB6,0x4B,0xB6,0x4B,0xF4,0x4B,0xF4,0x6C,0x34,0x84,0x74,0x00,0x00,0x00,0x00,0x00,0x00}},
    // ffc setting
    {REGFLAG_CMD, 4, {0xFF,0x5A,0xA5,0x22}},
    {REGFLAG_CMD, 8, {0xD8,0x00,0xC4,0x11,0x10,0x32,0x12,0x12}},
    {REGFLAG_CMD, 8, {0xD9,0x00,0xC4,0x11,0x10,0x32,0x12,0x12}},
    {REGFLAG_CMD, 8, {0xDA,0x00,0xC4,0x11,0x10,0x32,0x12,0x12}},
    {REGFLAG_CMD, 8, {0xDB,0x00,0xC4,0x11,0x10,0x32,0x12,0x12}},
    {REGFLAG_CMD, 10, {0xDC,0x84,0x94,0xBB,0x00,0x20,0xC4,0xA1,0xCC,0x10}},
    {REGFLAG_CMD, 2, {0xDD,0x01}},
    {REGFLAG_CMD, 2, {0xDE,0xF1}},
    {REGFLAG_CMD, 2, {0xDF,0x80}},
    {REGFLAG_CMD, 8, {0xE0,0x02,0x00,0x5F,0x21,0x00,0x28,0x00}},
    {REGFLAG_CMD, 4, {0xFF,0x5A,0xA5,0x00}},
    // PAGE 2D
    {REGFLAG_CMD, 4, {0xFF,0x5A,0xA5,0x2D}},
    {REGFLAG_CMD, 2, {0xCE,0xD4}},
    {REGFLAG_CMD, 4, {0xEC,0x01,0xFF,0xFF}},
    {REGFLAG_CMD, 3, {0xED,0x55,0x05}},
    {REGFLAG_CMD, 3, {0x93,0xA0,0x00}},
    {REGFLAG_CMD, 3, {0x94,0x00,0x00}},
    {REGFLAG_CMD, 3, {0x88,0x01,0x00}},
    {REGFLAG_CMD, 2, {0xD2,0x06}},
    {REGFLAG_CMD, 4, {0xFF,0x5A,0xA5,0x00}},
    {REGFLAG_CMD, 2, {0x5E,0x01}},
    {REGFLAG_CMD, 2, {0x60,0x00}},
    {REGFLAG_CMD, 2, {0x61,0x07}},
    {REGFLAG_CMD, 2, {0x6D,0x01}},
    {REGFLAG_CMD, 2, {0x6E,0x00}},
    {REGFLAG_CMD, 2, {0x35,0x00}},
    {REGFLAG_CMD, 2, {0x53,0x20}},
    {REGFLAG_CMD, 2, {0x5A,0x01}},
    {REGFLAG_CMD, 2, {0x5B,0x80}},
    {REGFLAG_CMD, 4, {0xFF,0x5A,0xA5,0x4E}},
    {REGFLAG_CMD, 5, {0xCD,0x00,0x00,0x00,0x00}},
    {REGFLAG_CMD, 5, {0xCE,0x00,0x00,0x00,0x00}},
    {REGFLAG_CMD, 4, {0xFF,0x5A,0xA5,0x06}},
    {REGFLAG_CMD, 2, {0xA0,0x00}},
    // Skip Frame Decreasing Step
    {REGFLAG_CMD, 4, {0xFF,0x5A,0xA5,0x2D}},
    {REGFLAG_CMD, 3, {0x93,0xA0,0x00}},
    {REGFLAG_CMD, 4, {0xEC,0x01,0xFF,0xFF}},
    {REGFLAG_CMD, 3, {0xED,0x55,0x05}},
    {REGFLAG_CMD, 2, {0x97,0x02}},
    {REGFLAG_CMD, 3, {0x98,0x03,0x00}},
    {REGFLAG_CMD, 3, {0x99,0x0B,0x00}},
    {REGFLAG_CMD, 3, {0x9A,0x17,0x00}},
    {REGFLAG_CMD, 3, {0x9B,0x00,0x00}},
    {REGFLAG_CMD, 5, {0xA0,0x00,0x01,0x00,0x00}},
    {REGFLAG_CMD, 5, {0xA1,0x02,0x00,0x00,0x00}},
    {REGFLAG_CMD, 2, {0xB1,0x02}},
    {REGFLAG_CMD, 3, {0xB2,0x02,0x00}},
    {REGFLAG_CMD, 3, {0xB3,0x08,0x00}},
    {REGFLAG_CMD, 3, {0xB4,0x11,0x00}},
    {REGFLAG_CMD, 3, {0xB5,0x00,0x00}},
    {REGFLAG_CMD, 3, {0xBA,0x00,0x01}},
    {REGFLAG_CMD, 3, {0xBB,0x02,0x00}},
    // Voltage tie point DBV579
    {REGFLAG_CMD, 4, {0xFF,0x5A,0xA5,0x29}},
    {REGFLAG_CMD, 9, {0x93,0x0F,0xFF,0x0F,0xFE,0x0D,0xBB,0x07,0x52}},
    {REGFLAG_CMD, 9, {0x94,0x06,0xDC,0x06,0xDB,0x06,0x66,0x06,0x65}},
    {REGFLAG_CMD, 9, {0x95,0x05,0xF0,0x05,0xEF,0x05,0x79,0x05,0x78}},
    {REGFLAG_CMD, 9, {0x96,0x05,0x02,0x05,0x01,0x04,0x8C,0x04,0x8B}},
    {REGFLAG_CMD, 9, {0x97,0x04,0x8A,0x04,0x76,0x03,0xE6,0x02,0xCB}},
    {REGFLAG_CMD, 9, {0x98,0x02,0x43,0x01,0xE1,0x01,0x38,0x00,0x9E}},
    {REGFLAG_CMD, 9, {0x99,0x00,0x01,0x00,0x00,0x00,0x00,0x00,0x00}},
    {REGFLAG_CMD, 5, {0x9A,0x00,0x00,0x00,0x00}},
    {REGFLAG_CMD, 4, {0xFF,0x5A,0xA5,0x0B}},
    {REGFLAG_CMD, 2, {0xD1,0x8C}},
    {REGFLAG_CMD, 4, {0xFF,0x5A,0xA5,0x00}},
    // crosstalk optimization
    {REGFLAG_CMD, 4, {0xFF,0x5A,0xA5,0x31}},
    {REGFLAG_CMD, 2, {0xA0,0xA3}},
    {REGFLAG_CMD, 2, {0xA3,0x00}},
    {REGFLAG_CMD, 2, {0x9F,0x06}},
    {REGFLAG_CMD, 11, {0x90,0x02,0x03,0x04,0x07,0x09,0x02,0x03,0x04,0x07,0x09}},
    {REGFLAG_CMD, 25, {0x8C,0x40,0x30,0x20,0x19,0x10,0x08,0x12,0x00,0x00,0x00,0x00,0x00,0x00,0x00,0x00,0x00,0x00,0x00,0x00,0x00,0x00,0x00,0x00,0x00}},
    {REGFLAG_CMD, 26, {0x8D,0x30,0x28,0x14,0x10,0x09,0x08,0x02,0x00,0x00,0x00,0x00,0x00,0x00,0x00,0x00,0x00,0x00,0x00,0x00,0x00,0x00,0x00,0x00,0x00,0x00}},
    {REGFLAG_CMD, 7, {0x91,0x30,0x44,0x44,0x04,0x08,0x0C}},
    {REGFLAG_CMD, 7, {0x92,0x30,0x44,0x44,0x04,0x08,0x0C}},
    {REGFLAG_CMD, 7, {0x93,0x30,0x44,0x44,0x04,0x08,0x0C}},
    {REGFLAG_CMD, 2, {0xA6,0x00}},
    {REGFLAG_CMD, 2, {0xA7,0x10}},
    {REGFLAG_CMD, 2, {0xA8,0x00}},
    {REGFLAG_CMD, 2, {0xA9,0x10}},
    {REGFLAG_CMD, 2, {0xAA,0x00}},
    {REGFLAG_CMD, 2, {0xAB,0x10}},
    {REGFLAG_CMD, 2, {0xD0,0x81}},
    {REGFLAG_CMD, 19, {0x80,0xF0,0x6B,0x45,0x19,0x02,0xFE,0xE7,0xBB,0x95,0xE0,0x0C,0x05,0x02,0x00,0x00,0xFE,0xFE,0xF4}},
    {REGFLAG_CMD, 19, {0x81,0xF0,0x53,0x35,0x14,0x02,0xFE,0xEC,0xCB,0xAD,0xE0,0x0A,0x04,0x01,0x00,0x00,0xFF,0xFF,0xFD}},
    {REGFLAG_CMD, 19, {0x82,0xF0,0x43,0x2B,0x10,0x02,0xFE,0xF0,0xD5,0xBD,0xE0,0x06,0x04,0x01,0x00,0x00,0xFF,0xFF,0xFE}},
    {REGFLAG_CMD, 19, {0x83,0xF0,0x59,0x3A,0x15,0x02,0xFE,0xEB,0xC6,0xA7,0xE0,0x05,0x02,0x01,0x00,0x00,0xFF,0xFF,0xFE}},
    {REGFLAG_CMD, 19, {0x84,0xF0,0x46,0x2D,0x11,0x02,0xFE,0xEF,0xD3,0xBA,0xE0,0x03,0x01,0x01,0x00,0x00,0xFF,0xFF,0xFF}},
    {REGFLAG_CMD, 19, {0x85,0xF0,0x36,0x23,0x0D,0x02,0xFE,0xF3,0xDD,0xCA,0xE0,0x02,0x01,0x01,0x00,0x00,0xFF,0xFF,0xFF}},
    {REGFLAG_CMD, 19, {0x86,0xF0,0x6B,0x45,0x19,0x02,0xFE,0xE7,0xBB,0x95,0xE0,0x0C,0x05,0x02,0x00,0x00,0xFE,0xFE,0xF4}},
    {REGFLAG_CMD, 19, {0x87,0xF0,0x53,0x35,0x14,0x02,0xFE,0xEC,0xCB,0xAD,0xE0,0x0A,0x04,0x01,0x00,0x00,0xFF,0xFF,0xFD}},
    {REGFLAG_CMD, 19, {0x88,0xF0,0x43,0x2B,0x10,0x02,0xFE,0xF0,0xD5,0xBD,0xE0,0x06,0x04,0x01,0x00,0x00,0xFF,0xFF,0xFE}},
    {REGFLAG_CMD, 19, {0x89,0xF0,0x59,0x3A,0x15,0x02,0xFE,0xEB,0xC6,0xA7,0xE0,0x05,0x02,0x01,0x00,0x00,0xFF,0xFF,0xFE}},
    {REGFLAG_CMD, 19, {0x8A,0xF0,0x46,0x2D,0x11,0x02,0xFE,0xEF,0xD3,0xBA,0xE0,0x03,0x01,0x01,0x00,0x00,0xFF,0xFF,0xFF}},
    {REGFLAG_CMD, 19, {0x8B,0xF0,0x36,0x23,0x0D,0x02,0xFE,0xF3,0xDD,0xCA,0xE0,0x02,0x01,0x01,0x00,0x00,0xFF,0xFF,0xFF}},
    {REGFLAG_CMD, 2, {0xD0,0x80}},
    {REGFLAG_CMD, 4, {0xFF,0x5A,0xA5,0x2B}},
    {REGFLAG_CMD, 5, {0xA8,0x0F,0x00,0xFE,0xF7}},
    {REGFLAG_CMD, 5, {0xA9,0x3F,0xF6,0xF6,0xFC}},
    {REGFLAG_CMD, 5, {0xAA,0x3F,0xF8,0xD7,0xB8}},
    {REGFLAG_CMD, 5, {0xAB,0x03,0x00,0x00,0xFD}},
    {REGFLAG_CMD, 5, {0xAC,0x3F,0xF9,0xF7,0xF9}},
    {REGFLAG_CMD, 5, {0xAD,0x3F,0xF6,0xE4,0xD2}},
    {REGFLAG_CMD, 5, {0xAE,0x00,0x00,0x00,0x00}},
    {REGFLAG_CMD, 5, {0xAF,0x3F,0xFC,0xF8,0xF6}},
    {REGFLAG_CMD, 5, {0xB0,0x3F,0xF4,0xF0,0xEC}},
    {REGFLAG_CMD, 5, {0xB1,0x00,0x00,0x00,0x00}},
    {REGFLAG_CMD, 5, {0xB2,0x0F,0x00,0xFC,0xF9}},
    {REGFLAG_CMD, 5, {0xB3,0x3F,0xFA,0xF6,0xF2}},
    {REGFLAG_CMD, 5, {0xB4,0x00,0x00,0x00,0x00}},
    {REGFLAG_CMD, 5, {0xB5,0x03,0x00,0x00,0xFD}},
    {REGFLAG_CMD, 5, {0xB6,0x3F,0xF9,0xF5,0xF2}},
    {REGFLAG_CMD, 5, {0xB7,0x00,0x00,0x00,0x00}},
    {REGFLAG_CMD, 5, {0xB8,0x00,0x00,0x00,0x00}},
    {REGFLAG_CMD, 5, {0xB9,0x0F,0x01,0xFA,0xF2}},
    {REGFLAG_CMD, 5, {0xBA,0x00,0x00,0x00,0x00}},
    {REGFLAG_CMD, 5, {0xBB,0x00,0x00,0x00,0x00}},
    {REGFLAG_CMD, 5, {0xBC,0x00,0x00,0x04,0x08}},
    {REGFLAG_CMD, 5, {0xBD,0x00,0x00,0x00,0x00}},
    {REGFLAG_CMD, 5, {0xBE,0x00,0x00,0x00,0x00}},
    {REGFLAG_CMD, 5, {0xBF,0x00,0x00,0x00,0x00}},
    {REGFLAG_CMD, 5, {0xC0,0x00,0x00,0x00,0x00}},
    {REGFLAG_CMD, 5, {0xC1,0x00,0x00,0x00,0x00}},
    {REGFLAG_CMD, 5, {0xC2,0x00,0x00,0x00,0x00}},
    {REGFLAG_CMD, 5, {0xC3,0x0F,0x00,0xFB,0xF9}},
    {REGFLAG_CMD, 5, {0xC4,0x3F,0xF5,0xED,0xF0}},
    {REGFLAG_CMD, 5, {0xC5,0x3F,0xF2,0xEC,0xE5}},
    {REGFLAG_CMD, 5, {0xC6,0x03,0x00,0x00,0xFC}},
    {REGFLAG_CMD, 5, {0xC7,0x3F,0xF9,0xF5,0xF5}},
    {REGFLAG_CMD, 5, {0xC8,0x3F,0xF3,0xEE,0xEA}},
    {REGFLAG_CMD, 5, {0xC9,0x00,0x00,0x00,0x00}},
    {REGFLAG_CMD, 5, {0xCA,0x3F,0xFD,0xFD,0xF9}},
    {REGFLAG_CMD, 5, {0xCB,0x3F,0xF4,0xF1,0xEE}},
    {REGFLAG_CMD, 5, {0xCC,0x00,0x00,0x00,0x00}},
    {REGFLAG_CMD, 5, {0xCD,0x0F,0x00,0xFE,0xFE}},
    {REGFLAG_CMD, 5, {0xCE,0x3F,0xF8,0xF6,0xF4}},
    {REGFLAG_CMD, 5, {0xCF,0x00,0x00,0x00,0x00}},
    {REGFLAG_CMD, 5, {0xD0,0x00,0x00,0x00,0x01}},
    {REGFLAG_CMD, 5, {0xD1,0x3F,0xFA,0xFB,0xFD}},
    {REGFLAG_CMD, 5, {0xD2,0x00,0x00,0x00,0x00}},
    {REGFLAG_CMD, 5, {0xD3,0x00,0x00,0x00,0x00}},
    {REGFLAG_CMD, 5, {0xD4,0x3F,0xFF,0xFC,0xFA}},
    {REGFLAG_CMD, 5, {0xD5,0x00,0x00,0x00,0x00}},
    {REGFLAG_CMD, 5, {0xD6,0x00,0x00,0x00,0x00}},
    {REGFLAG_CMD, 5, {0xD7,0x0F,0x00,0xFD,0xFB}},
    {REGFLAG_CMD, 5, {0xD8,0x00,0x00,0x00,0x00}},
    {REGFLAG_CMD, 5, {0xD9,0x00,0x00,0x00,0x00}},
    {REGFLAG_CMD, 5, {0xDA,0x00,0x00,0x00,0x00}},
    {REGFLAG_CMD, 5, {0xDB,0x00,0x00,0x00,0x00}},
    {REGFLAG_CMD, 5, {0xDC,0x00,0x00,0x00,0x00}},
    {REGFLAG_CMD, 5, {0xDD,0x00,0x00,0x00,0x00}},
    {REGFLAG_CMD, 5, {0xDE,0x0F,0x00,0xFA,0xFE}},
    {REGFLAG_CMD, 5, {0xDF,0x3F,0xFA,0xF7,0xF2}},
    {REGFLAG_CMD, 5, {0xE0,0x3F,0xF3,0xEE,0xEA}},
    {REGFLAG_CMD, 5, {0xE1,0x03,0x00,0x00,0xFC}},
    {REGFLAG_CMD, 5, {0xE2,0x3F,0xFB,0xF9,0xF6}},
    {REGFLAG_CMD, 5, {0xE3,0x3F,0xF5,0xF3,0xF0}},
    {REGFLAG_CMD, 5, {0xE4,0x00,0x00,0x00,0x00}},
    {REGFLAG_CMD, 5, {0xE5,0x3F,0xFC,0xFB,0xFA}},
    {REGFLAG_CMD, 5, {0xE6,0x3F,0xF8,0xF7,0xF6}},
    {REGFLAG_CMD, 5, {0xE7,0x00,0x00,0x00,0x00}},
    {REGFLAG_CMD, 5, {0xE8,0x0F,0x00,0xFE,0xFA}},
    {REGFLAG_CMD, 5, {0xE9,0x3F,0xF7,0xFA,0xFE}},
    {REGFLAG_CMD, 5, {0xEA,0x00,0x00,0x00,0x00}},
    {REGFLAG_CMD, 5, {0xEB,0x03,0x00,0x00,0xFC}},
    {REGFLAG_CMD, 5, {0xEC,0x3F,0xFA,0xFC,0xFE}},
    {REGFLAG_CMD, 5, {0xED,0x00,0x00,0x00,0x00}},
    {REGFLAG_CMD, 5, {0xEE,0x00,0x00,0x00,0x00}},
    {REGFLAG_CMD, 5, {0xEF,0x3F,0xFE,0xFD,0xFC}},
    {REGFLAG_CMD, 5, {0xF0,0x00,0x00,0x00,0x00}},
    {REGFLAG_CMD, 5, {0xF1,0x00,0x00,0x00,0x00}},
    {REGFLAG_CMD, 5, {0xF2,0x0F,0x00,0xFE,0xFC}},
    {REGFLAG_CMD, 5, {0xF3,0x00,0x00,0x00,0x00}},
    {REGFLAG_CMD, 5, {0xF4,0x00,0x00,0x00,0x00}},
    {REGFLAG_CMD, 5, {0xF5,0x00,0x00,0x00,0x00}},
    {REGFLAG_CMD, 5, {0xF6,0x00,0x00,0x00,0x00}},
    {REGFLAG_CMD, 5, {0xF7,0x00,0x00,0x00,0x00}},
    {REGFLAG_CMD, 5, {0xF8,0x00,0x00,0x00,0x00}},
    {REGFLAG_CMD, 4, {0xFF,0x5A,0xA5,0x07}},
    {REGFLAG_CMD, 7, {0xE0,0x03,0xA9,0x06,0xDD,0x07,0xFF}},
    {REGFLAG_CMD, 9, {0xE3,0xAA,0x99,0x88,0x88,0x88,0x88,0x77,0x66}},
    {REGFLAG_CMD, 4, {0xE4,0x40,0x40,0x40}},
    {REGFLAG_CMD, 2, {0xE5,0x05}},
    {REGFLAG_CMD, 4, {0xE6,0x00,0x00,0x00}},
    {REGFLAG_CMD, 2, {0xE7,0xFF}},
    {REGFLAG_CMD, 12, {0xE8,0x01,0x00,0x00,0x20,0x40,0x60,0x80,0xA0,0xC0,0xE0,0x00}},
    {REGFLAG_CMD, 4, {0xFF,0x5A,0xA5,0x00}},
    {REGFLAG_CMD, 4, {0xFF,0x5A,0xA5,0x02}}, // PAGE 2
    {REGFLAG_CMD, 10, {0xE5,0x09,0x0B,0x0B,0x0D,0x55,0x0D,0x32,0x32,0x32}},
    {REGFLAG_CMD, 3, {0xE7,0x33,0x25}}, // DFR1 VGHL 1H AVEE 4H
    {REGFLAG_CMD, 3, {0xE8,0x33,0x25}}, // DFR2 VGHL 1H AVEE 4H
    {REGFLAG_CMD, 3, {0xE9,0x33,0x25}}, // DFR3 VGHL 1H AVEE 4H
    {REGFLAG_CMD, 4, {0xFF,0x5A,0xA5,0x05}}, // PAGE 5
    {REGFLAG_CMD, 15, {0xCA,0x1D,0x1F,0x1F,0x1F,0x1F,0x00,0x00,0x22,0x1B,0x1B,0x1B,0x18,0x19,0x19}},
    {REGFLAG_CMD, 4, {0xFF,0x5A,0xA5,0x00}},
    {REGFLAG_CMD, 1, {0x11}},
    {REGFLAG_DELAY, 120, {}}, // Delay 120ms
    {REGFLAG_CMD, 4, {0xFF,0x5A,0xA5,0x51}},
    {REGFLAG_CMD, 7, {0x80,0xD4,0xD4,0xD4,0xD4,0x22,0x22}},
    {REGFLAG_CMD, 7, {0x81,0xD4,0xD4,0xD4,0xD4,0x22,0x22}},
    {REGFLAG_CMD, 7, {0x82,0xD4,0xD4,0xD4,0xD4,0x22,0x22}},
    {REGFLAG_CMD, 7, {0x83,0xD4,0xD4,0xD4,0xD4,0x22,0x22}},
    {REGFLAG_CMD, 7, {0x84,0xD4,0xD4,0xD4,0xD4,0x22,0x22}},
    {REGFLAG_CMD, 7, {0x85,0xD4,0xD4,0xD4,0xD4,0x22,0x22}},
    {REGFLAG_CMD, 7, {0x86,0xD4,0xD4,0xD4,0xD4,0x22,0x22}},
    {REGFLAG_CMD, 7, {0x87,0xD4,0xD4,0x00,0x00,0x22,0x00}},
    {REGFLAG_CMD, 7, {0xA0,0xD4,0xD4,0xD4,0xD4,0x22,0x22}},
    {REGFLAG_CMD, 7, {0xA1,0xD4,0xD4,0xD4,0xD4,0x22,0x22}},
    {REGFLAG_CMD, 7, {0xA2,0xD4,0xD4,0xD4,0xD4,0x22,0x22}},
    {REGFLAG_CMD, 7, {0xA3,0xD4,0xD4,0xD4,0xD4,0x22,0x22}},
    {REGFLAG_CMD, 7, {0xA4,0xD4,0xD4,0xD4,0xD4,0x22,0x22}},
    {REGFLAG_CMD, 7, {0xA5,0xD4,0xD4,0xD4,0xD4,0x22,0x22}},
    {REGFLAG_CMD, 7, {0xA6,0xD4,0xD4,0xD4,0xD4,0x22,0x22}},
    {REGFLAG_CMD, 7, {0xA7,0xD4,0xD4,0x00,0x00,0x22,0x00}},
    {REGFLAG_CMD, 7, {0xC0,0x9A,0x4A,0xF0,0xAA,0x11,0x00}},
    {REGFLAG_CMD, 7, {0xC1,0xAA,0xA5,0xA5,0xA0,0x00,0x00}},
    {REGFLAG_CMD, 7, {0xC2,0xA0,0x9B,0x9B,0x96,0x00,0x00}},
    {REGFLAG_CMD, 7, {0xC3,0x96,0x91,0x91,0x8C,0x00,0x00}},
    {REGFLAG_CMD, 7, {0xC4,0x6E,0x6E,0x6E,0x6E,0x00,0x00}},
    {REGFLAG_CMD, 7, {0xC5,0x6E,0x6E,0x6E,0x6E,0x00,0x00}},
    {REGFLAG_CMD, 7, {0xC6,0x6E,0x6E,0x6E,0x6E,0x00,0x00}},
    {REGFLAG_CMD, 7, {0xC7,0x6E,0x6E,0x00,0x00,0x00,0x00}},
    {REGFLAG_CMD, 4, {0xFF,0x5A,0xA5,0x52}},
    {REGFLAG_CMD, 7, {0x80,0x9A,0x4A,0xF0,0xAA,0x11,0x00}},
    {REGFLAG_CMD, 7, {0x81,0xAA,0xA5,0xA5,0xA0,0x00,0x00}},
    {REGFLAG_CMD, 7, {0x82,0xA0,0x9B,0x9B,0x96,0x00,0x00}},
    {REGFLAG_CMD, 7, {0x83,0x96,0x91,0x91,0x8C,0x00,0x00}},
    {REGFLAG_CMD, 7, {0x84,0x6E,0x6E,0x6E,0x6E,0x00,0x00}},
    {REGFLAG_CMD, 7, {0x85,0x6E,0x6E,0x6E,0x6E,0x00,0x00}},
    {REGFLAG_CMD, 7, {0x86,0x6E,0x6E,0x6E,0x6E,0x00,0x00}},
    {REGFLAG_CMD, 7, {0x87,0x6E,0x6E,0x00,0x00,0x00,0x00}},
    {REGFLAG_CMD, 7, {0xA0,0x54,0x54,0x54,0x54,0x11,0x11}},
    {REGFLAG_CMD, 7, {0xA1,0x54,0x54,0x54,0x54,0x11,0x11}},
    {REGFLAG_CMD, 7, {0xA2,0x54,0x54,0x54,0x54,0x11,0x11}},
    {REGFLAG_CMD, 7, {0xA3,0x54,0x54,0x54,0x54,0x11,0x11}},
    {REGFLAG_CMD, 7, {0xA4,0x54,0x54,0x54,0x54,0x11,0x11}},
    {REGFLAG_CMD, 7, {0xA5,0x54,0x54,0x54,0x54,0x11,0x11}},
    {REGFLAG_CMD, 7, {0xA6,0x54,0x54,0x54,0x54,0x11,0x11}},
    {REGFLAG_CMD, 7, {0xA7,0x54,0x54,0x00,0x00,0x11,0x00}},
    {REGFLAG_CMD, 7, {0xC0,0x54,0x54,0x54,0x54,0x11,0x11}},
    {REGFLAG_CMD, 7, {0xC1,0x54,0x54,0x54,0x54,0x11,0x11}},
    {REGFLAG_CMD, 7, {0xC2,0x54,0x54,0x54,0x54,0x11,0x11}},
    {REGFLAG_CMD, 7, {0xC3,0x54,0x54,0x54,0x54,0x11,0x11}},
    {REGFLAG_CMD, 7, {0xC4,0x54,0x54,0x54,0x54,0x11,0x11}},
    {REGFLAG_CMD, 7, {0xC5,0x54,0x54,0x54,0x54,0x11,0x11}},
    {REGFLAG_CMD, 7, {0xC6,0x54,0x54,0x54,0x54,0x11,0x11}},
    {REGFLAG_CMD, 7, {0xC7,0x54,0x54,0x00,0x00,0x11,0x00}},
    {REGFLAG_CMD, 4, {0xFF,0x5A,0xA5,0x00}},
    {REGFLAG_CMD, 4, {0xFF,0x5A,0xA5,0x49}},
    {REGFLAG_CMD, 12, {0x80,0x00,0x08,0x10,0x20,0x40,0x80,0xC0,0xE0,0x00,0x00,0x01}},
    {REGFLAG_CMD, 17, {0x81,0x00,0x00,0xF0,0x00,0x65,0x01,0xF3,0x01,0x44,0x02,0x45,0x02,0xA9,0x03,0xDD,0x06}},
    {REGFLAG_CMD, 19, {0x82,0x00,0x00,0xF0,0x00,0x65,0x01,0xF3,0x01,0x44,0x02,0x45,0x02,0xA9,0x03,0xDD,0x06,0xDD,0x06}},
    {REGFLAG_CMD, 2, {0x83,0x0A}},
    {REGFLAG_CMD, 2, {0x84,0x14}},
    {REGFLAG_CMD, 4, {0x85,0x80,0x00,0x02}},
    {REGFLAG_CMD, 4, {0x86,0x80,0x00,0x02}},
    {REGFLAG_CMD, 4, {0xA0,0x30,0x39,0x40}},
    {REGFLAG_CMD, 4, {0xA1,0x40,0x40,0x40}},
    {REGFLAG_CMD, 4, {0xA2,0x40,0x40,0x40}},
    {REGFLAG_CMD, 4, {0xA3,0x1E,0x5A,0x78}},
    {REGFLAG_CMD, 2, {0xA4,0x59}},
    {REGFLAG_CMD, 2, {0xA5,0x80}},
    {REGFLAG_CMD, 2, {0xA6,0x3F}},
    {REGFLAG_CMD, 2, {0xA7,0x0B}},
    {REGFLAG_CMD, 2, {0xAD,0x01}},
    {REGFLAG_CMD, 2, {0xAE,0x84}},
    {REGFLAG_CMD, 2, {0xAF,0x00}},
    {REGFLAG_CMD, 2, {0xD9,0x02}},
    {REGFLAG_CMD, 2, {0xDA,0xF7}},
    {REGFLAG_CMD, 2, {0xDB,0x9C}},
    {REGFLAG_CMD, 2, {0xDC,0x03}},
    {REGFLAG_CMD, 2, {0xDF,0x06}},
    {REGFLAG_CMD, 2, {0xE0,0x01}},
    {REGFLAG_CMD, 4, {0xFF,0x5A,0xA5,0x5A}},
    {REGFLAG_CMD, 4, {0x80,0x00,0x00,0x00}},
    {REGFLAG_CMD, 4, {0x81,0x00,0x02,0x00}},
    {REGFLAG_CMD, 4, {0x82,0x00,0x00,0x00}},
    {REGFLAG_CMD, 4, {0x83,0x01,0x21,0x00}},
    {REGFLAG_CMD, 4, {0x84,0x07,0x07,0x00}},
    {REGFLAG_CMD, 4, {0x85,0x07,0x08,0x00}},
    {REGFLAG_CMD, 4, {0x86,0x15,0x21,0x0C}},
    {REGFLAG_CMD, 4, {0x87,0x0E,0x0C,0x01}},
    {REGFLAG_CMD, 4, {0x88,0x0C,0x0C,0x0B}},
    {REGFLAG_CMD, 4, {0x89,0x05,0x06,0x01}},
    {REGFLAG_CMD, 4, {0x8A,0x15,0x15,0x07}},
    {REGFLAG_CMD, 4, {0x8B,0x0B,0x08,0x07}},
    {REGFLAG_CMD, 4, {0x8C,0x0C,0x06,0x07}},
    {REGFLAG_CMD, 4, {0x8D,0x08,0x03,0x07}},
    {REGFLAG_CMD, 4, {0x8E,0x03,0x02,0x04}},
    {REGFLAG_CMD, 4, {0x8F,0x18,0x0B,0x0D}},
    {REGFLAG_CMD, 4, {0x90,0x0E,0x07,0x0A}},
    {REGFLAG_CMD, 4, {0x91,0x0D,0x08,0x0A}},
    {REGFLAG_CMD, 4, {0x92,0x0B,0x05,0x09}},
    {REGFLAG_CMD, 4, {0x93,0x08,0x04,0x08}},
    {REGFLAG_CMD, 4, {0x94,0x04,0x02,0x04}},
    {REGFLAG_CMD, 4, {0x95,0x18,0x1A,0x19}},
    {REGFLAG_CMD, 4, {0x96,0x15,0x16,0x14}},
    {REGFLAG_CMD, 4, {0x97,0x13,0x13,0x15}},
    {REGFLAG_CMD, 4, {0x98,0x10,0x11,0x12}},
    {REGFLAG_CMD, 4, {0x99,0x0C,0x0D,0x0D}},
    {REGFLAG_CMD, 4, {0x9A,0x07,0x08,0x09}},
    {REGFLAG_CMD, 4, {0x9B,0x02,0x03,0x03}},
    {REGFLAG_CMD, 4, {0x9C,0x1B,0x1C,0x1A}},
    {REGFLAG_CMD, 4, {0x9D,0x18,0x16,0x16}},
    {REGFLAG_CMD, 4, {0x9E,0x12,0x14,0x14}},
    {REGFLAG_CMD, 4, {0x9F,0x11,0x12,0x10}},
    {REGFLAG_CMD, 4, {0xA0,0x0B,0x0A,0x0C}},
    {REGFLAG_CMD, 4, {0xA1,0x07,0x08,0x08}},
    {REGFLAG_CMD, 4, {0xA2,0x03,0x03,0x02}},
    {REGFLAG_CMD, 4, {0xA3,0x01,0x01,0x01}},
    {REGFLAG_CMD, 4, {0xA4,0x00,0x02,0x00}},
    {REGFLAG_CMD, 4, {0xA5,0x00,0x0F,0x00}},
    {REGFLAG_CMD, 4, {0xA6,0x00,0x04,0x00}},
    {REGFLAG_CMD, 4, {0xA7,0x09,0x0C,0x00}},
    {REGFLAG_CMD, 4, {0xA8,0x04,0x05,0x01}},
    {REGFLAG_CMD, 4, {0xA9,0x02,0x03,0x01}},
    {REGFLAG_CMD, 4, {0xAA,0x08,0x08,0x02}},
    {REGFLAG_CMD, 4, {0xAB,0x03,0x02,0x03}},
    {REGFLAG_CMD, 4, {0xAC,0x03,0x01,0x02}},
    {REGFLAG_CMD, 4, {0xAD,0x01,0x00,0x00}},
    {REGFLAG_CMD, 4, {0xAE,0x0C,0x09,0x0A}},
    {REGFLAG_CMD, 4, {0xAF,0x08,0x06,0x07}},
    {REGFLAG_CMD, 4, {0xB0,0x07,0x05,0x05}},
    {REGFLAG_CMD, 4, {0xB1,0x05,0x05,0x05}},
    {REGFLAG_CMD, 4, {0xB2,0x03,0x03,0x03}},
    {REGFLAG_CMD, 4, {0xB3,0x14,0x15,0x11}},
    {REGFLAG_CMD, 4, {0xB4,0x0F,0x0F,0x0D}},
    {REGFLAG_CMD, 4, {0xB5,0x0E,0x0E,0x0C}},
    {REGFLAG_CMD, 4, {0xB6,0x0C,0x0D,0x0B}},
    {REGFLAG_CMD, 4, {0xB7,0x08,0x09,0x07}},
    {REGFLAG_CMD, 4, {0xB8,0x02,0x03,0x03}},
    {REGFLAG_CMD, 4, {0xB9,0x22,0x23,0x22}},
    {REGFLAG_CMD, 4, {0xBA,0x1C,0x1D,0x1C}},
    {REGFLAG_CMD, 4, {0xBB,0x15,0x16,0x15}},
    {REGFLAG_CMD, 4, {0xBC,0x13,0x14,0x13}},
    {REGFLAG_CMD, 4, {0xBD,0x0D,0x0E,0x0D}},
    {REGFLAG_CMD, 4, {0xBE,0x05,0x06,0x07}},
    {REGFLAG_CMD, 4, {0xBF,0x02,0x03,0x02}},
    {REGFLAG_CMD, 4, {0xC0,0x23,0x24,0x23}},
    {REGFLAG_CMD, 4, {0xC1,0x20,0x22,0x21}},
    {REGFLAG_CMD, 4, {0xC2,0x18,0x1A,0x19}},
    {REGFLAG_CMD, 4, {0xC3,0x15,0x16,0x14}},
    {REGFLAG_CMD, 4, {0xC4,0x10,0x12,0x10}},
    {REGFLAG_CMD, 4, {0xC5,0x09,0x09,0x09}},
    {REGFLAG_CMD, 4, {0xC6,0x04,0x04,0x04}},
    {REGFLAG_CMD, 4, {0xC7,0x02,0x02,0x02}},
    {REGFLAG_CMD, 4, {0xC8,0x00,0x00,0x00}},
    {REGFLAG_CMD, 4, {0xC9,0x00,0x00,0x00}},
    {REGFLAG_CMD, 4, {0xCA,0x00,0x00,0x00}},
    {REGFLAG_CMD, 4, {0xCB,0x02,0x08,0x02}},
    {REGFLAG_CMD, 4, {0xCC,0x01,0x01,0x00}},
    {REGFLAG_CMD, 4, {0xCD,0x01,0x01,0x00}},
    {REGFLAG_CMD, 4, {0xCE,0x16,0x37,0x0F}},
    {REGFLAG_CMD, 4, {0xCF,0x0C,0x0C,0x06}},
    {REGFLAG_CMD, 4, {0xD0,0x0A,0x09,0x01}},
    {REGFLAG_CMD, 4, {0xD1,0x07,0x07,0x06}},
    {REGFLAG_CMD, 4, {0xD2,0x21,0x1F,0x0A}},
    {REGFLAG_CMD, 4, {0xD3,0x10,0x10,0x05}},
    {REGFLAG_CMD, 4, {0xD4,0x0E,0x0E,0x04}},
    {REGFLAG_CMD, 4, {0xD5,0x0B,0x0A,0x01}},
    {REGFLAG_CMD, 4, {0xD6,0x06,0x04,0x03}},
    {REGFLAG_CMD, 4, {0xD7,0x1F,0x14,0x0F}},
    {REGFLAG_CMD, 4, {0xD8,0x11,0x0B,0x07}},
    {REGFLAG_CMD, 4, {0xD9,0x0E,0x0A,0x06}},
    {REGFLAG_CMD, 4, {0xDA,0x0C,0x09,0x05}},
    {REGFLAG_CMD, 4, {0xDB,0x09,0x06,0x05}},
    {REGFLAG_CMD, 4, {0xDC,0x02,0x02,0x02}},
    {REGFLAG_CMD, 4, {0xDD,0x1C,0x1C,0x1D}},
    {REGFLAG_CMD, 4, {0xDE,0x13,0x14,0x14}},
    {REGFLAG_CMD, 4, {0xDF,0x12,0x12,0x11}},
    {REGFLAG_CMD, 4, {0xE0,0x10,0x0F,0x11}},
    {REGFLAG_CMD, 4, {0xE1,0x0C,0x0D,0x0E}},
    {REGFLAG_CMD, 4, {0xE2,0x05,0x04,0x04}},
    {REGFLAG_CMD, 4, {0xE3,0x01,0x02,0x01}},
    {REGFLAG_CMD, 4, {0xE4,0x1F,0x20,0x0A}},
    {REGFLAG_CMD, 4, {0xE5,0x16,0x18,0x16}},
    {REGFLAG_CMD, 4, {0xE6,0x14,0x16,0x14}},
    {REGFLAG_CMD, 4, {0xE7,0x10,0x11,0x10}},
    {REGFLAG_CMD, 4, {0xE8,0x0C,0x0D,0x0C}},
    {REGFLAG_CMD, 4, {0xE9,0x09,0x0A,0x09}},
    {REGFLAG_CMD, 4, {0xEA,0x04,0x04,0x04}},
    {REGFLAG_CMD, 4, {0xEB,0x02,0x02,0x02}},
    {REGFLAG_CMD, 4, {0xFF,0x5A,0xA5,0x5B}},
    {REGFLAG_CMD, 4, {0x80,0x00,0x07,0x00}},
    {REGFLAG_CMD, 4, {0x81,0x04,0x05,0x00}},
    {REGFLAG_CMD, 4, {0x82,0x01,0x01,0x00}},
    {REGFLAG_CMD, 4, {0x83,0x03,0x03,0x01}},
    {REGFLAG_CMD, 4, {0x84,0x01,0x00,0x01}},
    {REGFLAG_CMD, 4, {0x85,0x00,0x00,0x00}},
    {REGFLAG_CMD, 4, {0x86,0x05,0x04,0x03}},
    {REGFLAG_CMD, 4, {0x87,0x03,0x02,0x02}},
    {REGFLAG_CMD, 4, {0x88,0x02,0x02,0x02}},
    {REGFLAG_CMD, 4, {0x89,0x01,0x01,0x01}},
    {REGFLAG_CMD, 4, {0x8A,0x0C,0x0E,0x0A}},
    {REGFLAG_CMD, 4, {0x8B,0x09,0x0A,0x08}},
    {REGFLAG_CMD, 4, {0x8C,0x08,0x09,0x07}},
    {REGFLAG_CMD, 4, {0x8D,0x06,0x07,0x05}},
    {REGFLAG_CMD, 4, {0x8E,0x02,0x03,0x02}},
    {REGFLAG_CMD, 4, {0x8F,0x17,0x18,0x15}},
    {REGFLAG_CMD, 4, {0x90,0x12,0x12,0x10}},
    {REGFLAG_CMD, 4, {0x91,0x10,0x10,0x0E}},
    {REGFLAG_CMD, 4, {0x92,0x0D,0x0D,0x0C}},
    {REGFLAG_CMD, 4, {0x93,0x07,0x07,0x07}},
    {REGFLAG_CMD, 4, {0x94,0x02,0x02,0x02}},
    {REGFLAG_CMD, 4, {0x95,0x22,0x23,0x23}},
    {REGFLAG_CMD, 4, {0x96,0x1C,0x1D,0x1D}},
    {REGFLAG_CMD, 4, {0x97,0x17,0x18,0x18}},
    {REGFLAG_CMD, 4, {0x98,0x13,0x14,0x14}},
    {REGFLAG_CMD, 4, {0x99,0x0D,0x0E,0x0E}},
    {REGFLAG_CMD, 4, {0x9A,0x04,0x05,0x05}},
    {REGFLAG_CMD, 4, {0x9B,0x02,0x02,0x02}},
    {REGFLAG_CMD, 4, {0x9C,0x24,0x26,0x23}},
    {REGFLAG_CMD, 4, {0x9D,0x20,0x24,0x21}},
    {REGFLAG_CMD, 4, {0x9E,0x1C,0x1D,0x1C}},
    {REGFLAG_CMD, 4, {0x9F,0x16,0x16,0x15}},
    {REGFLAG_CMD, 4, {0xA0,0x10,0x10,0x10}},
    {REGFLAG_CMD, 4, {0xA1,0x08,0x08,0x08}},
    {REGFLAG_CMD, 4, {0xA2,0x04,0x04,0x04}},
    {REGFLAG_CMD, 4, {0xA3,0x02,0x02,0x02}},
    {REGFLAG_CMD, 4, {0xA4,0x04,0x07,0x00}},
    {REGFLAG_CMD, 4, {0xA5,0x04,0x04,0x01}},
    {REGFLAG_CMD, 4, {0xA6,0x00,0x00,0x01}},
    {REGFLAG_CMD, 4, {0xA7,0x03,0x02,0x01}},
    {REGFLAG_CMD, 4, {0xA8,0x01,0x00,0x00}},
    {REGFLAG_CMD, 4, {0xA9,0x00,0x00,0x00}},
    {REGFLAG_CMD, 4, {0xAA,0x05,0x05,0x04}},
    {REGFLAG_CMD, 4, {0xAB,0x03,0x03,0x02}},
    {REGFLAG_CMD, 4, {0xAC,0x02,0x02,0x02}},
    {REGFLAG_CMD, 4, {0xAD,0x01,0x01,0x01}},
    {REGFLAG_CMD, 4, {0xAE,0x00,0x00,0x00}},
    {REGFLAG_CMD, 4, {0xAF,0x0A,0x0A,0x08}},
    {REGFLAG_CMD, 4, {0xB0,0x08,0x09,0x07}},
    {REGFLAG_CMD, 4, {0xB1,0x06,0x07,0x05}},
    {REGFLAG_CMD, 4, {0xB2,0x03,0x03,0x02}},
    {REGFLAG_CMD, 4, {0xB3,0x17,0x19,0x15}},
    {REGFLAG_CMD, 4, {0xB4,0x11,0x13,0x10}},
    {REGFLAG_CMD, 4, {0xB5,0x10,0x11,0x0E}},
    {REGFLAG_CMD, 4, {0xB6,0x0C,0x0D,0x0B}},
    {REGFLAG_CMD, 4, {0xB7,0x06,0x07,0x07}},
    {REGFLAG_CMD, 4, {0xB8,0x02,0x02,0x02}},
    {REGFLAG_CMD, 4, {0xB9,0x1E,0x1F,0x1F}},
    {REGFLAG_CMD, 4, {0xBA,0x19,0x19,0x18}},
    {REGFLAG_CMD, 4, {0xBB,0x16,0x16,0x15}},
    {REGFLAG_CMD, 4, {0xBC,0x12,0x13,0x13}},
    {REGFLAG_CMD, 4, {0xBD,0x0E,0x0F,0x0F}},
    {REGFLAG_CMD, 4, {0xBE,0x06,0x06,0x05}},
    {REGFLAG_CMD, 4, {0xBF,0x03,0x03,0x03}},
    {REGFLAG_CMD, 4, {0xC0,0x22,0x23,0x23}},
    {REGFLAG_CMD, 4, {0xC1,0x1F,0x20,0x20}},
    {REGFLAG_CMD, 4, {0xC2,0x1F,0x1E,0x1D}},
    {REGFLAG_CMD, 4, {0xC3,0x1A,0x1B,0x1C}},
    {REGFLAG_CMD, 4, {0xC4,0x14,0x15,0x15}},
    {REGFLAG_CMD, 4, {0xC5,0x08,0x08,0x08}},
    {REGFLAG_CMD, 4, {0xC6,0x04,0x04,0x04}},
    {REGFLAG_CMD, 4, {0xC7,0x02,0x02,0x02}},
    {REGFLAG_CMD, 4, {0xC8,0x00,0x07,0x00}},
    {REGFLAG_CMD, 4, {0xC9,0x03,0x03,0x01}},
    {REGFLAG_CMD, 4, {0xCA,0x00,0x00,0x00}},
    {REGFLAG_CMD, 4, {0xCB,0x04,0x03,0x01}},
    {REGFLAG_CMD, 4, {0xCC,0x01,0x00,0x00}},
    {REGFLAG_CMD, 4, {0xCD,0x00,0x00,0x00}},
    {REGFLAG_CMD, 4, {0xCE,0x04,0x03,0x01}},
    {REGFLAG_CMD, 4, {0xCF,0x02,0x01,0x00}},
    {REGFLAG_CMD, 4, {0xD0,0x01,0x01,0x01}},
    {REGFLAG_CMD, 4, {0xD1,0x00,0x00,0x00}},
    {REGFLAG_CMD, 4, {0xD2,0x06,0x06,0x05}},
    {REGFLAG_CMD, 4, {0xD3,0x03,0x02,0x03}},
    {REGFLAG_CMD, 4, {0xD4,0x03,0x02,0x03}},
    {REGFLAG_CMD, 4, {0xD5,0x02,0x02,0x02}},
    {REGFLAG_CMD, 4, {0xD6,0x00,0x00,0x00}},
    {REGFLAG_CMD, 4, {0xD7,0x0A,0x0A,0x09}},
    {REGFLAG_CMD, 4, {0xD8,0x07,0x06,0x06}},
    {REGFLAG_CMD, 4, {0xD9,0x06,0x06,0x06}},
    {REGFLAG_CMD, 4, {0xDA,0x05,0x05,0x05}},
    {REGFLAG_CMD, 4, {0xDB,0x04,0x04,0x04}},
    {REGFLAG_CMD, 4, {0xDC,0x02,0x01,0x01}},
    {REGFLAG_CMD, 4, {0xDD,0x16,0x18,0x18}},
    {REGFLAG_CMD, 4, {0xDE,0x14,0x16,0x15}},
    {REGFLAG_CMD, 4, {0xDF,0x12,0x14,0x13}},
    {REGFLAG_CMD, 4, {0xE0,0x0A,0x0B,0x0A}},
    {REGFLAG_CMD, 4, {0xE1,0x07,0x07,0x08}},
    {REGFLAG_CMD, 4, {0xE2,0x05,0x06,0x04}},
    {REGFLAG_CMD, 4, {0xE3,0x02,0x02,0x02}},
    {REGFLAG_CMD, 4, {0xE4,0x1A,0x1A,0x1D}},
    {REGFLAG_CMD, 4, {0xE5,0x16,0x18,0x17}},
    {REGFLAG_CMD, 4, {0xE6,0x14,0x16,0x15}},
    {REGFLAG_CMD, 4, {0xE7,0x0D,0x0E,0x0D}},
    {REGFLAG_CMD, 4, {0xE8,0x0A,0x0B,0x0C}},
    {REGFLAG_CMD, 4, {0xE9,0x09,0x09,0x08}},
    {REGFLAG_CMD, 4, {0xEA,0x06,0x06,0x06}},
    {REGFLAG_CMD, 4, {0xEB,0x03,0x03,0x03}},
    {REGFLAG_CMD, 4, {0xFF,0x5A,0xA5,0x5C}},
    {REGFLAG_CMD, 4, {0x80,0x00,0x07,0x00}},
    {REGFLAG_CMD, 4, {0x81,0x05,0x06,0x03}},
    {REGFLAG_CMD, 4, {0x82,0x01,0x01,0x00}},
    {REGFLAG_CMD, 4, {0x83,0x04,0x04,0x02}},
    {REGFLAG_CMD, 4, {0x84,0x01,0x00,0x00}},
    {REGFLAG_CMD, 4, {0x85,0x00,0x00,0x00}},
    {REGFLAG_CMD, 4, {0x86,0x05,0x04,0x03}},
    {REGFLAG_CMD, 4, {0x87,0x02,0x02,0x01}},
    {REGFLAG_CMD, 4, {0x88,0x01,0x01,0x01}},
    {REGFLAG_CMD, 4, {0x89,0x01,0x01,0x01}},
    {REGFLAG_CMD, 4, {0x8A,0x0B,0x0B,0x0A}},
    {REGFLAG_CMD, 4, {0x8B,0x06,0x06,0x07}},
    {REGFLAG_CMD, 4, {0x8C,0x06,0x06,0x06}},
    {REGFLAG_CMD, 4, {0x8D,0x04,0x04,0x05}},
    {REGFLAG_CMD, 4, {0x8E,0x02,0x02,0x02}},
    {REGFLAG_CMD, 4, {0x8F,0x13,0x13,0x12}},
    {REGFLAG_CMD, 4, {0x90,0x0C,0x0A,0x0B}},
    {REGFLAG_CMD, 4, {0x91,0x0A,0x08,0x09}},
    {REGFLAG_CMD, 4, {0x92,0x07,0x06,0x07}},
    {REGFLAG_CMD, 4, {0x93,0x03,0x03,0x03}},
    {REGFLAG_CMD, 4, {0x94,0x02,0x02,0x02}},
    {REGFLAG_CMD, 4, {0x95,0x17,0x16,0x15}},
    {REGFLAG_CMD, 4, {0x96,0x15,0x14,0x13}},
    {REGFLAG_CMD, 4, {0x97,0x11,0x10,0x10}},
    {REGFLAG_CMD, 4, {0x98,0x0B,0x0D,0x0C}},
    {REGFLAG_CMD, 4, {0x99,0x06,0x05,0x06}},
    {REGFLAG_CMD, 4, {0x9A,0x03,0x03,0x03}},
    {REGFLAG_CMD, 4, {0x9B,0x02,0x02,0x02}},
    {REGFLAG_CMD, 4, {0x9C,0x22,0x23,0x21}},
    {REGFLAG_CMD, 4, {0x9D,0x20,0x21,0x20}},
    {REGFLAG_CMD, 4, {0x9E,0x1C,0x1D,0x1F}},
    {REGFLAG_CMD, 4, {0x9F,0x16,0x15,0x14}},
    {REGFLAG_CMD, 4, {0xA0,0x11,0x12,0x11}},
    {REGFLAG_CMD, 4, {0xA1,0x0A,0x0C,0x0B}},
    {REGFLAG_CMD, 4, {0xA2,0x05,0x04,0x05}},
    {REGFLAG_CMD, 4, {0xA3,0x03,0x03,0x03}},
    {REGFLAG_CMD, 4, {0xA4,0x01,0x01,0x00}},
    {REGFLAG_CMD, 4, {0xA5,0x01,0x01,0x00}},
    {REGFLAG_CMD, 4, {0xA6,0x00,0x00,0x00}},
    {REGFLAG_CMD, 4, {0xA7,0x01,0x01,0x00}},
    {REGFLAG_CMD, 4, {0xA8,0x00,0x00,0x00}},
    {REGFLAG_CMD, 4, {0xA9,0x00,0x00,0x00}},
    {REGFLAG_CMD, 4, {0xAA,0x02,0x02,0x02}},
    {REGFLAG_CMD, 4, {0xAB,0x01,0x01,0x01}},
    {REGFLAG_CMD, 4, {0xAC,0x01,0x01,0x01}},
    {REGFLAG_CMD, 4, {0xAD,0x00,0x00,0x00}},
    {REGFLAG_CMD, 4, {0xAE,0x06,0x06,0x06}},
    {REGFLAG_CMD, 4, {0xAF,0x04,0x04,0x04}},
    {REGFLAG_CMD, 4, {0xB0,0x03,0x03,0x03}},
    {REGFLAG_CMD, 4, {0xB1,0x02,0x02,0x02}},
    {REGFLAG_CMD, 4, {0xB2,0x01,0x01,0x01}},
    {REGFLAG_CMD, 4, {0xB3,0x10,0x12,0x11}},
    {REGFLAG_CMD, 4, {0xB4,0x11,0x12,0x13}},
    {REGFLAG_CMD, 4, {0xB5,0x0E,0x0C,0x0E}},
    {REGFLAG_CMD, 4, {0xB6,0x09,0x08,0x08}},
    {REGFLAG_CMD, 4, {0xB7,0x03,0x02,0x03}},
    {REGFLAG_CMD, 4, {0xB8,0x01,0x01,0x02}},
    {REGFLAG_CMD, 4, {0xB9,0x14,0x13,0x12}},
    {REGFLAG_CMD, 4, {0xBA,0x12,0x11,0x11}},
    {REGFLAG_CMD, 4, {0xBB,0x0F,0x0E,0x0E}},
    {REGFLAG_CMD, 4, {0xBC,0x0C,0x0C,0x0B}},
    {REGFLAG_CMD, 4, {0xBD,0x08,0x07,0x08}},
    {REGFLAG_CMD, 4, {0xBE,0x03,0x02,0x02}},
    {REGFLAG_CMD, 4, {0xBF,0x02,0x01,0x02}},
    {REGFLAG_CMD, 4, {0xC0,0x30,0x34,0x36}},
    {REGFLAG_CMD, 4, {0xC1,0x2A,0x2F,0x30}},
    {REGFLAG_CMD, 4, {0xC2,0x24,0x26,0x28}},
    {REGFLAG_CMD, 4, {0xC3,0x18,0x1A,0x1D}},
    {REGFLAG_CMD, 4, {0xC4,0x0D,0x10,0x10}},
    {REGFLAG_CMD, 4, {0xC5,0x0A,0x0B,0x0D}},
    {REGFLAG_CMD, 4, {0xC6,0x06,0x06,0x08}},
    {REGFLAG_CMD, 4, {0xC7,0x05,0x06,0x05}},
    {REGFLAG_CMD, 4, {0xC8,0x00,0x00,0x00}},
    {REGFLAG_CMD, 4, {0xC9,0x00,0x00,0x00}},
    {REGFLAG_CMD, 4, {0xCA,0x00,0x00,0x00}},
    {REGFLAG_CMD, 4, {0xCB,0x00,0x00,0x00}},
    {REGFLAG_CMD, 4, {0xCC,0x00,0x00,0x00}},
    {REGFLAG_CMD, 4, {0xCD,0x00,0x00,0x00}},
    {REGFLAG_CMD, 4, {0xCE,0x00,0x00,0x00}},
    {REGFLAG_CMD, 4, {0xCF,0x00,0x00,0x00}},
    {REGFLAG_CMD, 4, {0xFF,0x5A,0xA5,0x03}},
    {REGFLAG_CMD, 6, {0x90,0x01,0x80,0x21,0x40,0x35}},
    {REGFLAG_CMD, 7, {0x92,0x00,0x00,0x00,0x00,0x00,0x00}},
    {REGFLAG_CMD, 4, {0xFF,0x5A,0xA5,0x00}},
    {REGFLAG_CMD, 4, {0xFF,0x5A,0xA5,0x2D}},
    {REGFLAG_CMD, 3, {0x83,0x01,0x00}},
    {REGFLAG_CMD, 2, {0xF2,0x01}},
    {REGFLAG_CMD, 4, {0xFF,0x5A,0xA5,0x00}},
    {REGFLAG_CMD, 2, {0x60,0x00}}, // 0x00: 120Hz, 0x02: 90Hz
    {REGFLAG_CMD, 4, {0xFF,0x5A,0xA5,0x00}},
    {REGFLAG_CMD, 1, {0x29}},
    {REGFLAG_CMD, 4, {0xFF,0x5A,0xA5,0x2D}},
    {REGFLAG_CMD, 3, {0x83,0x00,0x00}},
    {REGFLAG_CMD, 2, {0xF2,0x00}},
    {REGFLAG_CMD, 4, {0xFF,0x5A,0xA5,0x00}},
    {REGFLAG_CMD, 2, {0x60,0x00}}, // 0x00: 120Hz, 0x02: 90Hz
    {REGFLAG_CMD, 4, {0xFF,0x5A,0xA5,0x00}},
    {REGFLAG_CMD, 4, {0xFF,0x5A,0xA5,0x0B}},
    {REGFLAG_CMD, 2, {0xA0,0x05}}, // >70nit A0 07, <=70nit A0 05
    {REGFLAG_CMD, 4, {0xFF,0x5A,0xA5,0x4E}},
    {REGFLAG_CMD, 2, {0xDA,0x04}},
    {REGFLAG_CMD, 2, {0xDB,0x8B}},
    {REGFLAG_CMD, 2, {0xDC,0x04}},
    {REGFLAG_CMD, 2, {0xDD,0x8A}},
    {REGFLAG_CMD, 2, {0xDE,0x02}},
    {REGFLAG_CMD, 2, {0xDF,0x43}},
    {REGFLAG_CMD, 2, {0xE0,0x01}},
    {REGFLAG_CMD, 2, {0xE1,0xE1}},
    {REGFLAG_CMD, 91, {0xCF,0x00,0x00,0x00,0x00,0x00,0x00,0x08,0x88,0x88,0x00,0x00,0x00,0x00,0x00,0x00,0x00,0x00,0x00,0x00,0x34,0x34,0x34,0x34,0x34,0x08,0x88,0x88,0x00,0x00,0x00,0x00,0x00,0x00,0x00,0x00,0x00,0x00,0x34,0x34,0x34,0x34,0x34,0x08,0x88,0x88,0x00,0x00,0x00,0x00,0x00,0x00,0x00,0x00,0x00,0x00,0x14,0x14,0x14,0x14,0x14,0x08,0x88,0x88,0x00,0x00,0x00,0x00,0x00,0x00,0x00,0x00,0x00,0x00,0x14,0x14,0x14,0x14,0x14,0x08,0x88,0x88,0x00,0x00,0x00,0x00,0x00,0x00,0x00,0x00,0x00}},
    {REGFLAG_CMD, 91, {0xD0,0x00,0x00,0x00,0x00,0x00,0x00,0x08,0x88,0x88,0x00,0x00,0x00,0x00,0x00,0x00,0x00,0x00,0x00,0x00,0x0B,0x0B,0x0B,0x0B,0x0B,0x08,0x88,0x88,0x00,0x00,0x00,0x00,0x00,0x00,0x00,0x00,0x00,0x00,0x0B,0x0B,0x0B,0x0B,0x0B,0x08,0x88,0x88,0x00,0x00,0x00,0x00,0x00,0x00,0x00,0x00,0x00,0x00,0x05,0x05,0x05,0x05,0x05,0x08,0x88,0x88,0x00,0x00,0x00,0x00,0x00,0x00,0x00,0x00,0x00,0x00,0x05,0x05,0x05,0x05,0x05,0x08,0x88,0x88,0x00,0x00,0x00,0x00,0x00,0x00,0x00,0x00,0x00}},
};

struct LCM_setting_table dsi_on_cmd_sdc120_1pulse[] = {
    {REGFLAG_CMD, 4, {0xFF,0x5A,0xA5,0x01}},
    {REGFLAG_CMD, 2, {0xFB,0x08}}, // Multi TE
    {REGFLAG_CMD, 4, {0xFF,0x5A,0xA5,0x03}},
    {REGFLAG_CMD, 6, {0x90,0x01,0x80,0x21,0x40,0x35}},
    {REGFLAG_CMD, 4, {0xFF,0x5A,0xA5,0x08}},
    {REGFLAG_CMD, 2, {0xC8,0x62}}, // Sleep out don't reload
    {REGFLAG_CMD, 4, {0xFF,0x5A,0xA5,0x20}},
    {REGFLAG_CMD, 2, {0xBA,0x04}},
    {REGFLAG_CMD, 2, {0xBB,0x05}},
    {REGFLAG_CMD, 2, {0xBC,0x07}},
    {REGFLAG_CMD, 2, {0xBD,0x06}},
    {REGFLAG_CMD, 4, {0xFF,0x5A,0xA5,0x21}},
    {REGFLAG_CMD, 2, {0xA4,0x18}}, // Flash reload enable
    // shift TE
    {REGFLAG_CMD, 4, {0xFF,0x5A,0xA5,0x02}},
    {REGFLAG_CMD, 3, {0xAB,0xAF,0x82}},
    {REGFLAG_CMD, 2, {0xC0,0x03}},
    {REGFLAG_CMD, 9, {0xB0,0x00,0x80,0x00,0x10,0x00,0x00,0x00,0x00}},
    {REGFLAG_CMD, 4, {0xFF,0x5A,0xA5,0x00}},
    // PPS setting
    {REGFLAG_CMD, 4, {0xFF,0x5A,0xA5,0x07}},
    {REGFLAG_CMD, 2, {0x8A,0x01}}, // PPS Enable
    {REGFLAG_CMD, 3, {0x8B,0x21,0xE0}}, // PPS Table
    {REGFLAG_CMD, 100, {0x81,0x00,0x00,0x00,0x00,0x00,0x12,0x00,0x00,0xAB,0x30,0x80,0x0A,0xDC,0x04,0xF0,0x00,0x14,0x02,0x78,0x02,0x78,0x02,0x00,0x02,0x57,0x00,0x20,0x01,0xF8,0x00,0x08,0x00,0x0D,0x05,0x7A,0x04,0x4F,0x18,0x00,0x10,0xE0,0x07,0x10,0x20,0x00,0x06,0x0F,0x0F,0x33,0x0E,0x1C,0x2A,0x38,0x46,0x54,0x62,0x69,0x70,0x77,0x79,0x7B,0x7D,0x7E,0x02,0x02,0x22,0x00,0x2A,0x40,0x2A,0xBE,0x3A,0xFC,0x3A,0xFA,0x3A,0xF8,0x3B,0x38,0x3B,0x78,0x3B,0xB6,0x4B,0xB6,0x4B,0xF4,0x4B,0xF4,0x6C,0x34,0x84,0x74,0x00,0x00,0x00,0x00,0x00,0x00}},
    // ffc setting
    {REGFLAG_CMD, 4, {0xFF,0x5A,0xA5,0x22}},
    {REGFLAG_CMD, 8, {0xD8,0x00,0xC4,0x11,0x10,0x32,0x12,0x12}},
    {REGFLAG_CMD, 8, {0xD9,0x00,0xC4,0x11,0x10,0x32,0x12,0x12}},
    {REGFLAG_CMD, 8, {0xDA,0x00,0xC4,0x11,0x10,0x32,0x12,0x12}},
    {REGFLAG_CMD, 8, {0xDB,0x00,0xC4,0x11,0x10,0x32,0x12,0x12}},
    {REGFLAG_CMD, 10, {0xDC,0x84,0x94,0xBB,0x00,0x20,0xC4,0xA1,0xCC,0x10}},
    {REGFLAG_CMD, 2, {0xDD,0x01}},
    {REGFLAG_CMD, 2, {0xDE,0xF1}},
    {REGFLAG_CMD, 2, {0xDF,0x80}},
    {REGFLAG_CMD, 8, {0xE0,0x02,0x00,0x5F,0x21,0x00,0x28,0x00}},
    {REGFLAG_CMD, 4, {0xFF,0x5A,0xA5,0x00}},
    // PAGE 2D
    {REGFLAG_CMD, 4, {0xFF,0x5A,0xA5,0x2D}},
    {REGFLAG_CMD, 2, {0xCE,0xD4}},
    {REGFLAG_CMD, 4, {0xEC,0x01,0xFF,0xFF}},
    {REGFLAG_CMD, 3, {0xED,0x55,0x05}},
    {REGFLAG_CMD, 3, {0x93,0xA0,0x00}},
    {REGFLAG_CMD, 3, {0x94,0x00,0x00}},
    {REGFLAG_CMD, 3, {0x88,0x01,0x00}},
    {REGFLAG_CMD, 2, {0xD2,0x06}},
    {REGFLAG_CMD, 4, {0xFF,0x5A,0xA5,0x00}},
    {REGFLAG_CMD, 2, {0x5E,0x01}},
    {REGFLAG_CMD, 2, {0x60,0x00}},
    {REGFLAG_CMD, 2, {0x61,0x07}},
    {REGFLAG_CMD, 2, {0x6D,0x01}},
    {REGFLAG_CMD, 2, {0x6E,0x00}},
    {REGFLAG_CMD, 2, {0x35,0x00}},
    {REGFLAG_CMD, 2, {0x53,0x20}},
    {REGFLAG_CMD, 2, {0x5A,0x01}},
    {REGFLAG_CMD, 2, {0x5B,0x80}},
    {REGFLAG_CMD, 4, {0xFF,0x5A,0xA5,0x4E}},
    {REGFLAG_CMD, 5, {0xCD,0x00,0x00,0x00,0x00}},
    {REGFLAG_CMD, 5, {0xCE,0x00,0x00,0x00,0x00}},
    {REGFLAG_CMD, 4, {0xFF,0x5A,0xA5,0x06}},
    {REGFLAG_CMD, 2, {0xA0,0x00}},
    // Skip Frame Decreasing Step
    {REGFLAG_CMD, 4, {0xFF,0x5A,0xA5,0x2D}},
    {REGFLAG_CMD, 3, {0x93,0xA0,0x00}},
    {REGFLAG_CMD, 4, {0xEC,0x01,0xFF,0xFF}},
    {REGFLAG_CMD, 3, {0xED,0x55,0x05}},
    {REGFLAG_CMD, 2, {0x97,0x02}},
    {REGFLAG_CMD, 3, {0x98,0x03,0x00}},
    {REGFLAG_CMD, 3, {0x99,0x0B,0x00}},
    {REGFLAG_CMD, 3, {0x9A,0x17,0x00}},
    {REGFLAG_CMD, 3, {0x9B,0x00,0x00}},
    {REGFLAG_CMD, 5, {0xA0,0x00,0x01,0x00,0x00}},
    {REGFLAG_CMD, 5, {0xA1,0x02,0x00,0x00,0x00}},
    {REGFLAG_CMD, 2, {0xB1,0x02}},
    {REGFLAG_CMD, 3, {0xB2,0x02,0x00}},
    {REGFLAG_CMD, 3, {0xB3,0x08,0x00}},
    {REGFLAG_CMD, 3, {0xB4,0x11,0x00}},
    {REGFLAG_CMD, 3, {0xB5,0x00,0x00}},
    {REGFLAG_CMD, 3, {0xBA,0x00,0x01}},
    {REGFLAG_CMD, 3, {0xBB,0x02,0x00}},
    // Voltage tie point DBV579
    {REGFLAG_CMD, 4, {0xFF,0x5A,0xA5,0x29}},
    {REGFLAG_CMD, 9, {0x93,0x0F,0xFF,0x0F,0xFE,0x0D,0xBB,0x07,0x52}},
    {REGFLAG_CMD, 9, {0x94,0x06,0xDC,0x06,0xDB,0x06,0x66,0x06,0x65}},
    {REGFLAG_CMD, 9, {0x95,0x05,0xF0,0x05,0xEF,0x05,0x79,0x05,0x78}},
    {REGFLAG_CMD, 9, {0x96,0x05,0x02,0x05,0x01,0x04,0x8C,0x04,0x8B}},
    {REGFLAG_CMD, 9, {0x97,0x04,0x8A,0x04,0x76,0x03,0xE6,0x02,0xCB}},
    {REGFLAG_CMD, 9, {0x98,0x02,0x43,0x01,0xE1,0x01,0x38,0x00,0x9E}},
    {REGFLAG_CMD, 9, {0x99,0x00,0x01,0x00,0x00,0x00,0x00,0x00,0x00}},
    {REGFLAG_CMD, 5, {0x9A,0x00,0x00,0x00,0x00}},
    {REGFLAG_CMD, 4, {0xFF,0x5A,0xA5,0x0B}},
    {REGFLAG_CMD, 2, {0xD1,0x8C}},
    {REGFLAG_CMD, 4, {0xFF,0x5A,0xA5,0x00}},
    // crosstalk optimization
    {REGFLAG_CMD, 4, {0xFF,0x5A,0xA5,0x31}},
    {REGFLAG_CMD, 2, {0xA0,0xA3}},
    {REGFLAG_CMD, 2, {0xA3,0x00}},
    {REGFLAG_CMD, 2, {0x9F,0x06}},
    {REGFLAG_CMD, 11, {0x90,0x02,0x03,0x04,0x07,0x09,0x02,0x03,0x04,0x07,0x09}},
    {REGFLAG_CMD, 25, {0x8C,0x40,0x30,0x20,0x19,0x10,0x08,0x12,0x00,0x00,0x00,0x00,0x00,0x00,0x00,0x00,0x00,0x00,0x00,0x00,0x00,0x00,0x00,0x00,0x00}},
    {REGFLAG_CMD, 26, {0x8D,0x30,0x28,0x14,0x10,0x09,0x08,0x02,0x00,0x00,0x00,0x00,0x00,0x00,0x00,0x00,0x00,0x00,0x00,0x00,0x00,0x00,0x00,0x00,0x00,0x00}},
    {REGFLAG_CMD, 7, {0x91,0x30,0x44,0x44,0x04,0x08,0x0C}},
    {REGFLAG_CMD, 7, {0x92,0x30,0x44,0x44,0x04,0x08,0x0C}},
    {REGFLAG_CMD, 7, {0x93,0x30,0x44,0x44,0x04,0x08,0x0C}},
    {REGFLAG_CMD, 2, {0xA6,0x00}},
    {REGFLAG_CMD, 2, {0xA7,0x10}},
    {REGFLAG_CMD, 2, {0xA8,0x00}},
    {REGFLAG_CMD, 2, {0xA9,0x10}},
    {REGFLAG_CMD, 2, {0xAA,0x00}},
    {REGFLAG_CMD, 2, {0xAB,0x10}},
    {REGFLAG_CMD, 2, {0xD0,0x81}},
    {REGFLAG_CMD, 19, {0x80,0xF0,0x6B,0x45,0x19,0x02,0xFE,0xE7,0xBB,0x95,0xE0,0x0C,0x05,0x02,0x00,0x00,0xFE,0xFE,0xF4}},
    {REGFLAG_CMD, 19, {0x81,0xF0,0x53,0x35,0x14,0x02,0xFE,0xEC,0xCB,0xAD,0xE0,0x0A,0x04,0x01,0x00,0x00,0xFF,0xFF,0xFD}},
    {REGFLAG_CMD, 19, {0x82,0xF0,0x43,0x2B,0x10,0x02,0xFE,0xF0,0xD5,0xBD,0xE0,0x06,0x04,0x01,0x00,0x00,0xFF,0xFF,0xFE}},
    {REGFLAG_CMD, 19, {0x83,0xF0,0x59,0x3A,0x15,0x02,0xFE,0xEB,0xC6,0xA7,0xE0,0x05,0x02,0x01,0x00,0x00,0xFF,0xFF,0xFE}},
    {REGFLAG_CMD, 19, {0x84,0xF0,0x46,0x2D,0x11,0x02,0xFE,0xEF,0xD3,0xBA,0xE0,0x03,0x01,0x01,0x00,0x00,0xFF,0xFF,0xFF}},
    {REGFLAG_CMD, 19, {0x85,0xF0,0x36,0x23,0x0D,0x02,0xFE,0xF3,0xDD,0xCA,0xE0,0x02,0x01,0x01,0x00,0x00,0xFF,0xFF,0xFF}},
    {REGFLAG_CMD, 19, {0x86,0xF0,0x6B,0x45,0x19,0x02,0xFE,0xE7,0xBB,0x95,0xE0,0x0C,0x05,0x02,0x00,0x00,0xFE,0xFE,0xF4}},
    {REGFLAG_CMD, 19, {0x87,0xF0,0x53,0x35,0x14,0x02,0xFE,0xEC,0xCB,0xAD,0xE0,0x0A,0x04,0x01,0x00,0x00,0xFF,0xFF,0xFD}},
    {REGFLAG_CMD, 19, {0x88,0xF0,0x43,0x2B,0x10,0x02,0xFE,0xF0,0xD5,0xBD,0xE0,0x06,0x04,0x01,0x00,0x00,0xFF,0xFF,0xFE}},
    {REGFLAG_CMD, 19, {0x89,0xF0,0x59,0x3A,0x15,0x02,0xFE,0xEB,0xC6,0xA7,0xE0,0x05,0x02,0x01,0x00,0x00,0xFF,0xFF,0xFE}},
    {REGFLAG_CMD, 19, {0x8A,0xF0,0x46,0x2D,0x11,0x02,0xFE,0xEF,0xD3,0xBA,0xE0,0x03,0x01,0x01,0x00,0x00,0xFF,0xFF,0xFF}},
    {REGFLAG_CMD, 19, {0x8B,0xF0,0x36,0x23,0x0D,0x02,0xFE,0xF3,0xDD,0xCA,0xE0,0x02,0x01,0x01,0x00,0x00,0xFF,0xFF,0xFF}},
    {REGFLAG_CMD, 2, {0xD0,0x80}},
    {REGFLAG_CMD, 4, {0xFF,0x5A,0xA5,0x2B}},
    {REGFLAG_CMD, 5, {0xA8,0x0F,0x00,0xFE,0xF7}},
    {REGFLAG_CMD, 5, {0xA9,0x3F,0xF6,0xF6,0xFC}},
    {REGFLAG_CMD, 5, {0xAA,0x3F,0xF8,0xD7,0xB8}},
    {REGFLAG_CMD, 5, {0xAB,0x03,0x00,0x00,0xFD}},
    {REGFLAG_CMD, 5, {0xAC,0x3F,0xF9,0xF7,0xF9}},
    {REGFLAG_CMD, 5, {0xAD,0x3F,0xF6,0xE4,0xD2}},
    {REGFLAG_CMD, 5, {0xAE,0x00,0x00,0x00,0x00}},
    {REGFLAG_CMD, 5, {0xAF,0x3F,0xFC,0xF8,0xF6}},
    {REGFLAG_CMD, 5, {0xB0,0x3F,0xF4,0xF0,0xEC}},
    {REGFLAG_CMD, 5, {0xB1,0x00,0x00,0x00,0x00}},
    {REGFLAG_CMD, 5, {0xB2,0x0F,0x00,0xFC,0xF9}},
    {REGFLAG_CMD, 5, {0xB3,0x3F,0xFA,0xF6,0xF2}},
    {REGFLAG_CMD, 5, {0xB4,0x00,0x00,0x00,0x00}},
    {REGFLAG_CMD, 5, {0xB5,0x03,0x00,0x00,0xFD}},
    {REGFLAG_CMD, 5, {0xB6,0x3F,0xF9,0xF5,0xF2}},
    {REGFLAG_CMD, 5, {0xB7,0x00,0x00,0x00,0x00}},
    {REGFLAG_CMD, 5, {0xB8,0x00,0x00,0x00,0x00}},
    {REGFLAG_CMD, 5, {0xB9,0x0F,0x01,0xFA,0xF2}},
    {REGFLAG_CMD, 5, {0xBA,0x00,0x00,0x00,0x00}},
    {REGFLAG_CMD, 5, {0xBB,0x00,0x00,0x00,0x00}},
    {REGFLAG_CMD, 5, {0xBC,0x00,0x00,0x04,0x08}},
    {REGFLAG_CMD, 5, {0xBD,0x00,0x00,0x00,0x00}},
    {REGFLAG_CMD, 5, {0xBE,0x00,0x00,0x00,0x00}},
    {REGFLAG_CMD, 5, {0xBF,0x00,0x00,0x00,0x00}},
    {REGFLAG_CMD, 5, {0xC0,0x00,0x00,0x00,0x00}},
    {REGFLAG_CMD, 5, {0xC1,0x00,0x00,0x00,0x00}},
    {REGFLAG_CMD, 5, {0xC2,0x00,0x00,0x00,0x00}},
    {REGFLAG_CMD, 5, {0xC3,0x0F,0x00,0xFB,0xF9}},
    {REGFLAG_CMD, 5, {0xC4,0x3F,0xF5,0xED,0xF0}},
    {REGFLAG_CMD, 5, {0xC5,0x3F,0xF2,0xEC,0xE5}},
    {REGFLAG_CMD, 5, {0xC6,0x03,0x00,0x00,0xFC}},
    {REGFLAG_CMD, 5, {0xC7,0x3F,0xF9,0xF5,0xF5}},
    {REGFLAG_CMD, 5, {0xC8,0x3F,0xF3,0xEE,0xEA}},
    {REGFLAG_CMD, 5, {0xC9,0x00,0x00,0x00,0x00}},
    {REGFLAG_CMD, 5, {0xCA,0x3F,0xFD,0xFD,0xF9}},
    {REGFLAG_CMD, 5, {0xCB,0x3F,0xF4,0xF1,0xEE}},
    {REGFLAG_CMD, 5, {0xCC,0x00,0x00,0x00,0x00}},
    {REGFLAG_CMD, 5, {0xCD,0x0F,0x00,0xFE,0xFE}},
    {REGFLAG_CMD, 5, {0xCE,0x3F,0xF8,0xF6,0xF4}},
    {REGFLAG_CMD, 5, {0xCF,0x00,0x00,0x00,0x00}},
    {REGFLAG_CMD, 5, {0xD0,0x00,0x00,0x00,0x01}},
    {REGFLAG_CMD, 5, {0xD1,0x3F,0xFA,0xFB,0xFD}},
    {REGFLAG_CMD, 5, {0xD2,0x00,0x00,0x00,0x00}},
    {REGFLAG_CMD, 5, {0xD3,0x00,0x00,0x00,0x00}},
    {REGFLAG_CMD, 5, {0xD4,0x3F,0xFF,0xFC,0xFA}},
    {REGFLAG_CMD, 5, {0xD5,0x00,0x00,0x00,0x00}},
    {REGFLAG_CMD, 5, {0xD6,0x00,0x00,0x00,0x00}},
    {REGFLAG_CMD, 5, {0xD7,0x0F,0x00,0xFD,0xFB}},
    {REGFLAG_CMD, 5, {0xD8,0x00,0x00,0x00,0x00}},
    {REGFLAG_CMD, 5, {0xD9,0x00,0x00,0x00,0x00}},
    {REGFLAG_CMD, 5, {0xDA,0x00,0x00,0x00,0x00}},
    {REGFLAG_CMD, 5, {0xDB,0x00,0x00,0x00,0x00}},
    {REGFLAG_CMD, 5, {0xDC,0x00,0x00,0x00,0x00}},
    {REGFLAG_CMD, 5, {0xDD,0x00,0x00,0x00,0x00}},
    {REGFLAG_CMD, 5, {0xDE,0x0F,0x00,0xFA,0xFE}},
    {REGFLAG_CMD, 5, {0xDF,0x3F,0xFA,0xF7,0xF2}},
    {REGFLAG_CMD, 5, {0xE0,0x3F,0xF3,0xEE,0xEA}},
    {REGFLAG_CMD, 5, {0xE1,0x03,0x00,0x00,0xFC}},
    {REGFLAG_CMD, 5, {0xE2,0x3F,0xFB,0xF9,0xF6}},
    {REGFLAG_CMD, 5, {0xE3,0x3F,0xF5,0xF3,0xF0}},
    {REGFLAG_CMD, 5, {0xE4,0x00,0x00,0x00,0x00}},
    {REGFLAG_CMD, 5, {0xE5,0x3F,0xFC,0xFB,0xFA}},
    {REGFLAG_CMD, 5, {0xE6,0x3F,0xF8,0xF7,0xF6}},
    {REGFLAG_CMD, 5, {0xE7,0x00,0x00,0x00,0x00}},
    {REGFLAG_CMD, 5, {0xE8,0x0F,0x00,0xFE,0xFA}},
    {REGFLAG_CMD, 5, {0xE9,0x3F,0xF7,0xFA,0xFE}},
    {REGFLAG_CMD, 5, {0xEA,0x00,0x00,0x00,0x00}},
    {REGFLAG_CMD, 5, {0xEB,0x03,0x00,0x00,0xFC}},
    {REGFLAG_CMD, 5, {0xEC,0x3F,0xFA,0xFC,0xFE}},
    {REGFLAG_CMD, 5, {0xED,0x00,0x00,0x00,0x00}},
    {REGFLAG_CMD, 5, {0xEE,0x00,0x00,0x00,0x00}},
    {REGFLAG_CMD, 5, {0xEF,0x3F,0xFE,0xFD,0xFC}},
    {REGFLAG_CMD, 5, {0xF0,0x00,0x00,0x00,0x00}},
    {REGFLAG_CMD, 5, {0xF1,0x00,0x00,0x00,0x00}},
    {REGFLAG_CMD, 5, {0xF2,0x0F,0x00,0xFE,0xFC}},
    {REGFLAG_CMD, 5, {0xF3,0x00,0x00,0x00,0x00}},
    {REGFLAG_CMD, 5, {0xF4,0x00,0x00,0x00,0x00}},
    {REGFLAG_CMD, 5, {0xF5,0x00,0x00,0x00,0x00}},
    {REGFLAG_CMD, 5, {0xF6,0x00,0x00,0x00,0x00}},
    {REGFLAG_CMD, 5, {0xF7,0x00,0x00,0x00,0x00}},
    {REGFLAG_CMD, 5, {0xF8,0x00,0x00,0x00,0x00}},
    {REGFLAG_CMD, 4, {0xFF,0x5A,0xA5,0x07}},
    {REGFLAG_CMD, 7, {0xE0,0x03,0xA9,0x06,0xDD,0x07,0xFF}},
    {REGFLAG_CMD, 9, {0xE3,0xAA,0x99,0x88,0x88,0x88,0x88,0x77,0x66}},
    {REGFLAG_CMD, 4, {0xE4,0x40,0x40,0x40}},
    {REGFLAG_CMD, 2, {0xE5,0x05}},
    {REGFLAG_CMD, 4, {0xE6,0x00,0x00,0x00}},
    {REGFLAG_CMD, 2, {0xE7,0xFF}},
    {REGFLAG_CMD, 12, {0xE8,0x01,0x00,0x00,0x20,0x40,0x60,0x80,0xA0,0xC0,0xE0,0x00}},
    {REGFLAG_CMD, 4, {0xFF,0x5A,0xA5,0x00}},
    // 3 to 1 120hz
    {REGFLAG_CMD, 4, {0xFF,0x5A,0xA5,0x0B}},
    {REGFLAG_CMD, 2, {0xA0,0x05}},
    {REGFLAG_CMD, 4, {0xFF,0x5A,0xA5,0x23}},
    {REGFLAG_CMD, 2, {0x8D,0x48}},
    {REGFLAG_CMD, 4, {0xFF,0x5A,0xA5,0x24}},
    {REGFLAG_CMD, 9, {0xAC,0x0F,0xFE,0x0D,0xBB,0x07,0x52,0x04,0x8B}},
    {REGFLAG_CMD, 9, {0xAD,0x04,0x8A,0x02,0xCB,0x01,0xE1,0x00,0x01}},
    {REGFLAG_CMD, 9, {0xAE,0x00,0x00,0x00,0x00,0x00,0x00,0x00,0x00}},
    {REGFLAG_CMD, 26, {0xD0,0x0F,0xFE,0x0D,0xBB,0x07,0x52,0x04,0x8B,0x04,0x8A,0x02,0xCB,0x01,0xE1,0x00,0x01,0x00,0x00,0x00,0x00,0x00,0x00,0x00,0x00,0x00}},
    {REGFLAG_CMD, 26, {0xD1,0x0F,0xFE,0x0D,0xBB,0x07,0x52,0x04,0x8B,0x04,0x8A,0x02,0xCB,0x01,0xE1,0x00,0x01,0x00,0x00,0x00,0x00,0x00,0x00,0x00,0x00,0x00}},
    {REGFLAG_CMD, 4, {0xFF,0x5A,0xA5,0x02}}, // PAGE 2
    {REGFLAG_CMD, 10, {0xE5,0x09,0x0B,0x0B,0x0D,0x55,0x0D,0x32,0x32,0x32}},
    {REGFLAG_CMD, 3, {0xE7,0x33,0x25}}, // DFR1 VGHL 1H AVEE 4H
    {REGFLAG_CMD, 3, {0xE8,0x33,0x25}}, // DFR2 VGHL 1H AVEE 4H
    {REGFLAG_CMD, 3, {0xE9,0x33,0x25}}, // DFR3 VGHL 1H AVEE 4H
    {REGFLAG_CMD, 4, {0xFF,0x5A,0xA5,0x05}}, // PAGE 5
    {REGFLAG_CMD, 15, {0xCA,0x1D,0x1F,0x1F,0x1F,0x1F,0x00,0x00,0x22,0x1B,0x1B,0x1B,0x18,0x19,0x19}},
    {REGFLAG_CMD, 4, {0xFF,0x5A,0xA5,0x00}},
    {REGFLAG_CMD, 1, {0x11}},
    {REGFLAG_DELAY, 120, {}}, // Delay 120ms
    {REGFLAG_CMD, 4, {0xFF,0x5A,0xA5,0x51}},
    {REGFLAG_CMD, 7, {0x80,0xD4,0xD4,0xD4,0xD4,0x22,0x22}},
    {REGFLAG_CMD, 7, {0x81,0xD4,0xD4,0xD4,0xD4,0x22,0x22}},
    {REGFLAG_CMD, 7, {0x82,0xD4,0xD4,0xD4,0xD4,0x22,0x22}},
    {REGFLAG_CMD, 7, {0x83,0xD4,0xD4,0xD4,0xD4,0x22,0x22}},
    {REGFLAG_CMD, 7, {0x84,0xD4,0xD4,0xD4,0xD4,0x22,0x22}},
    {REGFLAG_CMD, 7, {0x85,0xD4,0xD4,0xD4,0xD4,0x22,0x22}},
    {REGFLAG_CMD, 7, {0x86,0xD4,0xD4,0xD4,0xD4,0x22,0x22}},
    {REGFLAG_CMD, 7, {0x87,0xD4,0xD4,0x00,0x00,0x22,0x00}},
    {REGFLAG_CMD, 7, {0xA0,0xD4,0xD4,0xD4,0xD4,0x22,0x22}},
    {REGFLAG_CMD, 7, {0xA1,0xD4,0xD4,0xD4,0xD4,0x22,0x22}},
    {REGFLAG_CMD, 7, {0xA2,0xD4,0xD4,0xD4,0xD4,0x22,0x22}},
    {REGFLAG_CMD, 7, {0xA3,0xD4,0xD4,0xD4,0xD4,0x22,0x22}},
    {REGFLAG_CMD, 7, {0xA4,0xD4,0xD4,0xD4,0xD4,0x22,0x22}},
    {REGFLAG_CMD, 7, {0xA5,0xD4,0xD4,0xD4,0xD4,0x22,0x22}},
    {REGFLAG_CMD, 7, {0xA6,0xD4,0xD4,0xD4,0xD4,0x22,0x22}},
    {REGFLAG_CMD, 7, {0xA7,0xD4,0xD4,0x00,0x00,0x22,0x00}},
    {REGFLAG_CMD, 7, {0xC0,0x9A,0x4A,0xF0,0xAA,0x11,0x00}},
    {REGFLAG_CMD, 7, {0xC1,0xAA,0xA5,0xA5,0xA0,0x00,0x00}},
    {REGFLAG_CMD, 7, {0xC2,0xA0,0x9B,0x9B,0x96,0x00,0x00}},
    {REGFLAG_CMD, 7, {0xC3,0x96,0x91,0x91,0x8C,0x00,0x00}},
    {REGFLAG_CMD, 7, {0xC4,0x6E,0x6E,0x6E,0x6E,0x00,0x00}},
    {REGFLAG_CMD, 7, {0xC5,0x6E,0x6E,0x6E,0x6E,0x00,0x00}},
    {REGFLAG_CMD, 7, {0xC6,0x6E,0x6E,0x6E,0x6E,0x00,0x00}},
    {REGFLAG_CMD, 7, {0xC7,0x6E,0x6E,0x00,0x00,0x00,0x00}},
    {REGFLAG_CMD, 4, {0xFF,0x5A,0xA5,0x52}},
    {REGFLAG_CMD, 7, {0x80,0x9A,0x4A,0xF0,0xAA,0x11,0x00}},
    {REGFLAG_CMD, 7, {0x81,0xAA,0xA5,0xA5,0xA0,0x00,0x00}},
    {REGFLAG_CMD, 7, {0x82,0xA0,0x9B,0x9B,0x96,0x00,0x00}},
    {REGFLAG_CMD, 7, {0x83,0x96,0x91,0x91,0x8C,0x00,0x00}},
    {REGFLAG_CMD, 7, {0x84,0x6E,0x6E,0x6E,0x6E,0x00,0x00}},
    {REGFLAG_CMD, 7, {0x85,0x6E,0x6E,0x6E,0x6E,0x00,0x00}},
    {REGFLAG_CMD, 7, {0x86,0x6E,0x6E,0x6E,0x6E,0x00,0x00}},
    {REGFLAG_CMD, 7, {0x87,0x6E,0x6E,0x00,0x00,0x00,0x00}},
    {REGFLAG_CMD, 7, {0xA0,0x54,0x54,0x54,0x54,0x11,0x11}},
    {REGFLAG_CMD, 7, {0xA1,0x54,0x54,0x54,0x54,0x11,0x11}},
    {REGFLAG_CMD, 7, {0xA2,0x54,0x54,0x54,0x54,0x11,0x11}},
    {REGFLAG_CMD, 7, {0xA3,0x54,0x54,0x54,0x54,0x11,0x11}},
    {REGFLAG_CMD, 7, {0xA4,0x54,0x54,0x54,0x54,0x11,0x11}},
    {REGFLAG_CMD, 7, {0xA5,0x54,0x54,0x54,0x54,0x11,0x11}},
    {REGFLAG_CMD, 7, {0xA6,0x54,0x54,0x54,0x54,0x11,0x11}},
    {REGFLAG_CMD, 7, {0xA7,0x54,0x54,0x00,0x00,0x11,0x00}},
    {REGFLAG_CMD, 7, {0xC0,0x54,0x54,0x54,0x54,0x11,0x11}},
    {REGFLAG_CMD, 7, {0xC1,0x54,0x54,0x54,0x54,0x11,0x11}},
    {REGFLAG_CMD, 7, {0xC2,0x54,0x54,0x54,0x54,0x11,0x11}},
    {REGFLAG_CMD, 7, {0xC3,0x54,0x54,0x54,0x54,0x11,0x11}},
    {REGFLAG_CMD, 7, {0xC4,0x54,0x54,0x54,0x54,0x11,0x11}},
    {REGFLAG_CMD, 7, {0xC5,0x54,0x54,0x54,0x54,0x11,0x11}},
    {REGFLAG_CMD, 7, {0xC6,0x54,0x54,0x54,0x54,0x11,0x11}},
    {REGFLAG_CMD, 7, {0xC7,0x54,0x54,0x00,0x00,0x11,0x00}},
    {REGFLAG_CMD, 4, {0xFF,0x5A,0xA5,0x00}},
    {REGFLAG_CMD, 4, {0xFF,0x5A,0xA5,0x49}},
    {REGFLAG_CMD, 12, {0x80,0x00,0x08,0x10,0x20,0x40,0x80,0xC0,0xE0,0x00,0x00,0x01}},
    {REGFLAG_CMD, 17, {0x81,0x00,0x00,0xF0,0x00,0x65,0x01,0xF3,0x01,0x44,0x02,0x45,0x02,0xA9,0x03,0xDD,0x06}},
    {REGFLAG_CMD, 19, {0x82,0x00,0x00,0xF0,0x00,0x65,0x01,0xF3,0x01,0x44,0x02,0x45,0x02,0xA9,0x03,0xDD,0x06,0xDD,0x06}},
    {REGFLAG_CMD, 2, {0x83,0x0A}},
    {REGFLAG_CMD, 2, {0x84,0x14}},
    {REGFLAG_CMD, 4, {0x85,0x80,0x00,0x02}},
    {REGFLAG_CMD, 4, {0x86,0x80,0x00,0x02}},
    {REGFLAG_CMD, 4, {0xA0,0x30,0x39,0x40}},
    {REGFLAG_CMD, 4, {0xA1,0x40,0x40,0x40}},
    {REGFLAG_CMD, 4, {0xA2,0x40,0x40,0x40}},
    {REGFLAG_CMD, 4, {0xA3,0x1E,0x5A,0x78}},
    {REGFLAG_CMD, 2, {0xA4,0x59}},
    {REGFLAG_CMD, 2, {0xA5,0x80}},
    {REGFLAG_CMD, 2, {0xA6,0x3F}},
    {REGFLAG_CMD, 2, {0xA7,0x0B}},
    {REGFLAG_CMD, 2, {0xAD,0x01}},
    {REGFLAG_CMD, 2, {0xAE,0x84}},
    {REGFLAG_CMD, 2, {0xAF,0x00}},
    {REGFLAG_CMD, 2, {0xD9,0x02}},
    {REGFLAG_CMD, 2, {0xDA,0xF7}},
    {REGFLAG_CMD, 2, {0xDB,0x9C}},
    {REGFLAG_CMD, 2, {0xDC,0x03}},
    {REGFLAG_CMD, 2, {0xDF,0x06}},
    {REGFLAG_CMD, 2, {0xE0,0x01}},
    {REGFLAG_CMD, 4, {0xFF,0x5A,0xA5,0x5A}},
    {REGFLAG_CMD, 4, {0x80,0x00,0x00,0x00}},
    {REGFLAG_CMD, 4, {0x81,0x00,0x02,0x00}},
    {REGFLAG_CMD, 4, {0x82,0x00,0x00,0x00}},
    {REGFLAG_CMD, 4, {0x83,0x01,0x21,0x00}},
    {REGFLAG_CMD, 4, {0x84,0x07,0x07,0x00}},
    {REGFLAG_CMD, 4, {0x85,0x07,0x08,0x00}},
    {REGFLAG_CMD, 4, {0x86,0x15,0x21,0x0C}},
    {REGFLAG_CMD, 4, {0x87,0x0E,0x0C,0x01}},
    {REGFLAG_CMD, 4, {0x88,0x0C,0x0C,0x0B}},
    {REGFLAG_CMD, 4, {0x89,0x05,0x06,0x01}},
    {REGFLAG_CMD, 4, {0x8A,0x15,0x15,0x07}},
    {REGFLAG_CMD, 4, {0x8B,0x0B,0x08,0x07}},
    {REGFLAG_CMD, 4, {0x8C,0x0C,0x06,0x07}},
    {REGFLAG_CMD, 4, {0x8D,0x08,0x03,0x07}},
    {REGFLAG_CMD, 4, {0x8E,0x03,0x02,0x04}},
    {REGFLAG_CMD, 4, {0x8F,0x18,0x0B,0x0D}},
    {REGFLAG_CMD, 4, {0x90,0x0E,0x07,0x0A}},
    {REGFLAG_CMD, 4, {0x91,0x0D,0x08,0x0A}},
    {REGFLAG_CMD, 4, {0x92,0x0B,0x05,0x09}},
    {REGFLAG_CMD, 4, {0x93,0x08,0x04,0x08}},
    {REGFLAG_CMD, 4, {0x94,0x04,0x02,0x04}},
    {REGFLAG_CMD, 4, {0x95,0x18,0x1A,0x19}},
    {REGFLAG_CMD, 4, {0x96,0x15,0x16,0x14}},
    {REGFLAG_CMD, 4, {0x97,0x13,0x13,0x15}},
    {REGFLAG_CMD, 4, {0x98,0x10,0x11,0x12}},
    {REGFLAG_CMD, 4, {0x99,0x0C,0x0D,0x0D}},
    {REGFLAG_CMD, 4, {0x9A,0x07,0x08,0x09}},
    {REGFLAG_CMD, 4, {0x9B,0x02,0x03,0x03}},
    {REGFLAG_CMD, 4, {0x9C,0x1B,0x1C,0x1A}},
    {REGFLAG_CMD, 4, {0x9D,0x18,0x16,0x16}},
    {REGFLAG_CMD, 4, {0x9E,0x12,0x14,0x14}},
    {REGFLAG_CMD, 4, {0x9F,0x11,0x12,0x10}},
    {REGFLAG_CMD, 4, {0xA0,0x0B,0x0A,0x0C}},
    {REGFLAG_CMD, 4, {0xA1,0x07,0x08,0x08}},
    {REGFLAG_CMD, 4, {0xA2,0x03,0x03,0x02}},
    {REGFLAG_CMD, 4, {0xA3,0x01,0x01,0x01}},
    {REGFLAG_CMD, 4, {0xA4,0x00,0x02,0x00}},
    {REGFLAG_CMD, 4, {0xA5,0x00,0x0F,0x00}},
    {REGFLAG_CMD, 4, {0xA6,0x00,0x04,0x00}},
    {REGFLAG_CMD, 4, {0xA7,0x09,0x0C,0x00}},
    {REGFLAG_CMD, 4, {0xA8,0x04,0x05,0x01}},
    {REGFLAG_CMD, 4, {0xA9,0x02,0x03,0x01}},
    {REGFLAG_CMD, 4, {0xAA,0x08,0x08,0x02}},
    {REGFLAG_CMD, 4, {0xAB,0x03,0x02,0x03}},
    {REGFLAG_CMD, 4, {0xAC,0x03,0x01,0x02}},
    {REGFLAG_CMD, 4, {0xAD,0x01,0x00,0x00}},
    {REGFLAG_CMD, 4, {0xAE,0x0C,0x09,0x0A}},
    {REGFLAG_CMD, 4, {0xAF,0x08,0x06,0x07}},
    {REGFLAG_CMD, 4, {0xB0,0x07,0x05,0x05}},
    {REGFLAG_CMD, 4, {0xB1,0x05,0x05,0x05}},
    {REGFLAG_CMD, 4, {0xB2,0x03,0x03,0x03}},
    {REGFLAG_CMD, 4, {0xB3,0x14,0x15,0x11}},
    {REGFLAG_CMD, 4, {0xB4,0x0F,0x0F,0x0D}},
    {REGFLAG_CMD, 4, {0xB5,0x0E,0x0E,0x0C}},
    {REGFLAG_CMD, 4, {0xB6,0x0C,0x0D,0x0B}},
    {REGFLAG_CMD, 4, {0xB7,0x08,0x09,0x07}},
    {REGFLAG_CMD, 4, {0xB8,0x02,0x03,0x03}},
    {REGFLAG_CMD, 4, {0xB9,0x22,0x23,0x22}},
    {REGFLAG_CMD, 4, {0xBA,0x1C,0x1D,0x1C}},
    {REGFLAG_CMD, 4, {0xBB,0x15,0x16,0x15}},
    {REGFLAG_CMD, 4, {0xBC,0x13,0x14,0x13}},
    {REGFLAG_CMD, 4, {0xBD,0x0D,0x0E,0x0D}},
    {REGFLAG_CMD, 4, {0xBE,0x05,0x06,0x07}},
    {REGFLAG_CMD, 4, {0xBF,0x02,0x03,0x02}},
    {REGFLAG_CMD, 4, {0xC0,0x23,0x24,0x23}},
    {REGFLAG_CMD, 4, {0xC1,0x20,0x22,0x21}},
    {REGFLAG_CMD, 4, {0xC2,0x18,0x1A,0x19}},
    {REGFLAG_CMD, 4, {0xC3,0x15,0x16,0x14}},
    {REGFLAG_CMD, 4, {0xC4,0x10,0x12,0x10}},
    {REGFLAG_CMD, 4, {0xC5,0x09,0x09,0x09}},
    {REGFLAG_CMD, 4, {0xC6,0x04,0x04,0x04}},
    {REGFLAG_CMD, 4, {0xC7,0x02,0x02,0x02}},
    {REGFLAG_CMD, 4, {0xC8,0x00,0x00,0x00}},
    {REGFLAG_CMD, 4, {0xC9,0x00,0x00,0x00}},
    {REGFLAG_CMD, 4, {0xCA,0x00,0x00,0x00}},
    {REGFLAG_CMD, 4, {0xCB,0x02,0x08,0x02}},
    {REGFLAG_CMD, 4, {0xCC,0x01,0x01,0x00}},
    {REGFLAG_CMD, 4, {0xCD,0x01,0x01,0x00}},
    {REGFLAG_CMD, 4, {0xCE,0x16,0x37,0x0F}},
    {REGFLAG_CMD, 4, {0xCF,0x0C,0x0C,0x06}},
    {REGFLAG_CMD, 4, {0xD0,0x0A,0x09,0x01}},
    {REGFLAG_CMD, 4, {0xD1,0x07,0x07,0x06}},
    {REGFLAG_CMD, 4, {0xD2,0x21,0x1F,0x0A}},
    {REGFLAG_CMD, 4, {0xD3,0x10,0x10,0x05}},
    {REGFLAG_CMD, 4, {0xD4,0x0E,0x0E,0x04}},
    {REGFLAG_CMD, 4, {0xD5,0x0B,0x0A,0x01}},
    {REGFLAG_CMD, 4, {0xD6,0x06,0x04,0x03}},
    {REGFLAG_CMD, 4, {0xD7,0x1F,0x14,0x0F}},
    {REGFLAG_CMD, 4, {0xD8,0x11,0x0B,0x07}},
    {REGFLAG_CMD, 4, {0xD9,0x0E,0x0A,0x06}},
    {REGFLAG_CMD, 4, {0xDA,0x0C,0x09,0x05}},
    {REGFLAG_CMD, 4, {0xDB,0x09,0x06,0x05}},
    {REGFLAG_CMD, 4, {0xDC,0x02,0x02,0x02}},
    {REGFLAG_CMD, 4, {0xDD,0x1C,0x1C,0x1D}},
    {REGFLAG_CMD, 4, {0xDE,0x13,0x14,0x14}},
    {REGFLAG_CMD, 4, {0xDF,0x12,0x12,0x11}},
    {REGFLAG_CMD, 4, {0xE0,0x10,0x0F,0x11}},
    {REGFLAG_CMD, 4, {0xE1,0x0C,0x0D,0x0E}},
    {REGFLAG_CMD, 4, {0xE2,0x05,0x04,0x04}},
    {REGFLAG_CMD, 4, {0xE3,0x01,0x02,0x01}},
    {REGFLAG_CMD, 4, {0xE4,0x1F,0x20,0x0A}},
    {REGFLAG_CMD, 4, {0xE5,0x16,0x18,0x16}},
    {REGFLAG_CMD, 4, {0xE6,0x14,0x16,0x14}},
    {REGFLAG_CMD, 4, {0xE7,0x10,0x11,0x10}},
    {REGFLAG_CMD, 4, {0xE8,0x0C,0x0D,0x0C}},
    {REGFLAG_CMD, 4, {0xE9,0x09,0x0A,0x09}},
    {REGFLAG_CMD, 4, {0xEA,0x04,0x04,0x04}},
    {REGFLAG_CMD, 4, {0xEB,0x02,0x02,0x02}},
    {REGFLAG_CMD, 4, {0xFF,0x5A,0xA5,0x5B}},
    {REGFLAG_CMD, 4, {0x80,0x00,0x07,0x00}},
    {REGFLAG_CMD, 4, {0x81,0x04,0x05,0x00}},
    {REGFLAG_CMD, 4, {0x82,0x01,0x01,0x00}},
    {REGFLAG_CMD, 4, {0x83,0x03,0x03,0x01}},
    {REGFLAG_CMD, 4, {0x84,0x01,0x00,0x01}},
    {REGFLAG_CMD, 4, {0x85,0x00,0x00,0x00}},
    {REGFLAG_CMD, 4, {0x86,0x05,0x04,0x03}},
    {REGFLAG_CMD, 4, {0x87,0x03,0x02,0x02}},
    {REGFLAG_CMD, 4, {0x88,0x02,0x02,0x02}},
    {REGFLAG_CMD, 4, {0x89,0x01,0x01,0x01}},
    {REGFLAG_CMD, 4, {0x8A,0x0C,0x0E,0x0A}},
    {REGFLAG_CMD, 4, {0x8B,0x09,0x0A,0x08}},
    {REGFLAG_CMD, 4, {0x8C,0x08,0x09,0x07}},
    {REGFLAG_CMD, 4, {0x8D,0x06,0x07,0x05}},
    {REGFLAG_CMD, 4, {0x8E,0x02,0x03,0x02}},
    {REGFLAG_CMD, 4, {0x8F,0x17,0x18,0x15}},
    {REGFLAG_CMD, 4, {0x90,0x12,0x12,0x10}},
    {REGFLAG_CMD, 4, {0x91,0x10,0x10,0x0E}},
    {REGFLAG_CMD, 4, {0x92,0x0D,0x0D,0x0C}},
    {REGFLAG_CMD, 4, {0x93,0x07,0x07,0x07}},
    {REGFLAG_CMD, 4, {0x94,0x02,0x02,0x02}},
    {REGFLAG_CMD, 4, {0x95,0x22,0x23,0x23}},
    {REGFLAG_CMD, 4, {0x96,0x1C,0x1D,0x1D}},
    {REGFLAG_CMD, 4, {0x97,0x17,0x18,0x18}},
    {REGFLAG_CMD, 4, {0x98,0x13,0x14,0x14}},
    {REGFLAG_CMD, 4, {0x99,0x0D,0x0E,0x0E}},
    {REGFLAG_CMD, 4, {0x9A,0x04,0x05,0x05}},
    {REGFLAG_CMD, 4, {0x9B,0x02,0x02,0x02}},
    {REGFLAG_CMD, 4, {0x9C,0x24,0x26,0x23}},
    {REGFLAG_CMD, 4, {0x9D,0x20,0x24,0x21}},
    {REGFLAG_CMD, 4, {0x9E,0x1C,0x1D,0x1C}},
    {REGFLAG_CMD, 4, {0x9F,0x16,0x16,0x15}},
    {REGFLAG_CMD, 4, {0xA0,0x10,0x10,0x10}},
    {REGFLAG_CMD, 4, {0xA1,0x08,0x08,0x08}},
    {REGFLAG_CMD, 4, {0xA2,0x04,0x04,0x04}},
    {REGFLAG_CMD, 4, {0xA3,0x02,0x02,0x02}},
    {REGFLAG_CMD, 4, {0xA4,0x04,0x07,0x00}},
    {REGFLAG_CMD, 4, {0xA5,0x04,0x04,0x01}},
    {REGFLAG_CMD, 4, {0xA6,0x00,0x00,0x01}},
    {REGFLAG_CMD, 4, {0xA7,0x03,0x02,0x01}},
    {REGFLAG_CMD, 4, {0xA8,0x01,0x00,0x00}},
    {REGFLAG_CMD, 4, {0xA9,0x00,0x00,0x00}},
    {REGFLAG_CMD, 4, {0xAA,0x05,0x05,0x04}},
    {REGFLAG_CMD, 4, {0xAB,0x03,0x03,0x02}},
    {REGFLAG_CMD, 4, {0xAC,0x02,0x02,0x02}},
    {REGFLAG_CMD, 4, {0xAD,0x01,0x01,0x01}},
    {REGFLAG_CMD, 4, {0xAE,0x00,0x00,0x00}},
    {REGFLAG_CMD, 4, {0xAF,0x0A,0x0A,0x08}},
    {REGFLAG_CMD, 4, {0xB0,0x08,0x09,0x07}},
    {REGFLAG_CMD, 4, {0xB1,0x06,0x07,0x05}},
    {REGFLAG_CMD, 4, {0xB2,0x03,0x03,0x02}},
    {REGFLAG_CMD, 4, {0xB3,0x17,0x19,0x15}},
    {REGFLAG_CMD, 4, {0xB4,0x11,0x13,0x10}},
    {REGFLAG_CMD, 4, {0xB5,0x10,0x11,0x0E}},
    {REGFLAG_CMD, 4, {0xB6,0x0C,0x0D,0x0B}},
    {REGFLAG_CMD, 4, {0xB7,0x06,0x07,0x07}},
    {REGFLAG_CMD, 4, {0xB8,0x02,0x02,0x02}},
    {REGFLAG_CMD, 4, {0xB9,0x1E,0x1F,0x1F}},
    {REGFLAG_CMD, 4, {0xBA,0x19,0x19,0x18}},
    {REGFLAG_CMD, 4, {0xBB,0x16,0x16,0x15}},
    {REGFLAG_CMD, 4, {0xBC,0x12,0x13,0x13}},
    {REGFLAG_CMD, 4, {0xBD,0x0E,0x0F,0x0F}},
    {REGFLAG_CMD, 4, {0xBE,0x06,0x06,0x05}},
    {REGFLAG_CMD, 4, {0xBF,0x03,0x03,0x03}},
    {REGFLAG_CMD, 4, {0xC0,0x22,0x23,0x23}},
    {REGFLAG_CMD, 4, {0xC1,0x1F,0x20,0x20}},
    {REGFLAG_CMD, 4, {0xC2,0x1F,0x1E,0x1D}},
    {REGFLAG_CMD, 4, {0xC3,0x1A,0x1B,0x1C}},
    {REGFLAG_CMD, 4, {0xC4,0x14,0x15,0x15}},
    {REGFLAG_CMD, 4, {0xC5,0x08,0x08,0x08}},
    {REGFLAG_CMD, 4, {0xC6,0x04,0x04,0x04}},
    {REGFLAG_CMD, 4, {0xC7,0x02,0x02,0x02}},
    {REGFLAG_CMD, 4, {0xC8,0x00,0x07,0x00}},
    {REGFLAG_CMD, 4, {0xC9,0x03,0x03,0x01}},
    {REGFLAG_CMD, 4, {0xCA,0x00,0x00,0x00}},
    {REGFLAG_CMD, 4, {0xCB,0x04,0x03,0x01}},
    {REGFLAG_CMD, 4, {0xCC,0x01,0x00,0x00}},
    {REGFLAG_CMD, 4, {0xCD,0x00,0x00,0x00}},
    {REGFLAG_CMD, 4, {0xCE,0x04,0x03,0x01}},
    {REGFLAG_CMD, 4, {0xCF,0x02,0x01,0x00}},
    {REGFLAG_CMD, 4, {0xD0,0x01,0x01,0x01}},
    {REGFLAG_CMD, 4, {0xD1,0x00,0x00,0x00}},
    {REGFLAG_CMD, 4, {0xD2,0x06,0x06,0x05}},
    {REGFLAG_CMD, 4, {0xD3,0x03,0x02,0x03}},
    {REGFLAG_CMD, 4, {0xD4,0x03,0x02,0x03}},
    {REGFLAG_CMD, 4, {0xD5,0x02,0x02,0x02}},
    {REGFLAG_CMD, 4, {0xD6,0x00,0x00,0x00}},
    {REGFLAG_CMD, 4, {0xD7,0x0A,0x0A,0x09}},
    {REGFLAG_CMD, 4, {0xD8,0x07,0x06,0x06}},
    {REGFLAG_CMD, 4, {0xD9,0x06,0x06,0x06}},
    {REGFLAG_CMD, 4, {0xDA,0x05,0x05,0x05}},
    {REGFLAG_CMD, 4, {0xDB,0x04,0x04,0x04}},
    {REGFLAG_CMD, 4, {0xDC,0x02,0x01,0x01}},
    {REGFLAG_CMD, 4, {0xDD,0x16,0x18,0x18}},
    {REGFLAG_CMD, 4, {0xDE,0x14,0x16,0x15}},
    {REGFLAG_CMD, 4, {0xDF,0x12,0x14,0x13}},
    {REGFLAG_CMD, 4, {0xE0,0x0A,0x0B,0x0A}},
    {REGFLAG_CMD, 4, {0xE1,0x07,0x07,0x08}},
    {REGFLAG_CMD, 4, {0xE2,0x05,0x06,0x04}},
    {REGFLAG_CMD, 4, {0xE3,0x02,0x02,0x02}},
    {REGFLAG_CMD, 4, {0xE4,0x1A,0x1A,0x1D}},
    {REGFLAG_CMD, 4, {0xE5,0x16,0x18,0x17}},
    {REGFLAG_CMD, 4, {0xE6,0x14,0x16,0x15}},
    {REGFLAG_CMD, 4, {0xE7,0x0D,0x0E,0x0D}},
    {REGFLAG_CMD, 4, {0xE8,0x0A,0x0B,0x0C}},
    {REGFLAG_CMD, 4, {0xE9,0x09,0x09,0x08}},
    {REGFLAG_CMD, 4, {0xEA,0x06,0x06,0x06}},
    {REGFLAG_CMD, 4, {0xEB,0x03,0x03,0x03}},
    {REGFLAG_CMD, 4, {0xFF,0x5A,0xA5,0x5C}},
    {REGFLAG_CMD, 4, {0x80,0x00,0x07,0x00}},
    {REGFLAG_CMD, 4, {0x81,0x05,0x06,0x03}},
    {REGFLAG_CMD, 4, {0x82,0x01,0x01,0x00}},
    {REGFLAG_CMD, 4, {0x83,0x04,0x04,0x02}},
    {REGFLAG_CMD, 4, {0x84,0x01,0x00,0x00}},
    {REGFLAG_CMD, 4, {0x85,0x00,0x00,0x00}},
    {REGFLAG_CMD, 4, {0x86,0x05,0x04,0x03}},
    {REGFLAG_CMD, 4, {0x87,0x02,0x02,0x01}},
    {REGFLAG_CMD, 4, {0x88,0x01,0x01,0x01}},
    {REGFLAG_CMD, 4, {0x89,0x01,0x01,0x01}},
    {REGFLAG_CMD, 4, {0x8A,0x0B,0x0B,0x0A}},
    {REGFLAG_CMD, 4, {0x8B,0x06,0x06,0x07}},
    {REGFLAG_CMD, 4, {0x8C,0x06,0x06,0x06}},
    {REGFLAG_CMD, 4, {0x8D,0x04,0x04,0x05}},
    {REGFLAG_CMD, 4, {0x8E,0x02,0x02,0x02}},
    {REGFLAG_CMD, 4, {0x8F,0x13,0x13,0x12}},
    {REGFLAG_CMD, 4, {0x90,0x0C,0x0A,0x0B}},
    {REGFLAG_CMD, 4, {0x91,0x0A,0x08,0x09}},
    {REGFLAG_CMD, 4, {0x92,0x07,0x06,0x07}},
    {REGFLAG_CMD, 4, {0x93,0x03,0x03,0x03}},
    {REGFLAG_CMD, 4, {0x94,0x02,0x02,0x02}},
    {REGFLAG_CMD, 4, {0x95,0x17,0x16,0x15}},
    {REGFLAG_CMD, 4, {0x96,0x15,0x14,0x13}},
    {REGFLAG_CMD, 4, {0x97,0x11,0x10,0x10}},
    {REGFLAG_CMD, 4, {0x98,0x0B,0x0D,0x0C}},
    {REGFLAG_CMD, 4, {0x99,0x06,0x05,0x06}},
    {REGFLAG_CMD, 4, {0x9A,0x03,0x03,0x03}},
    {REGFLAG_CMD, 4, {0x9B,0x02,0x02,0x02}},
    {REGFLAG_CMD, 4, {0x9C,0x22,0x23,0x21}},
    {REGFLAG_CMD, 4, {0x9D,0x20,0x21,0x20}},
    {REGFLAG_CMD, 4, {0x9E,0x1C,0x1D,0x1F}},
    {REGFLAG_CMD, 4, {0x9F,0x16,0x15,0x14}},
    {REGFLAG_CMD, 4, {0xA0,0x11,0x12,0x11}},
    {REGFLAG_CMD, 4, {0xA1,0x0A,0x0C,0x0B}},
    {REGFLAG_CMD, 4, {0xA2,0x05,0x04,0x05}},
    {REGFLAG_CMD, 4, {0xA3,0x03,0x03,0x03}},
    {REGFLAG_CMD, 4, {0xA4,0x01,0x01,0x00}},
    {REGFLAG_CMD, 4, {0xA5,0x01,0x01,0x00}},
    {REGFLAG_CMD, 4, {0xA6,0x00,0x00,0x00}},
    {REGFLAG_CMD, 4, {0xA7,0x01,0x01,0x00}},
    {REGFLAG_CMD, 4, {0xA8,0x00,0x00,0x00}},
    {REGFLAG_CMD, 4, {0xA9,0x00,0x00,0x00}},
    {REGFLAG_CMD, 4, {0xAA,0x02,0x02,0x02}},
    {REGFLAG_CMD, 4, {0xAB,0x01,0x01,0x01}},
    {REGFLAG_CMD, 4, {0xAC,0x01,0x01,0x01}},
    {REGFLAG_CMD, 4, {0xAD,0x00,0x00,0x00}},
    {REGFLAG_CMD, 4, {0xAE,0x06,0x06,0x06}},
    {REGFLAG_CMD, 4, {0xAF,0x04,0x04,0x04}},
    {REGFLAG_CMD, 4, {0xB0,0x03,0x03,0x03}},
    {REGFLAG_CMD, 4, {0xB1,0x02,0x02,0x02}},
    {REGFLAG_CMD, 4, {0xB2,0x01,0x01,0x01}},
    {REGFLAG_CMD, 4, {0xB3,0x10,0x12,0x11}},
    {REGFLAG_CMD, 4, {0xB4,0x11,0x12,0x13}},
    {REGFLAG_CMD, 4, {0xB5,0x0E,0x0C,0x0E}},
    {REGFLAG_CMD, 4, {0xB6,0x09,0x08,0x08}},
    {REGFLAG_CMD, 4, {0xB7,0x03,0x02,0x03}},
    {REGFLAG_CMD, 4, {0xB8,0x01,0x01,0x02}},
    {REGFLAG_CMD, 4, {0xB9,0x14,0x13,0x12}},
    {REGFLAG_CMD, 4, {0xBA,0x12,0x11,0x11}},
    {REGFLAG_CMD, 4, {0xBB,0x0F,0x0E,0x0E}},
    {REGFLAG_CMD, 4, {0xBC,0x0C,0x0C,0x0B}},
    {REGFLAG_CMD, 4, {0xBD,0x08,0x07,0x08}},
    {REGFLAG_CMD, 4, {0xBE,0x03,0x02,0x02}},
    {REGFLAG_CMD, 4, {0xBF,0x02,0x01,0x02}},
    {REGFLAG_CMD, 4, {0xC0,0x30,0x34,0x36}},
    {REGFLAG_CMD, 4, {0xC1,0x2A,0x2F,0x30}},
    {REGFLAG_CMD, 4, {0xC2,0x24,0x26,0x28}},
    {REGFLAG_CMD, 4, {0xC3,0x18,0x1A,0x1D}},
    {REGFLAG_CMD, 4, {0xC4,0x0D,0x10,0x10}},
    {REGFLAG_CMD, 4, {0xC5,0x0A,0x0B,0x0D}},
    {REGFLAG_CMD, 4, {0xC6,0x06,0x06,0x08}},
    {REGFLAG_CMD, 4, {0xC7,0x05,0x06,0x05}},
    {REGFLAG_CMD, 4, {0xC8,0x00,0x00,0x00}},
    {REGFLAG_CMD, 4, {0xC9,0x00,0x00,0x00}},
    {REGFLAG_CMD, 4, {0xCA,0x00,0x00,0x00}},
    {REGFLAG_CMD, 4, {0xCB,0x00,0x00,0x00}},
    {REGFLAG_CMD, 4, {0xCC,0x00,0x00,0x00}},
    {REGFLAG_CMD, 4, {0xCD,0x00,0x00,0x00}},
    {REGFLAG_CMD, 4, {0xCE,0x00,0x00,0x00}},
    {REGFLAG_CMD, 4, {0xCF,0x00,0x00,0x00}},
    {REGFLAG_CMD, 4, {0xFF,0x5A,0xA5,0x03}},
    {REGFLAG_CMD, 6, {0x90,0x01,0x80,0x21,0x40,0x35}},
    {REGFLAG_CMD, 7, {0x92,0x00,0x00,0x00,0x00,0x00,0x00}},
    {REGFLAG_CMD, 4, {0xFF,0x5A,0xA5,0x00}},
    {REGFLAG_CMD, 4, {0xFF,0x5A,0xA5,0x2D}},
    {REGFLAG_CMD, 3, {0x85,0x00,0x00}},
    {REGFLAG_CMD, 2, {0xF2,0x00}},
    {REGFLAG_CMD, 4, {0xFF,0x5A,0xA5,0x00}},
    {REGFLAG_CMD, 2, {0x60,0x02}}, // 0x00: 120Hz, 0x02: 90Hz
    {REGFLAG_CMD, 4, {0xFF,0x5A,0xA5,0x00}},
    {REGFLAG_CMD, 1, {0x29}},
    {REGFLAG_CMD, 4, {0xFF,0x5A,0xA5,0x53}},
    {REGFLAG_CMD, 2, {0xF0,0x01}},
    {REGFLAG_CMD, 4, {0xFF,0x5A,0xA5,0x00}},
    {REGFLAG_CMD, 2, {0x00,0x00}},
    {REGFLAG_CMD, 2, {0x00,0x00}},
    {REGFLAG_CMD, 4, {0xFF,0x5A,0xA5,0x63}},
    {REGFLAG_CMD, 17, {0xF1,0x20,0x20,0x20,0x20,0x20,0x20,0x20,0x20,0x20,0x20,0x00,0x00,0x00,0x00,0x00,0x00}},
    {REGFLAG_CMD, 17, {0xF2,0x00,0x00,0x00,0x00,0x00,0x00,0x00,0x00,0x00,0x00,0x00,0x00,0x00,0x00,0x00,0x00}},
    {REGFLAG_CMD, 17, {0xF3,0x00,0x00,0x00,0x00,0x00,0x00,0x00,0x00,0x00,0x00,0x00,0x00,0x00,0x00,0x00,0x00}},
    {REGFLAG_CMD, 17, {0xF4,0xF0,0xF0,0xF0,0xF0,0xF0,0xF0,0xF0,0xF0,0xF0,0xF0,0x00,0x00,0x00,0x00,0x00,0x00}},
    {REGFLAG_CMD, 4, {0xFF,0x5A,0xA5,0x00}},
    {REGFLAG_CMD, 2, {0x00,0x00}},
    {REGFLAG_CMD, 2, {0x00,0x00}},
    {REGFLAG_CMD, 4, {0xFF,0x5A,0xA5,0x53}},
    {REGFLAG_CMD, 2, {0xF0,0x00}},
    {REGFLAG_CMD, 4, {0xFF,0x5A,0xA5,0x2D}},
    {REGFLAG_CMD, 3, {0x84,0x00,0x00}},
    {REGFLAG_CMD, 2, {0xF2,0x00}},
    {REGFLAG_CMD, 4, {0xFF,0x5A,0xA5,0x00}},
    {REGFLAG_CMD, 2, {0x60,0x01}},
    {REGFLAG_CMD, 4, {0xFF,0x5A,0xA5,0x00}},
    {REGFLAG_CMD, 4, {0xFF,0x5A,0xA5,0x4E}},
    {REGFLAG_CMD, 91, {0xCF,0x00,0x39,0x39,0x39,0x39,0x39,0x08,0x88,0x88,0x00,0x00,0x00,0x00,0x00,0x00,0x00,0x00,0x00,0x00,0x39,0x39,0x39,0x39,0x39,0x08,0x88,0x88,0x00,0x00,
    	0x00,0x00,0x00,0x00,0x00,0x00,0x00,0x00,0x39,0x39,0x39,0x39,0x39,0x08,0x88,0x88,0x00,0x00,0x00,0x00,0x00,0x00,0x00,0x00,0x00,0x00,0x1E,0x1E,0x1E,0x1E,0x1E,0x08,0x88,
    	0x88,0x00,0x00,0x00,0x00,0x00,0x00,0x00,0x00,0x00,0x00,0x1E,0x1E,0x1E,0x1E,0x1E,0x08,0x88,0x88,0x00,0x00,0x00,0x00,0x00,0x00,0x00,0x00,0x00}},
    {REGFLAG_CMD, 91, {0xD0,0x00,0x0C,0x0C,0x0C,0x0C,0x0C,0x08,0x88,0x88,0x00,0x00,0x00,0x00,0x00,0x00,0x00,0x00,0x00,0x00,0x0C,0x0C,0x0C,0x0C,0x0C,0x08,0x88,0x88,0x00,0x00,
    	0x00,0x00,0x00,0x00,0x00,0x00,0x00,0x00,0x0C,0x0C,0x0C,0x0C,0x0C,0x08,0x88,0x88,0x00,0x00,0x00,0x00,0x00,0x00,0x00,0x00,0x00,0x00,0x0A,0x0A,0x0A,0x0A,0x0A,0x08,0x88,
    	0x88,0x00,0x00,0x00,0x00,0x00,0x00,0x00,0x00,0x00,0x00,0x0A,0x0A,0x0A,0x0A,0x0A,0x08,0x88,0x88,0x00,0x00,0x00,0x00,0x00,0x00,0x00,0x00,0x00}},
    {REGFLAG_CMD, 4, {0xFF,0x5A,0xA5,0x00}},
};

struct LCM_setting_table timing_switch_cmd_oa120[] = {
	{REGFLAG_CMD, 4, {0xFF,0x5A,0xA5,0x2D}},
	{REGFLAG_CMD, 3, {0x83,0x00,0x00}},
	{REGFLAG_CMD, 2, {0xF2,0x00}},
	{REGFLAG_CMD, 4, {0xFF,0x5A,0xA5,0x00}},
	{REGFLAG_CMD, 2, {0x60,0x00}}, // 0x00: 120Hz, 0x02: 90Hz
	{REGFLAG_CMD, 4, {0xFF,0x5A,0xA5,0x00}},
};

struct LCM_setting_table timing_switch_cmd_oa120_1pulse[] = {
	{REGFLAG_CMD, 4, {0xFF,0x5A,0xA5,0x2D}},
	{REGFLAG_CMD, 3, {0x84,0x00,0x00}},
	{REGFLAG_CMD, 2, {0xF2,0x00}},
	{REGFLAG_CMD, 4, {0xFF,0x5A,0xA5,0x00}},
	{REGFLAG_CMD, 2, {0x60,0x01}}, // 0x00: 120Hz, 0x02: 90Hz
	{REGFLAG_CMD, 4, {0xFF,0x5A,0xA5,0x00}},
	{REGFLAG_CMD, 4, {0xFF,0x5A,0xA5,0x4E}},
	{REGFLAG_CMD, 91, {0xCF,0x00,0x39,0x39,0x39,0x39,0x39,0x08,0x88,0x88,0x00,0x00,0x00,0x00,0x00,0x00,0x00,0x00,0x00,0x00,0x39,0x39,0x39,0x39,0x39,0x08,0x88,0x88,0x00,0x00,
		0x00,0x00,0x00,0x00,0x00,0x00,0x00,0x00,0x39,0x39,0x39,0x39,0x39,0x08,0x88,0x88,0x00,0x00,0x00,0x00,0x00,0x00,0x00,0x00,0x00,0x00,0x1E,0x1E,0x1E,0x1E,0x1E,0x08,0x88,
		0x88,0x00,0x00,0x00,0x00,0x00,0x00,0x00,0x00,0x00,0x00,0x1E,0x1E,0x1E,0x1E,0x1E,0x08,0x88,0x88,0x00,0x00,0x00,0x00,0x00,0x00,0x00,0x00,0x00}},
	{REGFLAG_CMD, 91, {0xD0,0x00,0x0C,0x0C,0x0C,0x0C,0x0C,0x08,0x88,0x88,0x00,0x00,0x00,0x00,0x00,0x00,0x00,0x00,0x00,0x00,0x0C,0x0C,0x0C,0x0C,0x0C,0x08,0x88,0x88,0x00,0x00,
		0x00,0x00,0x00,0x00,0x00,0x00,0x00,0x00,0x0C,0x0C,0x0C,0x0C,0x0C,0x08,0x88,0x88,0x00,0x00,0x00,0x00,0x00,0x00,0x00,0x00,0x00,0x00,0x0A,0x0A,0x0A,0x0A,0x0A,0x08,0x88,
		0x88,0x00,0x00,0x00,0x00,0x00,0x00,0x00,0x00,0x00,0x00,0x0A,0x0A,0x0A,0x0A,0x0A,0x08,0x88,0x88,0x00,0x00,0x00,0x00,0x00,0x00,0x00,0x00,0x00}},
	{REGFLAG_CMD, 4, {0xFF,0x5A,0xA5,0x00}},
};

/* dsi-on cmd */
struct LCM_setting_table dsi_on_cmd_oa120[] = {
    {REGFLAG_CMD, 4, {0xFF,0x5A,0xA5,0x01}},
    {REGFLAG_CMD, 2, {0xFB,0x08}}, // Multi TE
    {REGFLAG_CMD, 4, {0xFF,0x5A,0xA5,0x03}},
    {REGFLAG_CMD, 6, {0x90,0x01,0x80,0x21,0x40,0x35}},
    {REGFLAG_CMD, 4, {0xFF,0x5A,0xA5,0x08}},
    {REGFLAG_CMD, 2, {0xC8,0x62}}, // Sleep out don't reload
    {REGFLAG_CMD, 4, {0xFF,0x5A,0xA5,0x20}},
    {REGFLAG_CMD, 2, {0xBA,0x04}},
    {REGFLAG_CMD, 2, {0xBB,0x05}},
    {REGFLAG_CMD, 2, {0xBC,0x07}},
    {REGFLAG_CMD, 2, {0xBD,0x06}},
    {REGFLAG_CMD, 4, {0xFF,0x5A,0xA5,0x21}},
    {REGFLAG_CMD, 2, {0xA4,0x18}}, // Flash reload enable
    // shift TE
    {REGFLAG_CMD, 4, {0xFF,0x5A,0xA5,0x02}},
    {REGFLAG_CMD, 3, {0xAB,0xAF,0x82}},
    {REGFLAG_CMD, 2, {0xC0,0x03}},
    {REGFLAG_CMD, 9, {0xB0,0x00,0x80,0x00,0x10,0x00,0x00,0x00,0x00}},
    {REGFLAG_CMD, 4, {0xFF,0x5A,0xA5,0x00}},
    // PPS setting
    {REGFLAG_CMD, 4, {0xFF,0x5A,0xA5,0x07}},
    {REGFLAG_CMD, 2, {0x8A,0x01}}, // PPS Enable
    {REGFLAG_CMD, 3, {0x8B,0x21,0xE0}}, // PPS Table
    {REGFLAG_CMD, 100, {0x81,0x00,0x00,0x00,0x00,0x00,0x12,0x00,0x00,0xAB,0x30,0x80,0x0A,0xDC,0x04,0xF0,0x00,0x14,0x02,0x78,0x02,0x78,0x02,0x00,0x02,0x57,0x00,0x20,0x01,0xF8,0x00,0x08,0x00,0x0D,0x05,0x7A,0x04,0x4F,0x18,0x00,0x10,0xE0,0x07,0x10,0x20,0x00,0x06,0x0F,0x0F,0x33,0x0E,0x1C,0x2A,0x38,0x46,0x54,0x62,0x69,0x70,0x77,0x79,0x7B,0x7D,0x7E,0x02,0x02,0x22,0x00,0x2A,0x40,0x2A,0xBE,0x3A,0xFC,0x3A,0xFA,0x3A,0xF8,0x3B,0x38,0x3B,0x78,0x3B,0xB6,0x4B,0xB6,0x4B,0xF4,0x4B,0xF4,0x6C,0x34,0x84,0x74,0x00,0x00,0x00,0x00,0x00,0x00}},
    // ffc setting
    {REGFLAG_CMD, 4, {0xFF,0x5A,0xA5,0x22}},
    {REGFLAG_CMD, 8, {0xD8,0x00,0xC4,0x11,0x10,0x32,0x12,0x12}},
    {REGFLAG_CMD, 8, {0xD9,0x00,0xC4,0x11,0x10,0x32,0x12,0x12}},
    {REGFLAG_CMD, 8, {0xDA,0x00,0xC4,0x11,0x10,0x32,0x12,0x12}},
    {REGFLAG_CMD, 8, {0xDB,0x00,0xC4,0x11,0x10,0x32,0x12,0x12}},
    {REGFLAG_CMD, 10, {0xDC,0x84,0x94,0xBB,0x00,0x20,0xC4,0xA1,0xCC,0x10}},
    {REGFLAG_CMD, 2, {0xDD,0x01}},
    {REGFLAG_CMD, 2, {0xDE,0xF1}},
    {REGFLAG_CMD, 2, {0xDF,0x80}},
    {REGFLAG_CMD, 8, {0xE0,0x02,0x00,0x5F,0x21,0x00,0x28,0x00}},
    {REGFLAG_CMD, 4, {0xFF,0x5A,0xA5,0x00}},
    // PAGE 2D
    {REGFLAG_CMD, 4, {0xFF,0x5A,0xA5,0x2D}},
    {REGFLAG_CMD, 2, {0xCE,0xD4}},
    {REGFLAG_CMD, 4, {0xEC,0x01,0xFF,0xFF}},
    {REGFLAG_CMD, 3, {0xED,0x55,0x05}},
    {REGFLAG_CMD, 3, {0x93,0xA0,0x00}},
    {REGFLAG_CMD, 3, {0x94,0x00,0x00}},
    {REGFLAG_CMD, 3, {0x88,0x01,0x00}},
    {REGFLAG_CMD, 2, {0xD2,0x06}},
    {REGFLAG_CMD, 4, {0xFF,0x5A,0xA5,0x00}},
    {REGFLAG_CMD, 2, {0x5E,0x01}},
    {REGFLAG_CMD, 2, {0x60,0x00}},
    {REGFLAG_CMD, 2, {0x61,0x07}},
    {REGFLAG_CMD, 2, {0x6D,0x01}},
    {REGFLAG_CMD, 2, {0x6E,0x00}},
    {REGFLAG_CMD, 2, {0x35,0x00}},
    {REGFLAG_CMD, 2, {0x53,0x20}},
    {REGFLAG_CMD, 2, {0x5A,0x01}},
    {REGFLAG_CMD, 2, {0x5B,0x80}},
    {REGFLAG_CMD, 4, {0xFF,0x5A,0xA5,0x4E}},
    {REGFLAG_CMD, 5, {0xCD,0x00,0x00,0x00,0x00}},
    {REGFLAG_CMD, 5, {0xCE,0x00,0x00,0x00,0x00}},
    {REGFLAG_CMD, 4, {0xFF,0x5A,0xA5,0x06}},
    {REGFLAG_CMD, 2, {0xA0,0x00}},
    // Skip Frame Decreasing Step
    {REGFLAG_CMD, 4, {0xFF,0x5A,0xA5,0x2D}},
    {REGFLAG_CMD, 3, {0x93,0xA0,0x00}},
    {REGFLAG_CMD, 4, {0xEC,0x01,0xFF,0xFF}},
    {REGFLAG_CMD, 3, {0xED,0x55,0x05}},
    {REGFLAG_CMD, 2, {0x97,0x02}},
    {REGFLAG_CMD, 3, {0x98,0x03,0x00}},
    {REGFLAG_CMD, 3, {0x99,0x0B,0x00}},
    {REGFLAG_CMD, 3, {0x9A,0x17,0x00}},
    {REGFLAG_CMD, 3, {0x9B,0x00,0x00}},
    {REGFLAG_CMD, 5, {0xA0,0x00,0x01,0x00,0x00}},
    {REGFLAG_CMD, 5, {0xA1,0x02,0x00,0x00,0x00}},
    {REGFLAG_CMD, 2, {0xB1,0x02}},
    {REGFLAG_CMD, 3, {0xB2,0x02,0x00}},
    {REGFLAG_CMD, 3, {0xB3,0x08,0x00}},
    {REGFLAG_CMD, 3, {0xB4,0x11,0x00}},
    {REGFLAG_CMD, 3, {0xB5,0x00,0x00}},
    {REGFLAG_CMD, 3, {0xBA,0x00,0x01}},
    {REGFLAG_CMD, 3, {0xBB,0x02,0x00}},
    // Voltage tie point DBV579
    {REGFLAG_CMD, 4, {0xFF,0x5A,0xA5,0x29}},
    {REGFLAG_CMD, 9, {0x93,0x0F,0xFF,0x0F,0xFE,0x0D,0xBB,0x07,0x52}},
    {REGFLAG_CMD, 9, {0x94,0x06,0xDC,0x06,0xDB,0x06,0x66,0x06,0x65}},
    {REGFLAG_CMD, 9, {0x95,0x05,0xF0,0x05,0xEF,0x05,0x79,0x05,0x78}},
    {REGFLAG_CMD, 9, {0x96,0x05,0x02,0x05,0x01,0x04,0x8C,0x04,0x8B}},
    {REGFLAG_CMD, 9, {0x97,0x04,0x8A,0x04,0x76,0x03,0xE6,0x02,0xCB}},
    {REGFLAG_CMD, 9, {0x98,0x02,0x43,0x01,0xE1,0x01,0x38,0x00,0x9E}},
    {REGFLAG_CMD, 9, {0x99,0x00,0x01,0x00,0x00,0x00,0x00,0x00,0x00}},
    {REGFLAG_CMD, 5, {0x9A,0x00,0x00,0x00,0x00}},
    {REGFLAG_CMD, 4, {0xFF,0x5A,0xA5,0x0B}},
    {REGFLAG_CMD, 2, {0xD1,0x8C}},
    {REGFLAG_CMD, 4, {0xFF,0x5A,0xA5,0x00}},
    // crosstalk optimization
    {REGFLAG_CMD, 4, {0xFF,0x5A,0xA5,0x31}},
    {REGFLAG_CMD, 2, {0xA0,0xA3}},
    {REGFLAG_CMD, 2, {0xA3,0x00}},
    {REGFLAG_CMD, 2, {0x9F,0x06}},
    {REGFLAG_CMD, 11, {0x90,0x02,0x03,0x04,0x07,0x09,0x02,0x03,0x04,0x07,0x09}},
    {REGFLAG_CMD, 25, {0x8C,0x40,0x30,0x20,0x19,0x10,0x08,0x12,0x00,0x00,0x00,0x00,0x00,0x00,0x00,0x00,0x00,0x00,0x00,0x00,0x00,0x00,0x00,0x00,0x00}},
    {REGFLAG_CMD, 26, {0x8D,0x30,0x28,0x14,0x10,0x09,0x08,0x02,0x00,0x00,0x00,0x00,0x00,0x00,0x00,0x00,0x00,0x00,0x00,0x00,0x00,0x00,0x00,0x00,0x00,0x00}},
    {REGFLAG_CMD, 7, {0x91,0x30,0x44,0x44,0x04,0x08,0x0C}},
    {REGFLAG_CMD, 7, {0x92,0x30,0x44,0x44,0x04,0x08,0x0C}},
    {REGFLAG_CMD, 7, {0x93,0x30,0x44,0x44,0x04,0x08,0x0C}},
    {REGFLAG_CMD, 2, {0xA6,0x00}},
    {REGFLAG_CMD, 2, {0xA7,0x10}},
    {REGFLAG_CMD, 2, {0xA8,0x00}},
    {REGFLAG_CMD, 2, {0xA9,0x10}},
    {REGFLAG_CMD, 2, {0xAA,0x00}},
    {REGFLAG_CMD, 2, {0xAB,0x10}},
    {REGFLAG_CMD, 2, {0xD0,0x81}},
    {REGFLAG_CMD, 19, {0x80,0xF0,0x6B,0x45,0x19,0x02,0xFE,0xE7,0xBB,0x95,0xE0,0x0C,0x05,0x02,0x00,0x00,0xFE,0xFE,0xF4}},
    {REGFLAG_CMD, 19, {0x81,0xF0,0x53,0x35,0x14,0x02,0xFE,0xEC,0xCB,0xAD,0xE0,0x0A,0x04,0x01,0x00,0x00,0xFF,0xFF,0xFD}},
    {REGFLAG_CMD, 19, {0x82,0xF0,0x43,0x2B,0x10,0x02,0xFE,0xF0,0xD5,0xBD,0xE0,0x06,0x04,0x01,0x00,0x00,0xFF,0xFF,0xFE}},
    {REGFLAG_CMD, 19, {0x83,0xF0,0x59,0x3A,0x15,0x02,0xFE,0xEB,0xC6,0xA7,0xE0,0x05,0x02,0x01,0x00,0x00,0xFF,0xFF,0xFE}},
    {REGFLAG_CMD, 19, {0x84,0xF0,0x46,0x2D,0x11,0x02,0xFE,0xEF,0xD3,0xBA,0xE0,0x03,0x01,0x01,0x00,0x00,0xFF,0xFF,0xFF}},
    {REGFLAG_CMD, 19, {0x85,0xF0,0x36,0x23,0x0D,0x02,0xFE,0xF3,0xDD,0xCA,0xE0,0x02,0x01,0x01,0x00,0x00,0xFF,0xFF,0xFF}},
    {REGFLAG_CMD, 19, {0x86,0xF0,0x6B,0x45,0x19,0x02,0xFE,0xE7,0xBB,0x95,0xE0,0x0C,0x05,0x02,0x00,0x00,0xFE,0xFE,0xF4}},
    {REGFLAG_CMD, 19, {0x87,0xF0,0x53,0x35,0x14,0x02,0xFE,0xEC,0xCB,0xAD,0xE0,0x0A,0x04,0x01,0x00,0x00,0xFF,0xFF,0xFD}},
    {REGFLAG_CMD, 19, {0x88,0xF0,0x43,0x2B,0x10,0x02,0xFE,0xF0,0xD5,0xBD,0xE0,0x06,0x04,0x01,0x00,0x00,0xFF,0xFF,0xFE}},
    {REGFLAG_CMD, 19, {0x89,0xF0,0x59,0x3A,0x15,0x02,0xFE,0xEB,0xC6,0xA7,0xE0,0x05,0x02,0x01,0x00,0x00,0xFF,0xFF,0xFE}},
    {REGFLAG_CMD, 19, {0x8A,0xF0,0x46,0x2D,0x11,0x02,0xFE,0xEF,0xD3,0xBA,0xE0,0x03,0x01,0x01,0x00,0x00,0xFF,0xFF,0xFF}},
    {REGFLAG_CMD, 19, {0x8B,0xF0,0x36,0x23,0x0D,0x02,0xFE,0xF3,0xDD,0xCA,0xE0,0x02,0x01,0x01,0x00,0x00,0xFF,0xFF,0xFF}},
    {REGFLAG_CMD, 2, {0xD0,0x80}},
    {REGFLAG_CMD, 4, {0xFF,0x5A,0xA5,0x2B}},
    {REGFLAG_CMD, 5, {0xA8,0x0F,0x00,0xFE,0xF7}},
    {REGFLAG_CMD, 5, {0xA9,0x3F,0xF6,0xF6,0xFC}},
    {REGFLAG_CMD, 5, {0xAA,0x3F,0xF8,0xD7,0xB8}},
    {REGFLAG_CMD, 5, {0xAB,0x03,0x00,0x00,0xFD}},
    {REGFLAG_CMD, 5, {0xAC,0x3F,0xF9,0xF7,0xF9}},
    {REGFLAG_CMD, 5, {0xAD,0x3F,0xF6,0xE4,0xD2}},
    {REGFLAG_CMD, 5, {0xAE,0x00,0x00,0x00,0x00}},
    {REGFLAG_CMD, 5, {0xAF,0x3F,0xFC,0xF8,0xF6}},
    {REGFLAG_CMD, 5, {0xB0,0x3F,0xF4,0xF0,0xEC}},
    {REGFLAG_CMD, 5, {0xB1,0x00,0x00,0x00,0x00}},
    {REGFLAG_CMD, 5, {0xB2,0x0F,0x00,0xFC,0xF9}},
    {REGFLAG_CMD, 5, {0xB3,0x3F,0xFA,0xF6,0xF2}},
    {REGFLAG_CMD, 5, {0xB4,0x00,0x00,0x00,0x00}},
    {REGFLAG_CMD, 5, {0xB5,0x03,0x00,0x00,0xFD}},
    {REGFLAG_CMD, 5, {0xB6,0x3F,0xF9,0xF5,0xF2}},
    {REGFLAG_CMD, 5, {0xB7,0x00,0x00,0x00,0x00}},
    {REGFLAG_CMD, 5, {0xB8,0x00,0x00,0x00,0x00}},
    {REGFLAG_CMD, 5, {0xB9,0x0F,0x01,0xFA,0xF2}},
    {REGFLAG_CMD, 5, {0xBA,0x00,0x00,0x00,0x00}},
    {REGFLAG_CMD, 5, {0xBB,0x00,0x00,0x00,0x00}},
    {REGFLAG_CMD, 5, {0xBC,0x00,0x00,0x04,0x08}},
    {REGFLAG_CMD, 5, {0xBD,0x00,0x00,0x00,0x00}},
    {REGFLAG_CMD, 5, {0xBE,0x00,0x00,0x00,0x00}},
    {REGFLAG_CMD, 5, {0xBF,0x00,0x00,0x00,0x00}},
    {REGFLAG_CMD, 5, {0xC0,0x00,0x00,0x00,0x00}},
    {REGFLAG_CMD, 5, {0xC1,0x00,0x00,0x00,0x00}},
    {REGFLAG_CMD, 5, {0xC2,0x00,0x00,0x00,0x00}},
    {REGFLAG_CMD, 5, {0xC3,0x0F,0x00,0xFB,0xF9}},
    {REGFLAG_CMD, 5, {0xC4,0x3F,0xF5,0xED,0xF0}},
    {REGFLAG_CMD, 5, {0xC5,0x3F,0xF2,0xEC,0xE5}},
    {REGFLAG_CMD, 5, {0xC6,0x03,0x00,0x00,0xFC}},
    {REGFLAG_CMD, 5, {0xC7,0x3F,0xF9,0xF5,0xF5}},
    {REGFLAG_CMD, 5, {0xC8,0x3F,0xF3,0xEE,0xEA}},
    {REGFLAG_CMD, 5, {0xC9,0x00,0x00,0x00,0x00}},
    {REGFLAG_CMD, 5, {0xCA,0x3F,0xFD,0xFD,0xF9}},
    {REGFLAG_CMD, 5, {0xCB,0x3F,0xF4,0xF1,0xEE}},
    {REGFLAG_CMD, 5, {0xCC,0x00,0x00,0x00,0x00}},
    {REGFLAG_CMD, 5, {0xCD,0x0F,0x00,0xFE,0xFE}},
    {REGFLAG_CMD, 5, {0xCE,0x3F,0xF8,0xF6,0xF4}},
    {REGFLAG_CMD, 5, {0xCF,0x00,0x00,0x00,0x00}},
    {REGFLAG_CMD, 5, {0xD0,0x00,0x00,0x00,0x01}},
    {REGFLAG_CMD, 5, {0xD1,0x3F,0xFA,0xFB,0xFD}},
    {REGFLAG_CMD, 5, {0xD2,0x00,0x00,0x00,0x00}},
    {REGFLAG_CMD, 5, {0xD3,0x00,0x00,0x00,0x00}},
    {REGFLAG_CMD, 5, {0xD4,0x3F,0xFF,0xFC,0xFA}},
    {REGFLAG_CMD, 5, {0xD5,0x00,0x00,0x00,0x00}},
    {REGFLAG_CMD, 5, {0xD6,0x00,0x00,0x00,0x00}},
    {REGFLAG_CMD, 5, {0xD7,0x0F,0x00,0xFD,0xFB}},
    {REGFLAG_CMD, 5, {0xD8,0x00,0x00,0x00,0x00}},
    {REGFLAG_CMD, 5, {0xD9,0x00,0x00,0x00,0x00}},
    {REGFLAG_CMD, 5, {0xDA,0x00,0x00,0x00,0x00}},
    {REGFLAG_CMD, 5, {0xDB,0x00,0x00,0x00,0x00}},
    {REGFLAG_CMD, 5, {0xDC,0x00,0x00,0x00,0x00}},
    {REGFLAG_CMD, 5, {0xDD,0x00,0x00,0x00,0x00}},
    {REGFLAG_CMD, 5, {0xDE,0x0F,0x00,0xFA,0xFE}},
    {REGFLAG_CMD, 5, {0xDF,0x3F,0xFA,0xF7,0xF2}},
    {REGFLAG_CMD, 5, {0xE0,0x3F,0xF3,0xEE,0xEA}},
    {REGFLAG_CMD, 5, {0xE1,0x03,0x00,0x00,0xFC}},
    {REGFLAG_CMD, 5, {0xE2,0x3F,0xFB,0xF9,0xF6}},
    {REGFLAG_CMD, 5, {0xE3,0x3F,0xF5,0xF3,0xF0}},
    {REGFLAG_CMD, 5, {0xE4,0x00,0x00,0x00,0x00}},
    {REGFLAG_CMD, 5, {0xE5,0x3F,0xFC,0xFB,0xFA}},
    {REGFLAG_CMD, 5, {0xE6,0x3F,0xF8,0xF7,0xF6}},
    {REGFLAG_CMD, 5, {0xE7,0x00,0x00,0x00,0x00}},
    {REGFLAG_CMD, 5, {0xE8,0x0F,0x00,0xFE,0xFA}},
    {REGFLAG_CMD, 5, {0xE9,0x3F,0xF7,0xFA,0xFE}},
    {REGFLAG_CMD, 5, {0xEA,0x00,0x00,0x00,0x00}},
    {REGFLAG_CMD, 5, {0xEB,0x03,0x00,0x00,0xFC}},
    {REGFLAG_CMD, 5, {0xEC,0x3F,0xFA,0xFC,0xFE}},
    {REGFLAG_CMD, 5, {0xED,0x00,0x00,0x00,0x00}},
    {REGFLAG_CMD, 5, {0xEE,0x00,0x00,0x00,0x00}},
    {REGFLAG_CMD, 5, {0xEF,0x3F,0xFE,0xFD,0xFC}},
    {REGFLAG_CMD, 5, {0xF0,0x00,0x00,0x00,0x00}},
    {REGFLAG_CMD, 5, {0xF1,0x00,0x00,0x00,0x00}},
    {REGFLAG_CMD, 5, {0xF2,0x0F,0x00,0xFE,0xFC}},
    {REGFLAG_CMD, 5, {0xF3,0x00,0x00,0x00,0x00}},
    {REGFLAG_CMD, 5, {0xF4,0x00,0x00,0x00,0x00}},
    {REGFLAG_CMD, 5, {0xF5,0x00,0x00,0x00,0x00}},
    {REGFLAG_CMD, 5, {0xF6,0x00,0x00,0x00,0x00}},
    {REGFLAG_CMD, 5, {0xF7,0x00,0x00,0x00,0x00}},
    {REGFLAG_CMD, 5, {0xF8,0x00,0x00,0x00,0x00}},
    {REGFLAG_CMD, 4, {0xFF,0x5A,0xA5,0x07}},
    {REGFLAG_CMD, 7, {0xE0,0x03,0xA9,0x06,0xDD,0x07,0xFF}},
    {REGFLAG_CMD, 9, {0xE3,0xAA,0x99,0x88,0x88,0x88,0x88,0x77,0x66}},
    {REGFLAG_CMD, 4, {0xE4,0x40,0x40,0x40}},
    {REGFLAG_CMD, 2, {0xE5,0x05}},
    {REGFLAG_CMD, 4, {0xE6,0x00,0x00,0x00}},
    {REGFLAG_CMD, 2, {0xE7,0xFF}},
    {REGFLAG_CMD, 12, {0xE8,0x01,0x00,0x00,0x20,0x40,0x60,0x80,0xA0,0xC0,0xE0,0x00}},
    {REGFLAG_CMD, 4, {0xFF,0x5A,0xA5,0x00}},
    {REGFLAG_CMD, 4, {0xFF,0x5A,0xA5,0x02}}, // PAGE 2
    {REGFLAG_CMD, 10, {0xE5,0x09,0x0B,0x0B,0x0D,0x55,0x0D,0x32,0x32,0x32}},
    {REGFLAG_CMD, 3, {0xE7,0x33,0x25}}, // DFR1 VGHL 1H AVEE 4H
    {REGFLAG_CMD, 3, {0xE8,0x33,0x25}}, // DFR2 VGHL 1H AVEE 4H
    {REGFLAG_CMD, 3, {0xE9,0x33,0x25}}, // DFR3 VGHL 1H AVEE 4H
    {REGFLAG_CMD, 4, {0xFF,0x5A,0xA5,0x05}}, // PAGE 5
    {REGFLAG_CMD, 15, {0xCA,0x1D,0x1F,0x1F,0x1F,0x1F,0x00,0x00,0x22,0x1B,0x1B,0x1B,0x18,0x19,0x19}},
    {REGFLAG_CMD, 4, {0xFF,0x5A,0xA5,0x00}},
    {REGFLAG_CMD, 1, {0x11}},
    {REGFLAG_DELAY, 120, {}}, // Delay 120ms
    {REGFLAG_CMD, 4, {0xFF,0x5A,0xA5,0x51}},
    {REGFLAG_CMD, 7, {0x80,0xD4,0xD4,0xD4,0xD4,0x22,0x22}},
    {REGFLAG_CMD, 7, {0x81,0xD4,0xD4,0xD4,0xD4,0x22,0x22}},
    {REGFLAG_CMD, 7, {0x82,0xD4,0xD4,0xD4,0xD4,0x22,0x22}},
    {REGFLAG_CMD, 7, {0x83,0xD4,0xD4,0xD4,0xD4,0x22,0x22}},
    {REGFLAG_CMD, 7, {0x84,0xD4,0xD4,0xD4,0xD4,0x22,0x22}},
    {REGFLAG_CMD, 7, {0x85,0xD4,0xD4,0xD4,0xD4,0x22,0x22}},
    {REGFLAG_CMD, 7, {0x86,0xD4,0xD4,0xD4,0xD4,0x22,0x22}},
    {REGFLAG_CMD, 7, {0x87,0xD4,0xD4,0x00,0x00,0x22,0x00}},
    {REGFLAG_CMD, 7, {0xA0,0xD4,0xD4,0xD4,0xD4,0x22,0x22}},
    {REGFLAG_CMD, 7, {0xA1,0xD4,0xD4,0xD4,0xD4,0x22,0x22}},
    {REGFLAG_CMD, 7, {0xA2,0xD4,0xD4,0xD4,0xD4,0x22,0x22}},
    {REGFLAG_CMD, 7, {0xA3,0xD4,0xD4,0xD4,0xD4,0x22,0x22}},
    {REGFLAG_CMD, 7, {0xA4,0xD4,0xD4,0xD4,0xD4,0x22,0x22}},
    {REGFLAG_CMD, 7, {0xA5,0xD4,0xD4,0xD4,0xD4,0x22,0x22}},
    {REGFLAG_CMD, 7, {0xA6,0xD4,0xD4,0xD4,0xD4,0x22,0x22}},
    {REGFLAG_CMD, 7, {0xA7,0xD4,0xD4,0x00,0x00,0x22,0x00}},
    {REGFLAG_CMD, 7, {0xC0,0x9A,0x4A,0xF0,0xAA,0x11,0x00}},
    {REGFLAG_CMD, 7, {0xC1,0xAA,0xA5,0xA5,0xA0,0x00,0x00}},
    {REGFLAG_CMD, 7, {0xC2,0xA0,0x9B,0x9B,0x96,0x00,0x00}},
    {REGFLAG_CMD, 7, {0xC3,0x96,0x91,0x91,0x8C,0x00,0x00}},
    {REGFLAG_CMD, 7, {0xC4,0x6E,0x6E,0x6E,0x6E,0x00,0x00}},
    {REGFLAG_CMD, 7, {0xC5,0x6E,0x6E,0x6E,0x6E,0x00,0x00}},
    {REGFLAG_CMD, 7, {0xC6,0x6E,0x6E,0x6E,0x6E,0x00,0x00}},
    {REGFLAG_CMD, 7, {0xC7,0x6E,0x6E,0x00,0x00,0x00,0x00}},
    {REGFLAG_CMD, 4, {0xFF,0x5A,0xA5,0x52}},
    {REGFLAG_CMD, 7, {0x80,0x9A,0x4A,0xF0,0xAA,0x11,0x00}},
    {REGFLAG_CMD, 7, {0x81,0xAA,0xA5,0xA5,0xA0,0x00,0x00}},
    {REGFLAG_CMD, 7, {0x82,0xA0,0x9B,0x9B,0x96,0x00,0x00}},
    {REGFLAG_CMD, 7, {0x83,0x96,0x91,0x91,0x8C,0x00,0x00}},
    {REGFLAG_CMD, 7, {0x84,0x6E,0x6E,0x6E,0x6E,0x00,0x00}},
    {REGFLAG_CMD, 7, {0x85,0x6E,0x6E,0x6E,0x6E,0x00,0x00}},
    {REGFLAG_CMD, 7, {0x86,0x6E,0x6E,0x6E,0x6E,0x00,0x00}},
    {REGFLAG_CMD, 7, {0x87,0x6E,0x6E,0x00,0x00,0x00,0x00}},
    {REGFLAG_CMD, 7, {0xA0,0x54,0x54,0x54,0x54,0x11,0x11}},
    {REGFLAG_CMD, 7, {0xA1,0x54,0x54,0x54,0x54,0x11,0x11}},
    {REGFLAG_CMD, 7, {0xA2,0x54,0x54,0x54,0x54,0x11,0x11}},
    {REGFLAG_CMD, 7, {0xA3,0x54,0x54,0x54,0x54,0x11,0x11}},
    {REGFLAG_CMD, 7, {0xA4,0x54,0x54,0x54,0x54,0x11,0x11}},
    {REGFLAG_CMD, 7, {0xA5,0x54,0x54,0x54,0x54,0x11,0x11}},
    {REGFLAG_CMD, 7, {0xA6,0x54,0x54,0x54,0x54,0x11,0x11}},
    {REGFLAG_CMD, 7, {0xA7,0x54,0x54,0x00,0x00,0x11,0x00}},
    {REGFLAG_CMD, 7, {0xC0,0x54,0x54,0x54,0x54,0x11,0x11}},
    {REGFLAG_CMD, 7, {0xC1,0x54,0x54,0x54,0x54,0x11,0x11}},
    {REGFLAG_CMD, 7, {0xC2,0x54,0x54,0x54,0x54,0x11,0x11}},
    {REGFLAG_CMD, 7, {0xC3,0x54,0x54,0x54,0x54,0x11,0x11}},
    {REGFLAG_CMD, 7, {0xC4,0x54,0x54,0x54,0x54,0x11,0x11}},
    {REGFLAG_CMD, 7, {0xC5,0x54,0x54,0x54,0x54,0x11,0x11}},
    {REGFLAG_CMD, 7, {0xC6,0x54,0x54,0x54,0x54,0x11,0x11}},
    {REGFLAG_CMD, 7, {0xC7,0x54,0x54,0x00,0x00,0x11,0x00}},
    {REGFLAG_CMD, 4, {0xFF,0x5A,0xA5,0x00}},
    {REGFLAG_CMD, 4, {0xFF,0x5A,0xA5,0x49}},
    {REGFLAG_CMD, 12, {0x80,0x00,0x08,0x10,0x20,0x40,0x80,0xC0,0xE0,0x00,0x00,0x01}},
    {REGFLAG_CMD, 17, {0x81,0x00,0x00,0xF0,0x00,0x65,0x01,0xF3,0x01,0x44,0x02,0x45,0x02,0xA9,0x03,0xDD,0x06}},
    {REGFLAG_CMD, 19, {0x82,0x00,0x00,0xF0,0x00,0x65,0x01,0xF3,0x01,0x44,0x02,0x45,0x02,0xA9,0x03,0xDD,0x06,0xDD,0x06}},
    {REGFLAG_CMD, 2, {0x83,0x0A}},
    {REGFLAG_CMD, 2, {0x84,0x14}},
    {REGFLAG_CMD, 4, {0x85,0x80,0x00,0x02}},
    {REGFLAG_CMD, 4, {0x86,0x80,0x00,0x02}},
    {REGFLAG_CMD, 4, {0xA0,0x30,0x39,0x40}},
    {REGFLAG_CMD, 4, {0xA1,0x40,0x40,0x40}},
    {REGFLAG_CMD, 4, {0xA2,0x40,0x40,0x40}},
    {REGFLAG_CMD, 4, {0xA3,0x1E,0x5A,0x78}},
    {REGFLAG_CMD, 2, {0xA4,0x59}},
    {REGFLAG_CMD, 2, {0xA5,0x80}},
    {REGFLAG_CMD, 2, {0xA6,0x3F}},
    {REGFLAG_CMD, 2, {0xA7,0x0B}},
    {REGFLAG_CMD, 2, {0xAD,0x01}},
    {REGFLAG_CMD, 2, {0xAE,0x84}},
    {REGFLAG_CMD, 2, {0xAF,0x00}},
    {REGFLAG_CMD, 2, {0xD9,0x02}},
    {REGFLAG_CMD, 2, {0xDA,0xF7}},
    {REGFLAG_CMD, 2, {0xDB,0x9C}},
    {REGFLAG_CMD, 2, {0xDC,0x03}},
    {REGFLAG_CMD, 2, {0xDF,0x06}},
    {REGFLAG_CMD, 2, {0xE0,0x01}},
    {REGFLAG_CMD, 4, {0xFF,0x5A,0xA5,0x5A}},
    {REGFLAG_CMD, 4, {0x80,0x00,0x00,0x00}},
    {REGFLAG_CMD, 4, {0x81,0x00,0x02,0x00}},
    {REGFLAG_CMD, 4, {0x82,0x00,0x00,0x00}},
    {REGFLAG_CMD, 4, {0x83,0x01,0x21,0x00}},
    {REGFLAG_CMD, 4, {0x84,0x07,0x07,0x00}},
    {REGFLAG_CMD, 4, {0x85,0x07,0x08,0x00}},
    {REGFLAG_CMD, 4, {0x86,0x15,0x21,0x0C}},
    {REGFLAG_CMD, 4, {0x87,0x0E,0x0C,0x01}},
    {REGFLAG_CMD, 4, {0x88,0x0C,0x0C,0x0B}},
    {REGFLAG_CMD, 4, {0x89,0x05,0x06,0x01}},
    {REGFLAG_CMD, 4, {0x8A,0x15,0x15,0x07}},
    {REGFLAG_CMD, 4, {0x8B,0x0B,0x08,0x07}},
    {REGFLAG_CMD, 4, {0x8C,0x0C,0x06,0x07}},
    {REGFLAG_CMD, 4, {0x8D,0x08,0x03,0x07}},
    {REGFLAG_CMD, 4, {0x8E,0x03,0x02,0x04}},
    {REGFLAG_CMD, 4, {0x8F,0x18,0x0B,0x0D}},
    {REGFLAG_CMD, 4, {0x90,0x0E,0x07,0x0A}},
    {REGFLAG_CMD, 4, {0x91,0x0D,0x08,0x0A}},
    {REGFLAG_CMD, 4, {0x92,0x0B,0x05,0x09}},
    {REGFLAG_CMD, 4, {0x93,0x08,0x04,0x08}},
    {REGFLAG_CMD, 4, {0x94,0x04,0x02,0x04}},
    {REGFLAG_CMD, 4, {0x95,0x18,0x1A,0x19}},
    {REGFLAG_CMD, 4, {0x96,0x15,0x16,0x14}},
    {REGFLAG_CMD, 4, {0x97,0x13,0x13,0x15}},
    {REGFLAG_CMD, 4, {0x98,0x10,0x11,0x12}},
    {REGFLAG_CMD, 4, {0x99,0x0C,0x0D,0x0D}},
    {REGFLAG_CMD, 4, {0x9A,0x07,0x08,0x09}},
    {REGFLAG_CMD, 4, {0x9B,0x02,0x03,0x03}},
    {REGFLAG_CMD, 4, {0x9C,0x1B,0x1C,0x1A}},
    {REGFLAG_CMD, 4, {0x9D,0x18,0x16,0x16}},
    {REGFLAG_CMD, 4, {0x9E,0x12,0x14,0x14}},
    {REGFLAG_CMD, 4, {0x9F,0x11,0x12,0x10}},
    {REGFLAG_CMD, 4, {0xA0,0x0B,0x0A,0x0C}},
    {REGFLAG_CMD, 4, {0xA1,0x07,0x08,0x08}},
    {REGFLAG_CMD, 4, {0xA2,0x03,0x03,0x02}},
    {REGFLAG_CMD, 4, {0xA3,0x01,0x01,0x01}},
    {REGFLAG_CMD, 4, {0xA4,0x00,0x02,0x00}},
    {REGFLAG_CMD, 4, {0xA5,0x00,0x0F,0x00}},
    {REGFLAG_CMD, 4, {0xA6,0x00,0x04,0x00}},
    {REGFLAG_CMD, 4, {0xA7,0x09,0x0C,0x00}},
    {REGFLAG_CMD, 4, {0xA8,0x04,0x05,0x01}},
    {REGFLAG_CMD, 4, {0xA9,0x02,0x03,0x01}},
    {REGFLAG_CMD, 4, {0xAA,0x08,0x08,0x02}},
    {REGFLAG_CMD, 4, {0xAB,0x03,0x02,0x03}},
    {REGFLAG_CMD, 4, {0xAC,0x03,0x01,0x02}},
    {REGFLAG_CMD, 4, {0xAD,0x01,0x00,0x00}},
    {REGFLAG_CMD, 4, {0xAE,0x0C,0x09,0x0A}},
    {REGFLAG_CMD, 4, {0xAF,0x08,0x06,0x07}},
    {REGFLAG_CMD, 4, {0xB0,0x07,0x05,0x05}},
    {REGFLAG_CMD, 4, {0xB1,0x05,0x05,0x05}},
    {REGFLAG_CMD, 4, {0xB2,0x03,0x03,0x03}},
    {REGFLAG_CMD, 4, {0xB3,0x14,0x15,0x11}},
    {REGFLAG_CMD, 4, {0xB4,0x0F,0x0F,0x0D}},
    {REGFLAG_CMD, 4, {0xB5,0x0E,0x0E,0x0C}},
    {REGFLAG_CMD, 4, {0xB6,0x0C,0x0D,0x0B}},
    {REGFLAG_CMD, 4, {0xB7,0x08,0x09,0x07}},
    {REGFLAG_CMD, 4, {0xB8,0x02,0x03,0x03}},
    {REGFLAG_CMD, 4, {0xB9,0x22,0x23,0x22}},
    {REGFLAG_CMD, 4, {0xBA,0x1C,0x1D,0x1C}},
    {REGFLAG_CMD, 4, {0xBB,0x15,0x16,0x15}},
    {REGFLAG_CMD, 4, {0xBC,0x13,0x14,0x13}},
    {REGFLAG_CMD, 4, {0xBD,0x0D,0x0E,0x0D}},
    {REGFLAG_CMD, 4, {0xBE,0x05,0x06,0x07}},
    {REGFLAG_CMD, 4, {0xBF,0x02,0x03,0x02}},
    {REGFLAG_CMD, 4, {0xC0,0x23,0x24,0x23}},
    {REGFLAG_CMD, 4, {0xC1,0x20,0x22,0x21}},
    {REGFLAG_CMD, 4, {0xC2,0x18,0x1A,0x19}},
    {REGFLAG_CMD, 4, {0xC3,0x15,0x16,0x14}},
    {REGFLAG_CMD, 4, {0xC4,0x10,0x12,0x10}},
    {REGFLAG_CMD, 4, {0xC5,0x09,0x09,0x09}},
    {REGFLAG_CMD, 4, {0xC6,0x04,0x04,0x04}},
    {REGFLAG_CMD, 4, {0xC7,0x02,0x02,0x02}},
    {REGFLAG_CMD, 4, {0xC8,0x00,0x00,0x00}},
    {REGFLAG_CMD, 4, {0xC9,0x00,0x00,0x00}},
    {REGFLAG_CMD, 4, {0xCA,0x00,0x00,0x00}},
    {REGFLAG_CMD, 4, {0xCB,0x02,0x08,0x02}},
    {REGFLAG_CMD, 4, {0xCC,0x01,0x01,0x00}},
    {REGFLAG_CMD, 4, {0xCD,0x01,0x01,0x00}},
    {REGFLAG_CMD, 4, {0xCE,0x16,0x37,0x0F}},
    {REGFLAG_CMD, 4, {0xCF,0x0C,0x0C,0x06}},
    {REGFLAG_CMD, 4, {0xD0,0x0A,0x09,0x01}},
    {REGFLAG_CMD, 4, {0xD1,0x07,0x07,0x06}},
    {REGFLAG_CMD, 4, {0xD2,0x21,0x1F,0x0A}},
    {REGFLAG_CMD, 4, {0xD3,0x10,0x10,0x05}},
    {REGFLAG_CMD, 4, {0xD4,0x0E,0x0E,0x04}},
    {REGFLAG_CMD, 4, {0xD5,0x0B,0x0A,0x01}},
    {REGFLAG_CMD, 4, {0xD6,0x06,0x04,0x03}},
    {REGFLAG_CMD, 4, {0xD7,0x1F,0x14,0x0F}},
    {REGFLAG_CMD, 4, {0xD8,0x11,0x0B,0x07}},
    {REGFLAG_CMD, 4, {0xD9,0x0E,0x0A,0x06}},
    {REGFLAG_CMD, 4, {0xDA,0x0C,0x09,0x05}},
    {REGFLAG_CMD, 4, {0xDB,0x09,0x06,0x05}},
    {REGFLAG_CMD, 4, {0xDC,0x02,0x02,0x02}},
    {REGFLAG_CMD, 4, {0xDD,0x1C,0x1C,0x1D}},
    {REGFLAG_CMD, 4, {0xDE,0x13,0x14,0x14}},
    {REGFLAG_CMD, 4, {0xDF,0x12,0x12,0x11}},
    {REGFLAG_CMD, 4, {0xE0,0x10,0x0F,0x11}},
    {REGFLAG_CMD, 4, {0xE1,0x0C,0x0D,0x0E}},
    {REGFLAG_CMD, 4, {0xE2,0x05,0x04,0x04}},
    {REGFLAG_CMD, 4, {0xE3,0x01,0x02,0x01}},
    {REGFLAG_CMD, 4, {0xE4,0x1F,0x20,0x0A}},
    {REGFLAG_CMD, 4, {0xE5,0x16,0x18,0x16}},
    {REGFLAG_CMD, 4, {0xE6,0x14,0x16,0x14}},
    {REGFLAG_CMD, 4, {0xE7,0x10,0x11,0x10}},
    {REGFLAG_CMD, 4, {0xE8,0x0C,0x0D,0x0C}},
    {REGFLAG_CMD, 4, {0xE9,0x09,0x0A,0x09}},
    {REGFLAG_CMD, 4, {0xEA,0x04,0x04,0x04}},
    {REGFLAG_CMD, 4, {0xEB,0x02,0x02,0x02}},
    {REGFLAG_CMD, 4, {0xFF,0x5A,0xA5,0x5B}},
    {REGFLAG_CMD, 4, {0x80,0x00,0x07,0x00}},
    {REGFLAG_CMD, 4, {0x81,0x04,0x05,0x00}},
    {REGFLAG_CMD, 4, {0x82,0x01,0x01,0x00}},
    {REGFLAG_CMD, 4, {0x83,0x03,0x03,0x01}},
    {REGFLAG_CMD, 4, {0x84,0x01,0x00,0x01}},
    {REGFLAG_CMD, 4, {0x85,0x00,0x00,0x00}},
    {REGFLAG_CMD, 4, {0x86,0x05,0x04,0x03}},
    {REGFLAG_CMD, 4, {0x87,0x03,0x02,0x02}},
    {REGFLAG_CMD, 4, {0x88,0x02,0x02,0x02}},
    {REGFLAG_CMD, 4, {0x89,0x01,0x01,0x01}},
    {REGFLAG_CMD, 4, {0x8A,0x0C,0x0E,0x0A}},
    {REGFLAG_CMD, 4, {0x8B,0x09,0x0A,0x08}},
    {REGFLAG_CMD, 4, {0x8C,0x08,0x09,0x07}},
    {REGFLAG_CMD, 4, {0x8D,0x06,0x07,0x05}},
    {REGFLAG_CMD, 4, {0x8E,0x02,0x03,0x02}},
    {REGFLAG_CMD, 4, {0x8F,0x17,0x18,0x15}},
    {REGFLAG_CMD, 4, {0x90,0x12,0x12,0x10}},
    {REGFLAG_CMD, 4, {0x91,0x10,0x10,0x0E}},
    {REGFLAG_CMD, 4, {0x92,0x0D,0x0D,0x0C}},
    {REGFLAG_CMD, 4, {0x93,0x07,0x07,0x07}},
    {REGFLAG_CMD, 4, {0x94,0x02,0x02,0x02}},
    {REGFLAG_CMD, 4, {0x95,0x22,0x23,0x23}},
    {REGFLAG_CMD, 4, {0x96,0x1C,0x1D,0x1D}},
    {REGFLAG_CMD, 4, {0x97,0x17,0x18,0x18}},
    {REGFLAG_CMD, 4, {0x98,0x13,0x14,0x14}},
    {REGFLAG_CMD, 4, {0x99,0x0D,0x0E,0x0E}},
    {REGFLAG_CMD, 4, {0x9A,0x04,0x05,0x05}},
    {REGFLAG_CMD, 4, {0x9B,0x02,0x02,0x02}},
    {REGFLAG_CMD, 4, {0x9C,0x24,0x26,0x23}},
    {REGFLAG_CMD, 4, {0x9D,0x20,0x24,0x21}},
    {REGFLAG_CMD, 4, {0x9E,0x1C,0x1D,0x1C}},
    {REGFLAG_CMD, 4, {0x9F,0x16,0x16,0x15}},
    {REGFLAG_CMD, 4, {0xA0,0x10,0x10,0x10}},
    {REGFLAG_CMD, 4, {0xA1,0x08,0x08,0x08}},
    {REGFLAG_CMD, 4, {0xA2,0x04,0x04,0x04}},
    {REGFLAG_CMD, 4, {0xA3,0x02,0x02,0x02}},
    {REGFLAG_CMD, 4, {0xA4,0x04,0x07,0x00}},
    {REGFLAG_CMD, 4, {0xA5,0x04,0x04,0x01}},
    {REGFLAG_CMD, 4, {0xA6,0x00,0x00,0x01}},
    {REGFLAG_CMD, 4, {0xA7,0x03,0x02,0x01}},
    {REGFLAG_CMD, 4, {0xA8,0x01,0x00,0x00}},
    {REGFLAG_CMD, 4, {0xA9,0x00,0x00,0x00}},
    {REGFLAG_CMD, 4, {0xAA,0x05,0x05,0x04}},
    {REGFLAG_CMD, 4, {0xAB,0x03,0x03,0x02}},
    {REGFLAG_CMD, 4, {0xAC,0x02,0x02,0x02}},
    {REGFLAG_CMD, 4, {0xAD,0x01,0x01,0x01}},
    {REGFLAG_CMD, 4, {0xAE,0x00,0x00,0x00}},
    {REGFLAG_CMD, 4, {0xAF,0x0A,0x0A,0x08}},
    {REGFLAG_CMD, 4, {0xB0,0x08,0x09,0x07}},
    {REGFLAG_CMD, 4, {0xB1,0x06,0x07,0x05}},
    {REGFLAG_CMD, 4, {0xB2,0x03,0x03,0x02}},
    {REGFLAG_CMD, 4, {0xB3,0x17,0x19,0x15}},
    {REGFLAG_CMD, 4, {0xB4,0x11,0x13,0x10}},
    {REGFLAG_CMD, 4, {0xB5,0x10,0x11,0x0E}},
    {REGFLAG_CMD, 4, {0xB6,0x0C,0x0D,0x0B}},
    {REGFLAG_CMD, 4, {0xB7,0x06,0x07,0x07}},
    {REGFLAG_CMD, 4, {0xB8,0x02,0x02,0x02}},
    {REGFLAG_CMD, 4, {0xB9,0x1E,0x1F,0x1F}},
    {REGFLAG_CMD, 4, {0xBA,0x19,0x19,0x18}},
    {REGFLAG_CMD, 4, {0xBB,0x16,0x16,0x15}},
    {REGFLAG_CMD, 4, {0xBC,0x12,0x13,0x13}},
    {REGFLAG_CMD, 4, {0xBD,0x0E,0x0F,0x0F}},
    {REGFLAG_CMD, 4, {0xBE,0x06,0x06,0x05}},
    {REGFLAG_CMD, 4, {0xBF,0x03,0x03,0x03}},
    {REGFLAG_CMD, 4, {0xC0,0x22,0x23,0x23}},
    {REGFLAG_CMD, 4, {0xC1,0x1F,0x20,0x20}},
    {REGFLAG_CMD, 4, {0xC2,0x1F,0x1E,0x1D}},
    {REGFLAG_CMD, 4, {0xC3,0x1A,0x1B,0x1C}},
    {REGFLAG_CMD, 4, {0xC4,0x14,0x15,0x15}},
    {REGFLAG_CMD, 4, {0xC5,0x08,0x08,0x08}},
    {REGFLAG_CMD, 4, {0xC6,0x04,0x04,0x04}},
    {REGFLAG_CMD, 4, {0xC7,0x02,0x02,0x02}},
    {REGFLAG_CMD, 4, {0xC8,0x00,0x07,0x00}},
    {REGFLAG_CMD, 4, {0xC9,0x03,0x03,0x01}},
    {REGFLAG_CMD, 4, {0xCA,0x00,0x00,0x00}},
    {REGFLAG_CMD, 4, {0xCB,0x04,0x03,0x01}},
    {REGFLAG_CMD, 4, {0xCC,0x01,0x00,0x00}},
    {REGFLAG_CMD, 4, {0xCD,0x00,0x00,0x00}},
    {REGFLAG_CMD, 4, {0xCE,0x04,0x03,0x01}},
    {REGFLAG_CMD, 4, {0xCF,0x02,0x01,0x00}},
    {REGFLAG_CMD, 4, {0xD0,0x01,0x01,0x01}},
    {REGFLAG_CMD, 4, {0xD1,0x00,0x00,0x00}},
    {REGFLAG_CMD, 4, {0xD2,0x06,0x06,0x05}},
    {REGFLAG_CMD, 4, {0xD3,0x03,0x02,0x03}},
    {REGFLAG_CMD, 4, {0xD4,0x03,0x02,0x03}},
    {REGFLAG_CMD, 4, {0xD5,0x02,0x02,0x02}},
    {REGFLAG_CMD, 4, {0xD6,0x00,0x00,0x00}},
    {REGFLAG_CMD, 4, {0xD7,0x0A,0x0A,0x09}},
    {REGFLAG_CMD, 4, {0xD8,0x07,0x06,0x06}},
    {REGFLAG_CMD, 4, {0xD9,0x06,0x06,0x06}},
    {REGFLAG_CMD, 4, {0xDA,0x05,0x05,0x05}},
    {REGFLAG_CMD, 4, {0xDB,0x04,0x04,0x04}},
    {REGFLAG_CMD, 4, {0xDC,0x02,0x01,0x01}},
    {REGFLAG_CMD, 4, {0xDD,0x16,0x18,0x18}},
    {REGFLAG_CMD, 4, {0xDE,0x14,0x16,0x15}},
    {REGFLAG_CMD, 4, {0xDF,0x12,0x14,0x13}},
    {REGFLAG_CMD, 4, {0xE0,0x0A,0x0B,0x0A}},
    {REGFLAG_CMD, 4, {0xE1,0x07,0x07,0x08}},
    {REGFLAG_CMD, 4, {0xE2,0x05,0x06,0x04}},
    {REGFLAG_CMD, 4, {0xE3,0x02,0x02,0x02}},
    {REGFLAG_CMD, 4, {0xE4,0x1A,0x1A,0x1D}},
    {REGFLAG_CMD, 4, {0xE5,0x16,0x18,0x17}},
    {REGFLAG_CMD, 4, {0xE6,0x14,0x16,0x15}},
    {REGFLAG_CMD, 4, {0xE7,0x0D,0x0E,0x0D}},
    {REGFLAG_CMD, 4, {0xE8,0x0A,0x0B,0x0C}},
    {REGFLAG_CMD, 4, {0xE9,0x09,0x09,0x08}},
    {REGFLAG_CMD, 4, {0xEA,0x06,0x06,0x06}},
    {REGFLAG_CMD, 4, {0xEB,0x03,0x03,0x03}},
    {REGFLAG_CMD, 4, {0xFF,0x5A,0xA5,0x5C}},
    {REGFLAG_CMD, 4, {0x80,0x00,0x07,0x00}},
    {REGFLAG_CMD, 4, {0x81,0x05,0x06,0x03}},
    {REGFLAG_CMD, 4, {0x82,0x01,0x01,0x00}},
    {REGFLAG_CMD, 4, {0x83,0x04,0x04,0x02}},
    {REGFLAG_CMD, 4, {0x84,0x01,0x00,0x00}},
    {REGFLAG_CMD, 4, {0x85,0x00,0x00,0x00}},
    {REGFLAG_CMD, 4, {0x86,0x05,0x04,0x03}},
    {REGFLAG_CMD, 4, {0x87,0x02,0x02,0x01}},
    {REGFLAG_CMD, 4, {0x88,0x01,0x01,0x01}},
    {REGFLAG_CMD, 4, {0x89,0x01,0x01,0x01}},
    {REGFLAG_CMD, 4, {0x8A,0x0B,0x0B,0x0A}},
    {REGFLAG_CMD, 4, {0x8B,0x06,0x06,0x07}},
    {REGFLAG_CMD, 4, {0x8C,0x06,0x06,0x06}},
    {REGFLAG_CMD, 4, {0x8D,0x04,0x04,0x05}},
    {REGFLAG_CMD, 4, {0x8E,0x02,0x02,0x02}},
    {REGFLAG_CMD, 4, {0x8F,0x13,0x13,0x12}},
    {REGFLAG_CMD, 4, {0x90,0x0C,0x0A,0x0B}},
    {REGFLAG_CMD, 4, {0x91,0x0A,0x08,0x09}},
    {REGFLAG_CMD, 4, {0x92,0x07,0x06,0x07}},
    {REGFLAG_CMD, 4, {0x93,0x03,0x03,0x03}},
    {REGFLAG_CMD, 4, {0x94,0x02,0x02,0x02}},
    {REGFLAG_CMD, 4, {0x95,0x17,0x16,0x15}},
    {REGFLAG_CMD, 4, {0x96,0x15,0x14,0x13}},
    {REGFLAG_CMD, 4, {0x97,0x11,0x10,0x10}},
    {REGFLAG_CMD, 4, {0x98,0x0B,0x0D,0x0C}},
    {REGFLAG_CMD, 4, {0x99,0x06,0x05,0x06}},
    {REGFLAG_CMD, 4, {0x9A,0x03,0x03,0x03}},
    {REGFLAG_CMD, 4, {0x9B,0x02,0x02,0x02}},
    {REGFLAG_CMD, 4, {0x9C,0x22,0x23,0x21}},
    {REGFLAG_CMD, 4, {0x9D,0x20,0x21,0x20}},
    {REGFLAG_CMD, 4, {0x9E,0x1C,0x1D,0x1F}},
    {REGFLAG_CMD, 4, {0x9F,0x16,0x15,0x14}},
    {REGFLAG_CMD, 4, {0xA0,0x11,0x12,0x11}},
    {REGFLAG_CMD, 4, {0xA1,0x0A,0x0C,0x0B}},
    {REGFLAG_CMD, 4, {0xA2,0x05,0x04,0x05}},
    {REGFLAG_CMD, 4, {0xA3,0x03,0x03,0x03}},
    {REGFLAG_CMD, 4, {0xA4,0x01,0x01,0x00}},
    {REGFLAG_CMD, 4, {0xA5,0x01,0x01,0x00}},
    {REGFLAG_CMD, 4, {0xA6,0x00,0x00,0x00}},
    {REGFLAG_CMD, 4, {0xA7,0x01,0x01,0x00}},
    {REGFLAG_CMD, 4, {0xA8,0x00,0x00,0x00}},
    {REGFLAG_CMD, 4, {0xA9,0x00,0x00,0x00}},
    {REGFLAG_CMD, 4, {0xAA,0x02,0x02,0x02}},
    {REGFLAG_CMD, 4, {0xAB,0x01,0x01,0x01}},
    {REGFLAG_CMD, 4, {0xAC,0x01,0x01,0x01}},
    {REGFLAG_CMD, 4, {0xAD,0x00,0x00,0x00}},
    {REGFLAG_CMD, 4, {0xAE,0x06,0x06,0x06}},
    {REGFLAG_CMD, 4, {0xAF,0x04,0x04,0x04}},
    {REGFLAG_CMD, 4, {0xB0,0x03,0x03,0x03}},
    {REGFLAG_CMD, 4, {0xB1,0x02,0x02,0x02}},
    {REGFLAG_CMD, 4, {0xB2,0x01,0x01,0x01}},
    {REGFLAG_CMD, 4, {0xB3,0x10,0x12,0x11}},
    {REGFLAG_CMD, 4, {0xB4,0x11,0x12,0x13}},
    {REGFLAG_CMD, 4, {0xB5,0x0E,0x0C,0x0E}},
    {REGFLAG_CMD, 4, {0xB6,0x09,0x08,0x08}},
    {REGFLAG_CMD, 4, {0xB7,0x03,0x02,0x03}},
    {REGFLAG_CMD, 4, {0xB8,0x01,0x01,0x02}},
    {REGFLAG_CMD, 4, {0xB9,0x14,0x13,0x12}},
    {REGFLAG_CMD, 4, {0xBA,0x12,0x11,0x11}},
    {REGFLAG_CMD, 4, {0xBB,0x0F,0x0E,0x0E}},
    {REGFLAG_CMD, 4, {0xBC,0x0C,0x0C,0x0B}},
    {REGFLAG_CMD, 4, {0xBD,0x08,0x07,0x08}},
    {REGFLAG_CMD, 4, {0xBE,0x03,0x02,0x02}},
    {REGFLAG_CMD, 4, {0xBF,0x02,0x01,0x02}},
    {REGFLAG_CMD, 4, {0xC0,0x30,0x34,0x36}},
    {REGFLAG_CMD, 4, {0xC1,0x2A,0x2F,0x30}},
    {REGFLAG_CMD, 4, {0xC2,0x24,0x26,0x28}},
    {REGFLAG_CMD, 4, {0xC3,0x18,0x1A,0x1D}},
    {REGFLAG_CMD, 4, {0xC4,0x0D,0x10,0x10}},
    {REGFLAG_CMD, 4, {0xC5,0x0A,0x0B,0x0D}},
    {REGFLAG_CMD, 4, {0xC6,0x06,0x06,0x08}},
    {REGFLAG_CMD, 4, {0xC7,0x05,0x06,0x05}},
    {REGFLAG_CMD, 4, {0xC8,0x00,0x00,0x00}},
    {REGFLAG_CMD, 4, {0xC9,0x00,0x00,0x00}},
    {REGFLAG_CMD, 4, {0xCA,0x00,0x00,0x00}},
    {REGFLAG_CMD, 4, {0xCB,0x00,0x00,0x00}},
    {REGFLAG_CMD, 4, {0xCC,0x00,0x00,0x00}},
    {REGFLAG_CMD, 4, {0xCD,0x00,0x00,0x00}},
    {REGFLAG_CMD, 4, {0xCE,0x00,0x00,0x00}},
    {REGFLAG_CMD, 4, {0xCF,0x00,0x00,0x00}},
    {REGFLAG_CMD, 4, {0xFF,0x5A,0xA5,0x03}},
    {REGFLAG_CMD, 6, {0x90,0x01,0x80,0x21,0x40,0x35}},
    {REGFLAG_CMD, 7, {0x92,0x00,0x00,0x00,0x00,0x00,0x00}},
    {REGFLAG_CMD, 4, {0xFF,0x5A,0xA5,0x00}},
    {REGFLAG_CMD, 1, {0x29}},
    {REGFLAG_CMD, 4, {0xFF,0x5A,0xA5,0x0B}},
    {REGFLAG_CMD, 2, {0xA0,0x05}}, // >70nit A0 07, <=70nit A0 05
    {REGFLAG_CMD, 4, {0xFF,0x5A,0xA5,0x4E}},
    {REGFLAG_CMD, 2, {0xDA,0x04}},
    {REGFLAG_CMD, 2, {0xDB,0x8B}},
    {REGFLAG_CMD, 2, {0xDC,0x04}},
    {REGFLAG_CMD, 2, {0xDD,0x8A}},
    {REGFLAG_CMD, 2, {0xDE,0x02}},
    {REGFLAG_CMD, 2, {0xDF,0x43}},
    {REGFLAG_CMD, 2, {0xE0,0x01}},
    {REGFLAG_CMD, 2, {0xE1,0xE1}},
    {REGFLAG_CMD, 91, {0xCF,0x00,0x00,0x00,0x00,0x00,0x00,0x08,0x88,0x88,0x00,0x00,0x00,0x00,0x00,0x00,0x00,0x00,0x00,0x00,0x34,0x34,0x34,0x34,0x34,0x08,0x88,0x88,0x00,0x00,0x00,0x00,0x00,0x00,0x00,0x00,0x00,0x00,0x34,0x34,0x34,0x34,0x34,0x08,0x88,0x88,0x00,0x00,0x00,0x00,0x00,0x00,0x00,0x00,0x00,0x00,0x14,0x14,0x14,0x14,0x14,0x08,0x88,0x88,0x00,0x00,0x00,0x00,0x00,0x00,0x00,0x00,0x00,0x00,0x14,0x14,0x14,0x14,0x14,0x08,0x88,0x88,0x00,0x00,0x00,0x00,0x00,0x00,0x00,0x00,0x00}},
    {REGFLAG_CMD, 91, {0xD0,0x00,0x00,0x00,0x00,0x00,0x00,0x08,0x88,0x88,0x00,0x00,0x00,0x00,0x00,0x00,0x00,0x00,0x00,0x00,0x0B,0x0B,0x0B,0x0B,0x0B,0x08,0x88,0x88,0x00,0x00,0x00,0x00,0x00,0x00,0x00,0x00,0x00,0x00,0x0B,0x0B,0x0B,0x0B,0x0B,0x08,0x88,0x88,0x00,0x00,0x00,0x00,0x00,0x00,0x00,0x00,0x00,0x00,0x05,0x05,0x05,0x05,0x05,0x08,0x88,0x88,0x00,0x00,0x00,0x00,0x00,0x00,0x00,0x00,0x00,0x00,0x05,0x05,0x05,0x05,0x05,0x08,0x88,0x88,0x00,0x00,0x00,0x00,0x00,0x00,0x00,0x00,0x00}},
};

struct LCM_setting_table dsi_on_cmd_oa120_1pulse[] = {
    {REGFLAG_CMD, 4, {0xFF,0x5A,0xA5,0x01}},
    {REGFLAG_CMD, 2, {0xFB,0x08}}, // Multi TE
    {REGFLAG_CMD, 4, {0xFF,0x5A,0xA5,0x03}},
    {REGFLAG_CMD, 6, {0x90,0x01,0x80,0x21,0x40,0x35}},
    {REGFLAG_CMD, 4, {0xFF,0x5A,0xA5,0x08}},
    {REGFLAG_CMD, 2, {0xC8,0x62}}, // Sleep out don't reload
    {REGFLAG_CMD, 4, {0xFF,0x5A,0xA5,0x20}},
    {REGFLAG_CMD, 2, {0xBA,0x04}},
    {REGFLAG_CMD, 2, {0xBB,0x05}},
    {REGFLAG_CMD, 2, {0xBC,0x07}},
    {REGFLAG_CMD, 2, {0xBD,0x06}},
    {REGFLAG_CMD, 4, {0xFF,0x5A,0xA5,0x21}},
    {REGFLAG_CMD, 2, {0xA4,0x18}}, // Flash reload enable
    // shift TE
    {REGFLAG_CMD, 4, {0xFF,0x5A,0xA5,0x02}},
    {REGFLAG_CMD, 3, {0xAB,0xAF,0x82}},
    {REGFLAG_CMD, 2, {0xC0,0x03}},
    {REGFLAG_CMD, 9, {0xB0,0x00,0x80,0x00,0x10,0x00,0x00,0x00,0x00}},
    {REGFLAG_CMD, 4, {0xFF,0x5A,0xA5,0x00}},
    // PPS setting
    {REGFLAG_CMD, 4, {0xFF,0x5A,0xA5,0x07}},
    {REGFLAG_CMD, 2, {0x8A,0x01}}, // PPS Enable
    {REGFLAG_CMD, 3, {0x8B,0x21,0xE0}}, // PPS Table
    {REGFLAG_CMD, 100, {0x81,0x00,0x00,0x00,0x00,0x00,0x12,0x00,0x00,0xAB,0x30,0x80,0x0A,0xDC,0x04,0xF0,0x00,0x14,0x02,0x78,0x02,0x78,0x02,0x00,0x02,0x57,0x00,0x20,0x01,0xF8,0x00,0x08,0x00,0x0D,0x05,0x7A,0x04,0x4F,0x18,0x00,0x10,0xE0,0x07,0x10,0x20,0x00,0x06,0x0F,0x0F,0x33,0x0E,0x1C,0x2A,0x38,0x46,0x54,0x62,0x69,0x70,0x77,0x79,0x7B,0x7D,0x7E,0x02,0x02,0x22,0x00,0x2A,0x40,0x2A,0xBE,0x3A,0xFC,0x3A,0xFA,0x3A,0xF8,0x3B,0x38,0x3B,0x78,0x3B,0xB6,0x4B,0xB6,0x4B,0xF4,0x4B,0xF4,0x6C,0x34,0x84,0x74,0x00,0x00,0x00,0x00,0x00,0x00}},
    // ffc setting
    {REGFLAG_CMD, 4, {0xFF,0x5A,0xA5,0x22}},
    {REGFLAG_CMD, 8, {0xD8,0x00,0xC4,0x11,0x10,0x32,0x12,0x12}},
    {REGFLAG_CMD, 8, {0xD9,0x00,0xC4,0x11,0x10,0x32,0x12,0x12}},
    {REGFLAG_CMD, 8, {0xDA,0x00,0xC4,0x11,0x10,0x32,0x12,0x12}},
    {REGFLAG_CMD, 8, {0xDB,0x00,0xC4,0x11,0x10,0x32,0x12,0x12}},
    {REGFLAG_CMD, 10, {0xDC,0x84,0x94,0xBB,0x00,0x20,0xC4,0xA1,0xCC,0x10}},
    {REGFLAG_CMD, 2, {0xDD,0x01}},
    {REGFLAG_CMD, 2, {0xDE,0xF1}},
    {REGFLAG_CMD, 2, {0xDF,0x80}},
    {REGFLAG_CMD, 8, {0xE0,0x02,0x00,0x5F,0x21,0x00,0x28,0x00}},
    {REGFLAG_CMD, 4, {0xFF,0x5A,0xA5,0x00}},
    // PAGE 2D
    {REGFLAG_CMD, 4, {0xFF,0x5A,0xA5,0x2D}},
    {REGFLAG_CMD, 2, {0xCE,0xD4}},
    {REGFLAG_CMD, 4, {0xEC,0x01,0xFF,0xFF}},
    {REGFLAG_CMD, 3, {0xED,0x55,0x05}},
    {REGFLAG_CMD, 3, {0x93,0xA0,0x00}},
    {REGFLAG_CMD, 3, {0x94,0x00,0x00}},
    {REGFLAG_CMD, 3, {0x88,0x01,0x00}},
    {REGFLAG_CMD, 2, {0xD2,0x06}},
    {REGFLAG_CMD, 4, {0xFF,0x5A,0xA5,0x00}},
    {REGFLAG_CMD, 2, {0x5E,0x01}},
    {REGFLAG_CMD, 2, {0x60,0x00}},
    {REGFLAG_CMD, 2, {0x61,0x07}},
    {REGFLAG_CMD, 2, {0x6D,0x01}},
    {REGFLAG_CMD, 2, {0x6E,0x00}},
    {REGFLAG_CMD, 2, {0x35,0x00}},
    {REGFLAG_CMD, 2, {0x53,0x20}},
    {REGFLAG_CMD, 2, {0x5A,0x01}},
    {REGFLAG_CMD, 2, {0x5B,0x80}},
    {REGFLAG_CMD, 4, {0xFF,0x5A,0xA5,0x4E}},
    {REGFLAG_CMD, 5, {0xCD,0x00,0x00,0x00,0x00}},
    {REGFLAG_CMD, 5, {0xCE,0x00,0x00,0x00,0x00}},
    {REGFLAG_CMD, 4, {0xFF,0x5A,0xA5,0x06}},
    {REGFLAG_CMD, 2, {0xA0,0x00}},
    // Skip Frame Decreasing Step
    {REGFLAG_CMD, 4, {0xFF,0x5A,0xA5,0x2D}},
    {REGFLAG_CMD, 3, {0x93,0xA0,0x00}},
    {REGFLAG_CMD, 4, {0xEC,0x01,0xFF,0xFF}},
    {REGFLAG_CMD, 3, {0xED,0x55,0x05}},
    {REGFLAG_CMD, 2, {0x97,0x02}},
    {REGFLAG_CMD, 3, {0x98,0x03,0x00}},
    {REGFLAG_CMD, 3, {0x99,0x0B,0x00}},
    {REGFLAG_CMD, 3, {0x9A,0x17,0x00}},
    {REGFLAG_CMD, 3, {0x9B,0x00,0x00}},
    {REGFLAG_CMD, 5, {0xA0,0x00,0x01,0x00,0x00}},
    {REGFLAG_CMD, 5, {0xA1,0x02,0x00,0x00,0x00}},
    {REGFLAG_CMD, 2, {0xB1,0x02}},
    {REGFLAG_CMD, 3, {0xB2,0x02,0x00}},
    {REGFLAG_CMD, 3, {0xB3,0x08,0x00}},
    {REGFLAG_CMD, 3, {0xB4,0x11,0x00}},
    {REGFLAG_CMD, 3, {0xB5,0x00,0x00}},
    {REGFLAG_CMD, 3, {0xBA,0x00,0x01}},
    {REGFLAG_CMD, 3, {0xBB,0x02,0x00}},
    // Voltage tie point DBV579
    {REGFLAG_CMD, 4, {0xFF,0x5A,0xA5,0x29}},
    {REGFLAG_CMD, 9, {0x93,0x0F,0xFF,0x0F,0xFE,0x0D,0xBB,0x07,0x52}},
    {REGFLAG_CMD, 9, {0x94,0x06,0xDC,0x06,0xDB,0x06,0x66,0x06,0x65}},
    {REGFLAG_CMD, 9, {0x95,0x05,0xF0,0x05,0xEF,0x05,0x79,0x05,0x78}},
    {REGFLAG_CMD, 9, {0x96,0x05,0x02,0x05,0x01,0x04,0x8C,0x04,0x8B}},
    {REGFLAG_CMD, 9, {0x97,0x04,0x8A,0x04,0x76,0x03,0xE6,0x02,0xCB}},
    {REGFLAG_CMD, 9, {0x98,0x02,0x43,0x01,0xE1,0x01,0x38,0x00,0x9E}},
    {REGFLAG_CMD, 9, {0x99,0x00,0x01,0x00,0x00,0x00,0x00,0x00,0x00}},
    {REGFLAG_CMD, 5, {0x9A,0x00,0x00,0x00,0x00}},
    {REGFLAG_CMD, 4, {0xFF,0x5A,0xA5,0x0B}},
    {REGFLAG_CMD, 2, {0xD1,0x8C}},
    {REGFLAG_CMD, 4, {0xFF,0x5A,0xA5,0x00}},
    // crosstalk optimization
    {REGFLAG_CMD, 4, {0xFF,0x5A,0xA5,0x31}},
    {REGFLAG_CMD, 2, {0xA0,0xA3}},
    {REGFLAG_CMD, 2, {0xA3,0x00}},
    {REGFLAG_CMD, 2, {0x9F,0x06}},
    {REGFLAG_CMD, 11, {0x90,0x02,0x03,0x04,0x07,0x09,0x02,0x03,0x04,0x07,0x09}},
    {REGFLAG_CMD, 25, {0x8C,0x40,0x30,0x20,0x19,0x10,0x08,0x12,0x00,0x00,0x00,0x00,0x00,0x00,0x00,0x00,0x00,0x00,0x00,0x00,0x00,0x00,0x00,0x00,0x00}},
    {REGFLAG_CMD, 26, {0x8D,0x30,0x28,0x14,0x10,0x09,0x08,0x02,0x00,0x00,0x00,0x00,0x00,0x00,0x00,0x00,0x00,0x00,0x00,0x00,0x00,0x00,0x00,0x00,0x00,0x00}},
    {REGFLAG_CMD, 7, {0x91,0x30,0x44,0x44,0x04,0x08,0x0C}},
    {REGFLAG_CMD, 7, {0x92,0x30,0x44,0x44,0x04,0x08,0x0C}},
    {REGFLAG_CMD, 7, {0x93,0x30,0x44,0x44,0x04,0x08,0x0C}},
    {REGFLAG_CMD, 2, {0xA6,0x00}},
    {REGFLAG_CMD, 2, {0xA7,0x10}},
    {REGFLAG_CMD, 2, {0xA8,0x00}},
    {REGFLAG_CMD, 2, {0xA9,0x10}},
    {REGFLAG_CMD, 2, {0xAA,0x00}},
    {REGFLAG_CMD, 2, {0xAB,0x10}},
    {REGFLAG_CMD, 2, {0xD0,0x81}},
    {REGFLAG_CMD, 19, {0x80,0xF0,0x6B,0x45,0x19,0x02,0xFE,0xE7,0xBB,0x95,0xE0,0x0C,0x05,0x02,0x00,0x00,0xFE,0xFE,0xF4}},
    {REGFLAG_CMD, 19, {0x81,0xF0,0x53,0x35,0x14,0x02,0xFE,0xEC,0xCB,0xAD,0xE0,0x0A,0x04,0x01,0x00,0x00,0xFF,0xFF,0xFD}},
    {REGFLAG_CMD, 19, {0x82,0xF0,0x43,0x2B,0x10,0x02,0xFE,0xF0,0xD5,0xBD,0xE0,0x06,0x04,0x01,0x00,0x00,0xFF,0xFF,0xFE}},
    {REGFLAG_CMD, 19, {0x83,0xF0,0x59,0x3A,0x15,0x02,0xFE,0xEB,0xC6,0xA7,0xE0,0x05,0x02,0x01,0x00,0x00,0xFF,0xFF,0xFE}},
    {REGFLAG_CMD, 19, {0x84,0xF0,0x46,0x2D,0x11,0x02,0xFE,0xEF,0xD3,0xBA,0xE0,0x03,0x01,0x01,0x00,0x00,0xFF,0xFF,0xFF}},
    {REGFLAG_CMD, 19, {0x85,0xF0,0x36,0x23,0x0D,0x02,0xFE,0xF3,0xDD,0xCA,0xE0,0x02,0x01,0x01,0x00,0x00,0xFF,0xFF,0xFF}},
    {REGFLAG_CMD, 19, {0x86,0xF0,0x6B,0x45,0x19,0x02,0xFE,0xE7,0xBB,0x95,0xE0,0x0C,0x05,0x02,0x00,0x00,0xFE,0xFE,0xF4}},
    {REGFLAG_CMD, 19, {0x87,0xF0,0x53,0x35,0x14,0x02,0xFE,0xEC,0xCB,0xAD,0xE0,0x0A,0x04,0x01,0x00,0x00,0xFF,0xFF,0xFD}},
    {REGFLAG_CMD, 19, {0x88,0xF0,0x43,0x2B,0x10,0x02,0xFE,0xF0,0xD5,0xBD,0xE0,0x06,0x04,0x01,0x00,0x00,0xFF,0xFF,0xFE}},
    {REGFLAG_CMD, 19, {0x89,0xF0,0x59,0x3A,0x15,0x02,0xFE,0xEB,0xC6,0xA7,0xE0,0x05,0x02,0x01,0x00,0x00,0xFF,0xFF,0xFE}},
    {REGFLAG_CMD, 19, {0x8A,0xF0,0x46,0x2D,0x11,0x02,0xFE,0xEF,0xD3,0xBA,0xE0,0x03,0x01,0x01,0x00,0x00,0xFF,0xFF,0xFF}},
    {REGFLAG_CMD, 19, {0x8B,0xF0,0x36,0x23,0x0D,0x02,0xFE,0xF3,0xDD,0xCA,0xE0,0x02,0x01,0x01,0x00,0x00,0xFF,0xFF,0xFF}},
    {REGFLAG_CMD, 2, {0xD0,0x80}},
    {REGFLAG_CMD, 4, {0xFF,0x5A,0xA5,0x2B}},
    {REGFLAG_CMD, 5, {0xA8,0x0F,0x00,0xFE,0xF7}},
    {REGFLAG_CMD, 5, {0xA9,0x3F,0xF6,0xF6,0xFC}},
    {REGFLAG_CMD, 5, {0xAA,0x3F,0xF8,0xD7,0xB8}},
    {REGFLAG_CMD, 5, {0xAB,0x03,0x00,0x00,0xFD}},
    {REGFLAG_CMD, 5, {0xAC,0x3F,0xF9,0xF7,0xF9}},
    {REGFLAG_CMD, 5, {0xAD,0x3F,0xF6,0xE4,0xD2}},
    {REGFLAG_CMD, 5, {0xAE,0x00,0x00,0x00,0x00}},
    {REGFLAG_CMD, 5, {0xAF,0x3F,0xFC,0xF8,0xF6}},
    {REGFLAG_CMD, 5, {0xB0,0x3F,0xF4,0xF0,0xEC}},
    {REGFLAG_CMD, 5, {0xB1,0x00,0x00,0x00,0x00}},
    {REGFLAG_CMD, 5, {0xB2,0x0F,0x00,0xFC,0xF9}},
    {REGFLAG_CMD, 5, {0xB3,0x3F,0xFA,0xF6,0xF2}},
    {REGFLAG_CMD, 5, {0xB4,0x00,0x00,0x00,0x00}},
    {REGFLAG_CMD, 5, {0xB5,0x03,0x00,0x00,0xFD}},
    {REGFLAG_CMD, 5, {0xB6,0x3F,0xF9,0xF5,0xF2}},
    {REGFLAG_CMD, 5, {0xB7,0x00,0x00,0x00,0x00}},
    {REGFLAG_CMD, 5, {0xB8,0x00,0x00,0x00,0x00}},
    {REGFLAG_CMD, 5, {0xB9,0x0F,0x01,0xFA,0xF2}},
    {REGFLAG_CMD, 5, {0xBA,0x00,0x00,0x00,0x00}},
    {REGFLAG_CMD, 5, {0xBB,0x00,0x00,0x00,0x00}},
    {REGFLAG_CMD, 5, {0xBC,0x00,0x00,0x04,0x08}},
    {REGFLAG_CMD, 5, {0xBD,0x00,0x00,0x00,0x00}},
    {REGFLAG_CMD, 5, {0xBE,0x00,0x00,0x00,0x00}},
    {REGFLAG_CMD, 5, {0xBF,0x00,0x00,0x00,0x00}},
    {REGFLAG_CMD, 5, {0xC0,0x00,0x00,0x00,0x00}},
    {REGFLAG_CMD, 5, {0xC1,0x00,0x00,0x00,0x00}},
    {REGFLAG_CMD, 5, {0xC2,0x00,0x00,0x00,0x00}},
    {REGFLAG_CMD, 5, {0xC3,0x0F,0x00,0xFB,0xF9}},
    {REGFLAG_CMD, 5, {0xC4,0x3F,0xF5,0xED,0xF0}},
    {REGFLAG_CMD, 5, {0xC5,0x3F,0xF2,0xEC,0xE5}},
    {REGFLAG_CMD, 5, {0xC6,0x03,0x00,0x00,0xFC}},
    {REGFLAG_CMD, 5, {0xC7,0x3F,0xF9,0xF5,0xF5}},
    {REGFLAG_CMD, 5, {0xC8,0x3F,0xF3,0xEE,0xEA}},
    {REGFLAG_CMD, 5, {0xC9,0x00,0x00,0x00,0x00}},
    {REGFLAG_CMD, 5, {0xCA,0x3F,0xFD,0xFD,0xF9}},
    {REGFLAG_CMD, 5, {0xCB,0x3F,0xF4,0xF1,0xEE}},
    {REGFLAG_CMD, 5, {0xCC,0x00,0x00,0x00,0x00}},
    {REGFLAG_CMD, 5, {0xCD,0x0F,0x00,0xFE,0xFE}},
    {REGFLAG_CMD, 5, {0xCE,0x3F,0xF8,0xF6,0xF4}},
    {REGFLAG_CMD, 5, {0xCF,0x00,0x00,0x00,0x00}},
    {REGFLAG_CMD, 5, {0xD0,0x00,0x00,0x00,0x01}},
    {REGFLAG_CMD, 5, {0xD1,0x3F,0xFA,0xFB,0xFD}},
    {REGFLAG_CMD, 5, {0xD2,0x00,0x00,0x00,0x00}},
    {REGFLAG_CMD, 5, {0xD3,0x00,0x00,0x00,0x00}},
    {REGFLAG_CMD, 5, {0xD4,0x3F,0xFF,0xFC,0xFA}},
    {REGFLAG_CMD, 5, {0xD5,0x00,0x00,0x00,0x00}},
    {REGFLAG_CMD, 5, {0xD6,0x00,0x00,0x00,0x00}},
    {REGFLAG_CMD, 5, {0xD7,0x0F,0x00,0xFD,0xFB}},
    {REGFLAG_CMD, 5, {0xD8,0x00,0x00,0x00,0x00}},
    {REGFLAG_CMD, 5, {0xD9,0x00,0x00,0x00,0x00}},
    {REGFLAG_CMD, 5, {0xDA,0x00,0x00,0x00,0x00}},
    {REGFLAG_CMD, 5, {0xDB,0x00,0x00,0x00,0x00}},
    {REGFLAG_CMD, 5, {0xDC,0x00,0x00,0x00,0x00}},
    {REGFLAG_CMD, 5, {0xDD,0x00,0x00,0x00,0x00}},
    {REGFLAG_CMD, 5, {0xDE,0x0F,0x00,0xFA,0xFE}},
    {REGFLAG_CMD, 5, {0xDF,0x3F,0xFA,0xF7,0xF2}},
    {REGFLAG_CMD, 5, {0xE0,0x3F,0xF3,0xEE,0xEA}},
    {REGFLAG_CMD, 5, {0xE1,0x03,0x00,0x00,0xFC}},
    {REGFLAG_CMD, 5, {0xE2,0x3F,0xFB,0xF9,0xF6}},
    {REGFLAG_CMD, 5, {0xE3,0x3F,0xF5,0xF3,0xF0}},
    {REGFLAG_CMD, 5, {0xE4,0x00,0x00,0x00,0x00}},
    {REGFLAG_CMD, 5, {0xE5,0x3F,0xFC,0xFB,0xFA}},
    {REGFLAG_CMD, 5, {0xE6,0x3F,0xF8,0xF7,0xF6}},
    {REGFLAG_CMD, 5, {0xE7,0x00,0x00,0x00,0x00}},
    {REGFLAG_CMD, 5, {0xE8,0x0F,0x00,0xFE,0xFA}},
    {REGFLAG_CMD, 5, {0xE9,0x3F,0xF7,0xFA,0xFE}},
    {REGFLAG_CMD, 5, {0xEA,0x00,0x00,0x00,0x00}},
    {REGFLAG_CMD, 5, {0xEB,0x03,0x00,0x00,0xFC}},
    {REGFLAG_CMD, 5, {0xEC,0x3F,0xFA,0xFC,0xFE}},
    {REGFLAG_CMD, 5, {0xED,0x00,0x00,0x00,0x00}},
    {REGFLAG_CMD, 5, {0xEE,0x00,0x00,0x00,0x00}},
    {REGFLAG_CMD, 5, {0xEF,0x3F,0xFE,0xFD,0xFC}},
    {REGFLAG_CMD, 5, {0xF0,0x00,0x00,0x00,0x00}},
    {REGFLAG_CMD, 5, {0xF1,0x00,0x00,0x00,0x00}},
    {REGFLAG_CMD, 5, {0xF2,0x0F,0x00,0xFE,0xFC}},
    {REGFLAG_CMD, 5, {0xF3,0x00,0x00,0x00,0x00}},
    {REGFLAG_CMD, 5, {0xF4,0x00,0x00,0x00,0x00}},
    {REGFLAG_CMD, 5, {0xF5,0x00,0x00,0x00,0x00}},
    {REGFLAG_CMD, 5, {0xF6,0x00,0x00,0x00,0x00}},
    {REGFLAG_CMD, 5, {0xF7,0x00,0x00,0x00,0x00}},
    {REGFLAG_CMD, 5, {0xF8,0x00,0x00,0x00,0x00}},
    {REGFLAG_CMD, 4, {0xFF,0x5A,0xA5,0x07}},
    {REGFLAG_CMD, 7, {0xE0,0x03,0xA9,0x06,0xDD,0x07,0xFF}},
    {REGFLAG_CMD, 9, {0xE3,0xAA,0x99,0x88,0x88,0x88,0x88,0x77,0x66}},
    {REGFLAG_CMD, 4, {0xE4,0x40,0x40,0x40}},
    {REGFLAG_CMD, 2, {0xE5,0x05}},
    {REGFLAG_CMD, 4, {0xE6,0x00,0x00,0x00}},
    {REGFLAG_CMD, 2, {0xE7,0xFF}},
    {REGFLAG_CMD, 12, {0xE8,0x01,0x00,0x00,0x20,0x40,0x60,0x80,0xA0,0xC0,0xE0,0x00}},
    {REGFLAG_CMD, 4, {0xFF,0x5A,0xA5,0x00}},
    // 3 to 1 120hz
    {REGFLAG_CMD, 4, {0xFF,0x5A,0xA5,0x0B}},
    {REGFLAG_CMD, 2, {0xA0,0x05}},
    {REGFLAG_CMD, 4, {0xFF,0x5A,0xA5,0x23}},
    {REGFLAG_CMD, 2, {0x8D,0x48}},
    {REGFLAG_CMD, 4, {0xFF,0x5A,0xA5,0x24}},
    {REGFLAG_CMD, 9, {0xAC,0x0F,0xFE,0x0D,0xBB,0x07,0x52,0x04,0x8B}},
    {REGFLAG_CMD, 9, {0xAD,0x04,0x8A,0x02,0xCB,0x01,0xE1,0x00,0x01}},
    {REGFLAG_CMD, 9, {0xAE,0x00,0x00,0x00,0x00,0x00,0x00,0x00,0x00}},
    {REGFLAG_CMD, 26, {0xD0,0x0F,0xFE,0x0D,0xBB,0x07,0x52,0x04,0x8B,0x04,0x8A,0x02,0xCB,0x01,0xE1,0x00,0x01,0x00,0x00,0x00,0x00,0x00,0x00,0x00,0x00,0x00}},
    {REGFLAG_CMD, 26, {0xD1,0x0F,0xFE,0x0D,0xBB,0x07,0x52,0x04,0x8B,0x04,0x8A,0x02,0xCB,0x01,0xE1,0x00,0x01,0x00,0x00,0x00,0x00,0x00,0x00,0x00,0x00,0x00}},
    {REGFLAG_CMD, 4, {0xFF,0x5A,0xA5,0x02}}, // PAGE 2
    {REGFLAG_CMD, 10, {0xE5,0x09,0x0B,0x0B,0x0D,0x55,0x0D,0x32,0x32,0x32}},
    {REGFLAG_CMD, 3, {0xE7,0x33,0x25}}, // DFR1 VGHL 1H AVEE 4H
    {REGFLAG_CMD, 3, {0xE8,0x33,0x25}}, // DFR2 VGHL 1H AVEE 4H
    {REGFLAG_CMD, 3, {0xE9,0x33,0x25}}, // DFR3 VGHL 1H AVEE 4H
    {REGFLAG_CMD, 4, {0xFF,0x5A,0xA5,0x05}}, // PAGE 5
    {REGFLAG_CMD, 15, {0xCA,0x1D,0x1F,0x1F,0x1F,0x1F,0x00,0x00,0x22,0x1B,0x1B,0x1B,0x18,0x19,0x19}},
    {REGFLAG_CMD, 4, {0xFF,0x5A,0xA5,0x00}},
    {REGFLAG_CMD, 1, {0x11}},
    {REGFLAG_DELAY, 120, {}}, // Delay 120ms
    {REGFLAG_CMD, 4, {0xFF,0x5A,0xA5,0x51}},
    {REGFLAG_CMD, 7, {0x80,0xD4,0xD4,0xD4,0xD4,0x22,0x22}},
    {REGFLAG_CMD, 7, {0x81,0xD4,0xD4,0xD4,0xD4,0x22,0x22}},
    {REGFLAG_CMD, 7, {0x82,0xD4,0xD4,0xD4,0xD4,0x22,0x22}},
    {REGFLAG_CMD, 7, {0x83,0xD4,0xD4,0xD4,0xD4,0x22,0x22}},
    {REGFLAG_CMD, 7, {0x84,0xD4,0xD4,0xD4,0xD4,0x22,0x22}},
    {REGFLAG_CMD, 7, {0x85,0xD4,0xD4,0xD4,0xD4,0x22,0x22}},
    {REGFLAG_CMD, 7, {0x86,0xD4,0xD4,0xD4,0xD4,0x22,0x22}},
    {REGFLAG_CMD, 7, {0x87,0xD4,0xD4,0x00,0x00,0x22,0x00}},
    {REGFLAG_CMD, 7, {0xA0,0xD4,0xD4,0xD4,0xD4,0x22,0x22}},
    {REGFLAG_CMD, 7, {0xA1,0xD4,0xD4,0xD4,0xD4,0x22,0x22}},
    {REGFLAG_CMD, 7, {0xA2,0xD4,0xD4,0xD4,0xD4,0x22,0x22}},
    {REGFLAG_CMD, 7, {0xA3,0xD4,0xD4,0xD4,0xD4,0x22,0x22}},
    {REGFLAG_CMD, 7, {0xA4,0xD4,0xD4,0xD4,0xD4,0x22,0x22}},
    {REGFLAG_CMD, 7, {0xA5,0xD4,0xD4,0xD4,0xD4,0x22,0x22}},
    {REGFLAG_CMD, 7, {0xA6,0xD4,0xD4,0xD4,0xD4,0x22,0x22}},
    {REGFLAG_CMD, 7, {0xA7,0xD4,0xD4,0x00,0x00,0x22,0x00}},
    {REGFLAG_CMD, 7, {0xC0,0x9A,0x4A,0xF0,0xAA,0x11,0x00}},
    {REGFLAG_CMD, 7, {0xC1,0xAA,0xA5,0xA5,0xA0,0x00,0x00}},
    {REGFLAG_CMD, 7, {0xC2,0xA0,0x9B,0x9B,0x96,0x00,0x00}},
    {REGFLAG_CMD, 7, {0xC3,0x96,0x91,0x91,0x8C,0x00,0x00}},
    {REGFLAG_CMD, 7, {0xC4,0x6E,0x6E,0x6E,0x6E,0x00,0x00}},
    {REGFLAG_CMD, 7, {0xC5,0x6E,0x6E,0x6E,0x6E,0x00,0x00}},
    {REGFLAG_CMD, 7, {0xC6,0x6E,0x6E,0x6E,0x6E,0x00,0x00}},
    {REGFLAG_CMD, 7, {0xC7,0x6E,0x6E,0x00,0x00,0x00,0x00}},
    {REGFLAG_CMD, 4, {0xFF,0x5A,0xA5,0x52}},
    {REGFLAG_CMD, 7, {0x80,0x9A,0x4A,0xF0,0xAA,0x11,0x00}},
    {REGFLAG_CMD, 7, {0x81,0xAA,0xA5,0xA5,0xA0,0x00,0x00}},
    {REGFLAG_CMD, 7, {0x82,0xA0,0x9B,0x9B,0x96,0x00,0x00}},
    {REGFLAG_CMD, 7, {0x83,0x96,0x91,0x91,0x8C,0x00,0x00}},
    {REGFLAG_CMD, 7, {0x84,0x6E,0x6E,0x6E,0x6E,0x00,0x00}},
    {REGFLAG_CMD, 7, {0x85,0x6E,0x6E,0x6E,0x6E,0x00,0x00}},
    {REGFLAG_CMD, 7, {0x86,0x6E,0x6E,0x6E,0x6E,0x00,0x00}},
    {REGFLAG_CMD, 7, {0x87,0x6E,0x6E,0x00,0x00,0x00,0x00}},
    {REGFLAG_CMD, 7, {0xA0,0x54,0x54,0x54,0x54,0x11,0x11}},
    {REGFLAG_CMD, 7, {0xA1,0x54,0x54,0x54,0x54,0x11,0x11}},
    {REGFLAG_CMD, 7, {0xA2,0x54,0x54,0x54,0x54,0x11,0x11}},
    {REGFLAG_CMD, 7, {0xA3,0x54,0x54,0x54,0x54,0x11,0x11}},
    {REGFLAG_CMD, 7, {0xA4,0x54,0x54,0x54,0x54,0x11,0x11}},
    {REGFLAG_CMD, 7, {0xA5,0x54,0x54,0x54,0x54,0x11,0x11}},
    {REGFLAG_CMD, 7, {0xA6,0x54,0x54,0x54,0x54,0x11,0x11}},
    {REGFLAG_CMD, 7, {0xA7,0x54,0x54,0x00,0x00,0x11,0x00}},
    {REGFLAG_CMD, 7, {0xC0,0x54,0x54,0x54,0x54,0x11,0x11}},
    {REGFLAG_CMD, 7, {0xC1,0x54,0x54,0x54,0x54,0x11,0x11}},
    {REGFLAG_CMD, 7, {0xC2,0x54,0x54,0x54,0x54,0x11,0x11}},
    {REGFLAG_CMD, 7, {0xC3,0x54,0x54,0x54,0x54,0x11,0x11}},
    {REGFLAG_CMD, 7, {0xC4,0x54,0x54,0x54,0x54,0x11,0x11}},
    {REGFLAG_CMD, 7, {0xC5,0x54,0x54,0x54,0x54,0x11,0x11}},
    {REGFLAG_CMD, 7, {0xC6,0x54,0x54,0x54,0x54,0x11,0x11}},
    {REGFLAG_CMD, 7, {0xC7,0x54,0x54,0x00,0x00,0x11,0x00}},
    {REGFLAG_CMD, 4, {0xFF,0x5A,0xA5,0x00}},
    {REGFLAG_CMD, 4, {0xFF,0x5A,0xA5,0x49}},
    {REGFLAG_CMD, 12, {0x80,0x00,0x08,0x10,0x20,0x40,0x80,0xC0,0xE0,0x00,0x00,0x01}},
    {REGFLAG_CMD, 17, {0x81,0x00,0x00,0xF0,0x00,0x65,0x01,0xF3,0x01,0x44,0x02,0x45,0x02,0xA9,0x03,0xDD,0x06}},
    {REGFLAG_CMD, 19, {0x82,0x00,0x00,0xF0,0x00,0x65,0x01,0xF3,0x01,0x44,0x02,0x45,0x02,0xA9,0x03,0xDD,0x06,0xDD,0x06}},
    {REGFLAG_CMD, 2, {0x83,0x0A}},
    {REGFLAG_CMD, 2, {0x84,0x14}},
    {REGFLAG_CMD, 4, {0x85,0x80,0x00,0x02}},
    {REGFLAG_CMD, 4, {0x86,0x80,0x00,0x02}},
    {REGFLAG_CMD, 4, {0xA0,0x30,0x39,0x40}},
    {REGFLAG_CMD, 4, {0xA1,0x40,0x40,0x40}},
    {REGFLAG_CMD, 4, {0xA2,0x40,0x40,0x40}},
    {REGFLAG_CMD, 4, {0xA3,0x1E,0x5A,0x78}},
    {REGFLAG_CMD, 2, {0xA4,0x59}},
    {REGFLAG_CMD, 2, {0xA5,0x80}},
    {REGFLAG_CMD, 2, {0xA6,0x3F}},
    {REGFLAG_CMD, 2, {0xA7,0x0B}},
    {REGFLAG_CMD, 2, {0xAD,0x01}},
    {REGFLAG_CMD, 2, {0xAE,0x84}},
    {REGFLAG_CMD, 2, {0xAF,0x00}},
    {REGFLAG_CMD, 2, {0xD9,0x02}},
    {REGFLAG_CMD, 2, {0xDA,0xF7}},
    {REGFLAG_CMD, 2, {0xDB,0x9C}},
    {REGFLAG_CMD, 2, {0xDC,0x03}},
    {REGFLAG_CMD, 2, {0xDF,0x06}},
    {REGFLAG_CMD, 2, {0xE0,0x01}},
    {REGFLAG_CMD, 4, {0xFF,0x5A,0xA5,0x5A}},
    {REGFLAG_CMD, 4, {0x80,0x00,0x00,0x00}},
    {REGFLAG_CMD, 4, {0x81,0x00,0x02,0x00}},
    {REGFLAG_CMD, 4, {0x82,0x00,0x00,0x00}},
    {REGFLAG_CMD, 4, {0x83,0x01,0x21,0x00}},
    {REGFLAG_CMD, 4, {0x84,0x07,0x07,0x00}},
    {REGFLAG_CMD, 4, {0x85,0x07,0x08,0x00}},
    {REGFLAG_CMD, 4, {0x86,0x15,0x21,0x0C}},
    {REGFLAG_CMD, 4, {0x87,0x0E,0x0C,0x01}},
    {REGFLAG_CMD, 4, {0x88,0x0C,0x0C,0x0B}},
    {REGFLAG_CMD, 4, {0x89,0x05,0x06,0x01}},
    {REGFLAG_CMD, 4, {0x8A,0x15,0x15,0x07}},
    {REGFLAG_CMD, 4, {0x8B,0x0B,0x08,0x07}},
    {REGFLAG_CMD, 4, {0x8C,0x0C,0x06,0x07}},
    {REGFLAG_CMD, 4, {0x8D,0x08,0x03,0x07}},
    {REGFLAG_CMD, 4, {0x8E,0x03,0x02,0x04}},
    {REGFLAG_CMD, 4, {0x8F,0x18,0x0B,0x0D}},
    {REGFLAG_CMD, 4, {0x90,0x0E,0x07,0x0A}},
    {REGFLAG_CMD, 4, {0x91,0x0D,0x08,0x0A}},
    {REGFLAG_CMD, 4, {0x92,0x0B,0x05,0x09}},
    {REGFLAG_CMD, 4, {0x93,0x08,0x04,0x08}},
    {REGFLAG_CMD, 4, {0x94,0x04,0x02,0x04}},
    {REGFLAG_CMD, 4, {0x95,0x18,0x1A,0x19}},
    {REGFLAG_CMD, 4, {0x96,0x15,0x16,0x14}},
    {REGFLAG_CMD, 4, {0x97,0x13,0x13,0x15}},
    {REGFLAG_CMD, 4, {0x98,0x10,0x11,0x12}},
    {REGFLAG_CMD, 4, {0x99,0x0C,0x0D,0x0D}},
    {REGFLAG_CMD, 4, {0x9A,0x07,0x08,0x09}},
    {REGFLAG_CMD, 4, {0x9B,0x02,0x03,0x03}},
    {REGFLAG_CMD, 4, {0x9C,0x1B,0x1C,0x1A}},
    {REGFLAG_CMD, 4, {0x9D,0x18,0x16,0x16}},
    {REGFLAG_CMD, 4, {0x9E,0x12,0x14,0x14}},
    {REGFLAG_CMD, 4, {0x9F,0x11,0x12,0x10}},
    {REGFLAG_CMD, 4, {0xA0,0x0B,0x0A,0x0C}},
    {REGFLAG_CMD, 4, {0xA1,0x07,0x08,0x08}},
    {REGFLAG_CMD, 4, {0xA2,0x03,0x03,0x02}},
    {REGFLAG_CMD, 4, {0xA3,0x01,0x01,0x01}},
    {REGFLAG_CMD, 4, {0xA4,0x00,0x02,0x00}},
    {REGFLAG_CMD, 4, {0xA5,0x00,0x0F,0x00}},
    {REGFLAG_CMD, 4, {0xA6,0x00,0x04,0x00}},
    {REGFLAG_CMD, 4, {0xA7,0x09,0x0C,0x00}},
    {REGFLAG_CMD, 4, {0xA8,0x04,0x05,0x01}},
    {REGFLAG_CMD, 4, {0xA9,0x02,0x03,0x01}},
    {REGFLAG_CMD, 4, {0xAA,0x08,0x08,0x02}},
    {REGFLAG_CMD, 4, {0xAB,0x03,0x02,0x03}},
    {REGFLAG_CMD, 4, {0xAC,0x03,0x01,0x02}},
    {REGFLAG_CMD, 4, {0xAD,0x01,0x00,0x00}},
    {REGFLAG_CMD, 4, {0xAE,0x0C,0x09,0x0A}},
    {REGFLAG_CMD, 4, {0xAF,0x08,0x06,0x07}},
    {REGFLAG_CMD, 4, {0xB0,0x07,0x05,0x05}},
    {REGFLAG_CMD, 4, {0xB1,0x05,0x05,0x05}},
    {REGFLAG_CMD, 4, {0xB2,0x03,0x03,0x03}},
    {REGFLAG_CMD, 4, {0xB3,0x14,0x15,0x11}},
    {REGFLAG_CMD, 4, {0xB4,0x0F,0x0F,0x0D}},
    {REGFLAG_CMD, 4, {0xB5,0x0E,0x0E,0x0C}},
    {REGFLAG_CMD, 4, {0xB6,0x0C,0x0D,0x0B}},
    {REGFLAG_CMD, 4, {0xB7,0x08,0x09,0x07}},
    {REGFLAG_CMD, 4, {0xB8,0x02,0x03,0x03}},
    {REGFLAG_CMD, 4, {0xB9,0x22,0x23,0x22}},
    {REGFLAG_CMD, 4, {0xBA,0x1C,0x1D,0x1C}},
    {REGFLAG_CMD, 4, {0xBB,0x15,0x16,0x15}},
    {REGFLAG_CMD, 4, {0xBC,0x13,0x14,0x13}},
    {REGFLAG_CMD, 4, {0xBD,0x0D,0x0E,0x0D}},
    {REGFLAG_CMD, 4, {0xBE,0x05,0x06,0x07}},
    {REGFLAG_CMD, 4, {0xBF,0x02,0x03,0x02}},
    {REGFLAG_CMD, 4, {0xC0,0x23,0x24,0x23}},
    {REGFLAG_CMD, 4, {0xC1,0x20,0x22,0x21}},
    {REGFLAG_CMD, 4, {0xC2,0x18,0x1A,0x19}},
    {REGFLAG_CMD, 4, {0xC3,0x15,0x16,0x14}},
    {REGFLAG_CMD, 4, {0xC4,0x10,0x12,0x10}},
    {REGFLAG_CMD, 4, {0xC5,0x09,0x09,0x09}},
    {REGFLAG_CMD, 4, {0xC6,0x04,0x04,0x04}},
    {REGFLAG_CMD, 4, {0xC7,0x02,0x02,0x02}},
    {REGFLAG_CMD, 4, {0xC8,0x00,0x00,0x00}},
    {REGFLAG_CMD, 4, {0xC9,0x00,0x00,0x00}},
    {REGFLAG_CMD, 4, {0xCA,0x00,0x00,0x00}},
    {REGFLAG_CMD, 4, {0xCB,0x02,0x08,0x02}},
    {REGFLAG_CMD, 4, {0xCC,0x01,0x01,0x00}},
    {REGFLAG_CMD, 4, {0xCD,0x01,0x01,0x00}},
    {REGFLAG_CMD, 4, {0xCE,0x16,0x37,0x0F}},
    {REGFLAG_CMD, 4, {0xCF,0x0C,0x0C,0x06}},
    {REGFLAG_CMD, 4, {0xD0,0x0A,0x09,0x01}},
    {REGFLAG_CMD, 4, {0xD1,0x07,0x07,0x06}},
    {REGFLAG_CMD, 4, {0xD2,0x21,0x1F,0x0A}},
    {REGFLAG_CMD, 4, {0xD3,0x10,0x10,0x05}},
    {REGFLAG_CMD, 4, {0xD4,0x0E,0x0E,0x04}},
    {REGFLAG_CMD, 4, {0xD5,0x0B,0x0A,0x01}},
    {REGFLAG_CMD, 4, {0xD6,0x06,0x04,0x03}},
    {REGFLAG_CMD, 4, {0xD7,0x1F,0x14,0x0F}},
    {REGFLAG_CMD, 4, {0xD8,0x11,0x0B,0x07}},
    {REGFLAG_CMD, 4, {0xD9,0x0E,0x0A,0x06}},
    {REGFLAG_CMD, 4, {0xDA,0x0C,0x09,0x05}},
    {REGFLAG_CMD, 4, {0xDB,0x09,0x06,0x05}},
    {REGFLAG_CMD, 4, {0xDC,0x02,0x02,0x02}},
    {REGFLAG_CMD, 4, {0xDD,0x1C,0x1C,0x1D}},
    {REGFLAG_CMD, 4, {0xDE,0x13,0x14,0x14}},
    {REGFLAG_CMD, 4, {0xDF,0x12,0x12,0x11}},
    {REGFLAG_CMD, 4, {0xE0,0x10,0x0F,0x11}},
    {REGFLAG_CMD, 4, {0xE1,0x0C,0x0D,0x0E}},
    {REGFLAG_CMD, 4, {0xE2,0x05,0x04,0x04}},
    {REGFLAG_CMD, 4, {0xE3,0x01,0x02,0x01}},
    {REGFLAG_CMD, 4, {0xE4,0x1F,0x20,0x0A}},
    {REGFLAG_CMD, 4, {0xE5,0x16,0x18,0x16}},
    {REGFLAG_CMD, 4, {0xE6,0x14,0x16,0x14}},
    {REGFLAG_CMD, 4, {0xE7,0x10,0x11,0x10}},
    {REGFLAG_CMD, 4, {0xE8,0x0C,0x0D,0x0C}},
    {REGFLAG_CMD, 4, {0xE9,0x09,0x0A,0x09}},
    {REGFLAG_CMD, 4, {0xEA,0x04,0x04,0x04}},
    {REGFLAG_CMD, 4, {0xEB,0x02,0x02,0x02}},
    {REGFLAG_CMD, 4, {0xFF,0x5A,0xA5,0x5B}},
    {REGFLAG_CMD, 4, {0x80,0x00,0x07,0x00}},
    {REGFLAG_CMD, 4, {0x81,0x04,0x05,0x00}},
    {REGFLAG_CMD, 4, {0x82,0x01,0x01,0x00}},
    {REGFLAG_CMD, 4, {0x83,0x03,0x03,0x01}},
    {REGFLAG_CMD, 4, {0x84,0x01,0x00,0x01}},
    {REGFLAG_CMD, 4, {0x85,0x00,0x00,0x00}},
    {REGFLAG_CMD, 4, {0x86,0x05,0x04,0x03}},
    {REGFLAG_CMD, 4, {0x87,0x03,0x02,0x02}},
    {REGFLAG_CMD, 4, {0x88,0x02,0x02,0x02}},
    {REGFLAG_CMD, 4, {0x89,0x01,0x01,0x01}},
    {REGFLAG_CMD, 4, {0x8A,0x0C,0x0E,0x0A}},
    {REGFLAG_CMD, 4, {0x8B,0x09,0x0A,0x08}},
    {REGFLAG_CMD, 4, {0x8C,0x08,0x09,0x07}},
    {REGFLAG_CMD, 4, {0x8D,0x06,0x07,0x05}},
    {REGFLAG_CMD, 4, {0x8E,0x02,0x03,0x02}},
    {REGFLAG_CMD, 4, {0x8F,0x17,0x18,0x15}},
    {REGFLAG_CMD, 4, {0x90,0x12,0x12,0x10}},
    {REGFLAG_CMD, 4, {0x91,0x10,0x10,0x0E}},
    {REGFLAG_CMD, 4, {0x92,0x0D,0x0D,0x0C}},
    {REGFLAG_CMD, 4, {0x93,0x07,0x07,0x07}},
    {REGFLAG_CMD, 4, {0x94,0x02,0x02,0x02}},
    {REGFLAG_CMD, 4, {0x95,0x22,0x23,0x23}},
    {REGFLAG_CMD, 4, {0x96,0x1C,0x1D,0x1D}},
    {REGFLAG_CMD, 4, {0x97,0x17,0x18,0x18}},
    {REGFLAG_CMD, 4, {0x98,0x13,0x14,0x14}},
    {REGFLAG_CMD, 4, {0x99,0x0D,0x0E,0x0E}},
    {REGFLAG_CMD, 4, {0x9A,0x04,0x05,0x05}},
    {REGFLAG_CMD, 4, {0x9B,0x02,0x02,0x02}},
    {REGFLAG_CMD, 4, {0x9C,0x24,0x26,0x23}},
    {REGFLAG_CMD, 4, {0x9D,0x20,0x24,0x21}},
    {REGFLAG_CMD, 4, {0x9E,0x1C,0x1D,0x1C}},
    {REGFLAG_CMD, 4, {0x9F,0x16,0x16,0x15}},
    {REGFLAG_CMD, 4, {0xA0,0x10,0x10,0x10}},
    {REGFLAG_CMD, 4, {0xA1,0x08,0x08,0x08}},
    {REGFLAG_CMD, 4, {0xA2,0x04,0x04,0x04}},
    {REGFLAG_CMD, 4, {0xA3,0x02,0x02,0x02}},
    {REGFLAG_CMD, 4, {0xA4,0x04,0x07,0x00}},
    {REGFLAG_CMD, 4, {0xA5,0x04,0x04,0x01}},
    {REGFLAG_CMD, 4, {0xA6,0x00,0x00,0x01}},
    {REGFLAG_CMD, 4, {0xA7,0x03,0x02,0x01}},
    {REGFLAG_CMD, 4, {0xA8,0x01,0x00,0x00}},
    {REGFLAG_CMD, 4, {0xA9,0x00,0x00,0x00}},
    {REGFLAG_CMD, 4, {0xAA,0x05,0x05,0x04}},
    {REGFLAG_CMD, 4, {0xAB,0x03,0x03,0x02}},
    {REGFLAG_CMD, 4, {0xAC,0x02,0x02,0x02}},
    {REGFLAG_CMD, 4, {0xAD,0x01,0x01,0x01}},
    {REGFLAG_CMD, 4, {0xAE,0x00,0x00,0x00}},
    {REGFLAG_CMD, 4, {0xAF,0x0A,0x0A,0x08}},
    {REGFLAG_CMD, 4, {0xB0,0x08,0x09,0x07}},
    {REGFLAG_CMD, 4, {0xB1,0x06,0x07,0x05}},
    {REGFLAG_CMD, 4, {0xB2,0x03,0x03,0x02}},
    {REGFLAG_CMD, 4, {0xB3,0x17,0x19,0x15}},
    {REGFLAG_CMD, 4, {0xB4,0x11,0x13,0x10}},
    {REGFLAG_CMD, 4, {0xB5,0x10,0x11,0x0E}},
    {REGFLAG_CMD, 4, {0xB6,0x0C,0x0D,0x0B}},
    {REGFLAG_CMD, 4, {0xB7,0x06,0x07,0x07}},
    {REGFLAG_CMD, 4, {0xB8,0x02,0x02,0x02}},
    {REGFLAG_CMD, 4, {0xB9,0x1E,0x1F,0x1F}},
    {REGFLAG_CMD, 4, {0xBA,0x19,0x19,0x18}},
    {REGFLAG_CMD, 4, {0xBB,0x16,0x16,0x15}},
    {REGFLAG_CMD, 4, {0xBC,0x12,0x13,0x13}},
    {REGFLAG_CMD, 4, {0xBD,0x0E,0x0F,0x0F}},
    {REGFLAG_CMD, 4, {0xBE,0x06,0x06,0x05}},
    {REGFLAG_CMD, 4, {0xBF,0x03,0x03,0x03}},
    {REGFLAG_CMD, 4, {0xC0,0x22,0x23,0x23}},
    {REGFLAG_CMD, 4, {0xC1,0x1F,0x20,0x20}},
    {REGFLAG_CMD, 4, {0xC2,0x1F,0x1E,0x1D}},
    {REGFLAG_CMD, 4, {0xC3,0x1A,0x1B,0x1C}},
    {REGFLAG_CMD, 4, {0xC4,0x14,0x15,0x15}},
    {REGFLAG_CMD, 4, {0xC5,0x08,0x08,0x08}},
    {REGFLAG_CMD, 4, {0xC6,0x04,0x04,0x04}},
    {REGFLAG_CMD, 4, {0xC7,0x02,0x02,0x02}},
    {REGFLAG_CMD, 4, {0xC8,0x00,0x07,0x00}},
    {REGFLAG_CMD, 4, {0xC9,0x03,0x03,0x01}},
    {REGFLAG_CMD, 4, {0xCA,0x00,0x00,0x00}},
    {REGFLAG_CMD, 4, {0xCB,0x04,0x03,0x01}},
    {REGFLAG_CMD, 4, {0xCC,0x01,0x00,0x00}},
    {REGFLAG_CMD, 4, {0xCD,0x00,0x00,0x00}},
    {REGFLAG_CMD, 4, {0xCE,0x04,0x03,0x01}},
    {REGFLAG_CMD, 4, {0xCF,0x02,0x01,0x00}},
    {REGFLAG_CMD, 4, {0xD0,0x01,0x01,0x01}},
    {REGFLAG_CMD, 4, {0xD1,0x00,0x00,0x00}},
    {REGFLAG_CMD, 4, {0xD2,0x06,0x06,0x05}},
    {REGFLAG_CMD, 4, {0xD3,0x03,0x02,0x03}},
    {REGFLAG_CMD, 4, {0xD4,0x03,0x02,0x03}},
    {REGFLAG_CMD, 4, {0xD5,0x02,0x02,0x02}},
    {REGFLAG_CMD, 4, {0xD6,0x00,0x00,0x00}},
    {REGFLAG_CMD, 4, {0xD7,0x0A,0x0A,0x09}},
    {REGFLAG_CMD, 4, {0xD8,0x07,0x06,0x06}},
    {REGFLAG_CMD, 4, {0xD9,0x06,0x06,0x06}},
    {REGFLAG_CMD, 4, {0xDA,0x05,0x05,0x05}},
    {REGFLAG_CMD, 4, {0xDB,0x04,0x04,0x04}},
    {REGFLAG_CMD, 4, {0xDC,0x02,0x01,0x01}},
    {REGFLAG_CMD, 4, {0xDD,0x16,0x18,0x18}},
    {REGFLAG_CMD, 4, {0xDE,0x14,0x16,0x15}},
    {REGFLAG_CMD, 4, {0xDF,0x12,0x14,0x13}},
    {REGFLAG_CMD, 4, {0xE0,0x0A,0x0B,0x0A}},
    {REGFLAG_CMD, 4, {0xE1,0x07,0x07,0x08}},
    {REGFLAG_CMD, 4, {0xE2,0x05,0x06,0x04}},
    {REGFLAG_CMD, 4, {0xE3,0x02,0x02,0x02}},
    {REGFLAG_CMD, 4, {0xE4,0x1A,0x1A,0x1D}},
    {REGFLAG_CMD, 4, {0xE5,0x16,0x18,0x17}},
    {REGFLAG_CMD, 4, {0xE6,0x14,0x16,0x15}},
    {REGFLAG_CMD, 4, {0xE7,0x0D,0x0E,0x0D}},
    {REGFLAG_CMD, 4, {0xE8,0x0A,0x0B,0x0C}},
    {REGFLAG_CMD, 4, {0xE9,0x09,0x09,0x08}},
    {REGFLAG_CMD, 4, {0xEA,0x06,0x06,0x06}},
    {REGFLAG_CMD, 4, {0xEB,0x03,0x03,0x03}},
    {REGFLAG_CMD, 4, {0xFF,0x5A,0xA5,0x5C}},
    {REGFLAG_CMD, 4, {0x80,0x00,0x07,0x00}},
    {REGFLAG_CMD, 4, {0x81,0x05,0x06,0x03}},
    {REGFLAG_CMD, 4, {0x82,0x01,0x01,0x00}},
    {REGFLAG_CMD, 4, {0x83,0x04,0x04,0x02}},
    {REGFLAG_CMD, 4, {0x84,0x01,0x00,0x00}},
    {REGFLAG_CMD, 4, {0x85,0x00,0x00,0x00}},
    {REGFLAG_CMD, 4, {0x86,0x05,0x04,0x03}},
    {REGFLAG_CMD, 4, {0x87,0x02,0x02,0x01}},
    {REGFLAG_CMD, 4, {0x88,0x01,0x01,0x01}},
    {REGFLAG_CMD, 4, {0x89,0x01,0x01,0x01}},
    {REGFLAG_CMD, 4, {0x8A,0x0B,0x0B,0x0A}},
    {REGFLAG_CMD, 4, {0x8B,0x06,0x06,0x07}},
    {REGFLAG_CMD, 4, {0x8C,0x06,0x06,0x06}},
    {REGFLAG_CMD, 4, {0x8D,0x04,0x04,0x05}},
    {REGFLAG_CMD, 4, {0x8E,0x02,0x02,0x02}},
    {REGFLAG_CMD, 4, {0x8F,0x13,0x13,0x12}},
    {REGFLAG_CMD, 4, {0x90,0x0C,0x0A,0x0B}},
    {REGFLAG_CMD, 4, {0x91,0x0A,0x08,0x09}},
    {REGFLAG_CMD, 4, {0x92,0x07,0x06,0x07}},
    {REGFLAG_CMD, 4, {0x93,0x03,0x03,0x03}},
    {REGFLAG_CMD, 4, {0x94,0x02,0x02,0x02}},
    {REGFLAG_CMD, 4, {0x95,0x17,0x16,0x15}},
    {REGFLAG_CMD, 4, {0x96,0x15,0x14,0x13}},
    {REGFLAG_CMD, 4, {0x97,0x11,0x10,0x10}},
    {REGFLAG_CMD, 4, {0x98,0x0B,0x0D,0x0C}},
    {REGFLAG_CMD, 4, {0x99,0x06,0x05,0x06}},
    {REGFLAG_CMD, 4, {0x9A,0x03,0x03,0x03}},
    {REGFLAG_CMD, 4, {0x9B,0x02,0x02,0x02}},
    {REGFLAG_CMD, 4, {0x9C,0x22,0x23,0x21}},
    {REGFLAG_CMD, 4, {0x9D,0x20,0x21,0x20}},
    {REGFLAG_CMD, 4, {0x9E,0x1C,0x1D,0x1F}},
    {REGFLAG_CMD, 4, {0x9F,0x16,0x15,0x14}},
    {REGFLAG_CMD, 4, {0xA0,0x11,0x12,0x11}},
    {REGFLAG_CMD, 4, {0xA1,0x0A,0x0C,0x0B}},
    {REGFLAG_CMD, 4, {0xA2,0x05,0x04,0x05}},
    {REGFLAG_CMD, 4, {0xA3,0x03,0x03,0x03}},
    {REGFLAG_CMD, 4, {0xA4,0x01,0x01,0x00}},
    {REGFLAG_CMD, 4, {0xA5,0x01,0x01,0x00}},
    {REGFLAG_CMD, 4, {0xA6,0x00,0x00,0x00}},
    {REGFLAG_CMD, 4, {0xA7,0x01,0x01,0x00}},
    {REGFLAG_CMD, 4, {0xA8,0x00,0x00,0x00}},
    {REGFLAG_CMD, 4, {0xA9,0x00,0x00,0x00}},
    {REGFLAG_CMD, 4, {0xAA,0x02,0x02,0x02}},
    {REGFLAG_CMD, 4, {0xAB,0x01,0x01,0x01}},
    {REGFLAG_CMD, 4, {0xAC,0x01,0x01,0x01}},
    {REGFLAG_CMD, 4, {0xAD,0x00,0x00,0x00}},
    {REGFLAG_CMD, 4, {0xAE,0x06,0x06,0x06}},
    {REGFLAG_CMD, 4, {0xAF,0x04,0x04,0x04}},
    {REGFLAG_CMD, 4, {0xB0,0x03,0x03,0x03}},
    {REGFLAG_CMD, 4, {0xB1,0x02,0x02,0x02}},
    {REGFLAG_CMD, 4, {0xB2,0x01,0x01,0x01}},
    {REGFLAG_CMD, 4, {0xB3,0x10,0x12,0x11}},
    {REGFLAG_CMD, 4, {0xB4,0x11,0x12,0x13}},
    {REGFLAG_CMD, 4, {0xB5,0x0E,0x0C,0x0E}},
    {REGFLAG_CMD, 4, {0xB6,0x09,0x08,0x08}},
    {REGFLAG_CMD, 4, {0xB7,0x03,0x02,0x03}},
    {REGFLAG_CMD, 4, {0xB8,0x01,0x01,0x02}},
    {REGFLAG_CMD, 4, {0xB9,0x14,0x13,0x12}},
    {REGFLAG_CMD, 4, {0xBA,0x12,0x11,0x11}},
    {REGFLAG_CMD, 4, {0xBB,0x0F,0x0E,0x0E}},
    {REGFLAG_CMD, 4, {0xBC,0x0C,0x0C,0x0B}},
    {REGFLAG_CMD, 4, {0xBD,0x08,0x07,0x08}},
    {REGFLAG_CMD, 4, {0xBE,0x03,0x02,0x02}},
    {REGFLAG_CMD, 4, {0xBF,0x02,0x01,0x02}},
    {REGFLAG_CMD, 4, {0xC0,0x30,0x34,0x36}},
    {REGFLAG_CMD, 4, {0xC1,0x2A,0x2F,0x30}},
    {REGFLAG_CMD, 4, {0xC2,0x24,0x26,0x28}},
    {REGFLAG_CMD, 4, {0xC3,0x18,0x1A,0x1D}},
    {REGFLAG_CMD, 4, {0xC4,0x0D,0x10,0x10}},
    {REGFLAG_CMD, 4, {0xC5,0x0A,0x0B,0x0D}},
    {REGFLAG_CMD, 4, {0xC6,0x06,0x06,0x08}},
    {REGFLAG_CMD, 4, {0xC7,0x05,0x06,0x05}},
    {REGFLAG_CMD, 4, {0xC8,0x00,0x00,0x00}},
    {REGFLAG_CMD, 4, {0xC9,0x00,0x00,0x00}},
    {REGFLAG_CMD, 4, {0xCA,0x00,0x00,0x00}},
    {REGFLAG_CMD, 4, {0xCB,0x00,0x00,0x00}},
    {REGFLAG_CMD, 4, {0xCC,0x00,0x00,0x00}},
    {REGFLAG_CMD, 4, {0xCD,0x00,0x00,0x00}},
    {REGFLAG_CMD, 4, {0xCE,0x00,0x00,0x00}},
    {REGFLAG_CMD, 4, {0xCF,0x00,0x00,0x00}},
    {REGFLAG_CMD, 4, {0xFF,0x5A,0xA5,0x03}},
    {REGFLAG_CMD, 6, {0x90,0x01,0x80,0x21,0x40,0x35}},
    {REGFLAG_CMD, 7, {0x92,0x00,0x00,0x00,0x00,0x00,0x00}},
    {REGFLAG_CMD, 4, {0xFF,0x5A,0xA5,0x00}},
    {REGFLAG_CMD, 1, {0x29}},
    {REGFLAG_CMD, 4, {0xFF,0x5A,0xA5,0x53}},
    {REGFLAG_CMD, 2, {0xF0,0x01}},
    {REGFLAG_CMD, 4, {0xFF,0x5A,0xA5,0x00}},
    {REGFLAG_CMD, 2, {0x00,0x00}},
    {REGFLAG_CMD, 2, {0x00,0x00}},
    {REGFLAG_CMD, 4, {0xFF,0x5A,0xA5,0x63}},
    {REGFLAG_CMD, 17, {0xF1,0x20,0x20,0x20,0x20,0x20,0x20,0x20,0x20,0x20,0x20,0x00,0x00,0x00,0x00,0x00,0x00}},
    {REGFLAG_CMD, 17, {0xF2,0x00,0x00,0x00,0x00,0x00,0x00,0x00,0x00,0x00,0x00,0x00,0x00,0x00,0x00,0x00,0x00}},
    {REGFLAG_CMD, 17, {0xF3,0x00,0x00,0x00,0x00,0x00,0x00,0x00,0x00,0x00,0x00,0x00,0x00,0x00,0x00,0x00,0x00}},
    {REGFLAG_CMD, 17, {0xF4,0xF0,0xF0,0xF0,0xF0,0xF0,0xF0,0xF0,0xF0,0xF0,0xF0,0x00,0x00,0x00,0x00,0x00,0x00}},
    {REGFLAG_CMD, 4, {0xFF,0x5A,0xA5,0x00}},
    {REGFLAG_CMD, 2, {0x00,0x00}},
    {REGFLAG_CMD, 2, {0x00,0x00}},
    {REGFLAG_CMD, 4, {0xFF,0x5A,0xA5,0x53}},
    {REGFLAG_CMD, 2, {0xF0,0x00}},
    {REGFLAG_CMD, 4, {0xFF,0x5A,0xA5,0x2D}},
    {REGFLAG_CMD, 3, {0x84,0x00,0x00}},
    {REGFLAG_CMD, 2, {0xF2,0x00}},
    {REGFLAG_CMD, 4, {0xFF,0x5A,0xA5,0x00}},
    {REGFLAG_CMD, 2, {0x60,0x01}},
    {REGFLAG_CMD, 4, {0xFF,0x5A,0xA5,0x00}},
    {REGFLAG_CMD, 4, {0xFF,0x5A,0xA5,0x4E}},
    {REGFLAG_CMD, 91, {0xCF,0x00,0x39,0x39,0x39,0x39,0x39,0x08,0x88,0x88,0x00,0x00,0x00,0x00,0x00,0x00,0x00,0x00,0x00,0x00,0x39,0x39,0x39,0x39,0x39,0x08,0x88,0x88,0x00,0x00,
    	0x00,0x00,0x00,0x00,0x00,0x00,0x00,0x00,0x39,0x39,0x39,0x39,0x39,0x08,0x88,0x88,0x00,0x00,0x00,0x00,0x00,0x00,0x00,0x00,0x00,0x00,0x1E,0x1E,0x1E,0x1E,0x1E,0x08,0x88,
    	0x88,0x00,0x00,0x00,0x00,0x00,0x00,0x00,0x00,0x00,0x00,0x1E,0x1E,0x1E,0x1E,0x1E,0x08,0x88,0x88,0x00,0x00,0x00,0x00,0x00,0x00,0x00,0x00,0x00}},
    {REGFLAG_CMD, 91, {0xD0,0x00,0x0C,0x0C,0x0C,0x0C,0x0C,0x08,0x88,0x88,0x00,0x00,0x00,0x00,0x00,0x00,0x00,0x00,0x00,0x00,0x0C,0x0C,0x0C,0x0C,0x0C,0x08,0x88,0x88,0x00,0x00,
    	0x00,0x00,0x00,0x00,0x00,0x00,0x00,0x00,0x0C,0x0C,0x0C,0x0C,0x0C,0x08,0x88,0x88,0x00,0x00,0x00,0x00,0x00,0x00,0x00,0x00,0x00,0x00,0x0A,0x0A,0x0A,0x0A,0x0A,0x08,0x88,
    	0x88,0x00,0x00,0x00,0x00,0x00,0x00,0x00,0x00,0x00,0x00,0x0A,0x0A,0x0A,0x0A,0x0A,0x08,0x88,0x88,0x00,0x00,0x00,0x00,0x00,0x00,0x00,0x00,0x00}},
    {REGFLAG_CMD, 4, {0xFF,0x5A,0xA5,0x00}},
};

/* ------------------------- common parameters ------------------------- */

/* --------------- panel common --------------- */
#ifdef OPLUS_FEATURE_DISPLAY_ONSCREENFINGERPRINT
/* aod/fod command */
struct LCM_setting_table aod_on_cmd[] = {
	{REGFLAG_CMD, 4, {0xFF,0x5A,0xA5,0x4E}},
	{REGFLAG_CMD, 91, {0xCF,0x00,0x00,0x00,0x00,0x00,0x00,0x00,0x00,0x00,0x00,0x00,0x00,0x00,0x00,0x00,0x00,0x00,0x00,0x00,0x00,0x00,0x00,0x00,0x00,0x00,0x00,0x00,0x00,0x00,
    	0x00,0x00,0x00,0x00,0x00,0x00,0x00,0x00,0x00,0x00,0x00,0x00,0x00,0x00,0x00,0x00,0x00,0x00,0x00,0x00,0x00,0x00,0x00,0x00,0x00,0x00,0x00,0x00,0x00,0x00,0x00,0x00,0x00,
		0x00,0x00,0x00,0x00,0x00,0x00,0x00,0x00,0x00,0x00,0x00,0x00,0x00,0x00,0x00,0x00,0x00,0x00,0x00,0x00,0x00,0x00,0x00,0x00,0x00,0x00,0x00,0x00}},
	{REGFLAG_CMD, 91, {0xD0,0x00,0x00,0x00,0x00,0x00,0x00,0x00,0x00,0x00,0x00,0x00,0x00,0x00,0x00,0x00,0x00,0x00,0x00,0x00,0x00,0x00,0x00,0x00,0x00,0x00,0x00,0x00,0x00,0x00,
    	0x00,0x00,0x00,0x00,0x00,0x00,0x00,0x00,0x00,0x00,0x00,0x00,0x00,0x00,0x00,0x00,0x00,0x00,0x00,0x00,0x00,0x00,0x00,0x00,0x00,0x00,0x00,0x00,0x00,0x00,0x00,0x00,0x00,
		0x00,0x00,0x00,0x00,0x00,0x00,0x00,0x00,0x00,0x00,0x00,0x00,0x00,0x00,0x00,0x00,0x00,0x00,0x00,0x00,0x00,0x00,0x00,0x00,0x00,0x00,0x00,0x00}},
	/* AOD Mode ON */
	{REGFLAG_CMD, 4, {0xFF,0x5A,0xA5,0x08}},
	{REGFLAG_CMD, 2, {0x98,0x02}},
	{REGFLAG_CMD, 4, {0xFF,0x5A,0xA5,0x4F}},
	{REGFLAG_CMD, 2, {0x81,0x06}},
	{REGFLAG_CMD, 2, {0x88,0x78}},
	{REGFLAG_CMD, 4, {0xFF,0x5A,0xA5,0x02}},
	{REGFLAG_CMD, 3, {0xAB,0x00,0x00}}, // TE Shift OFF
	{REGFLAG_CMD, 4, {0xFF,0x5A,0xA5,0x20}},
	{REGFLAG_CMD, 2, {0xBD,0x06}},
	{REGFLAG_CMD, 4, {0xFF,0x5A,0xA5,0x00}},
	{REGFLAG_CMD, 2, {0x39,0x00}},
	{REGFLAG_CMD, 4, {0xFF,0x5A,0xA5,0x4E}},
	{REGFLAG_CMD, 2, {0x85,0x0F}},
	{REGFLAG_CMD, 4, {0xFF,0x5A,0xA5,0x51}},
	{REGFLAG_CMD, 6, {0x80,0x20,0x20,0x20,0x20,0x22}},
	{REGFLAG_CMD, 2, {0xFE,0x22}},
	{REGFLAG_CMD, 6, {0x81,0x20,0x20,0x20,0x20,0x22}},
	{REGFLAG_CMD, 2, {0xFE,0x22}},
	{REGFLAG_CMD, 6, {0x82,0x20,0x20,0x20,0x20,0x22}},
	{REGFLAG_CMD, 2, {0xFE,0x22}},
	{REGFLAG_CMD, 6, {0x83,0x20,0x20,0x20,0x20,0x22}},
	{REGFLAG_CMD, 2, {0xFE,0x22}},
	{REGFLAG_CMD, 6, {0x84,0x20,0x20,0x20,0x20,0x22}},
	{REGFLAG_CMD, 2, {0xFE,0x22}},
	{REGFLAG_CMD, 6, {0x85,0x20,0x20,0x20,0x20,0x22}},
	{REGFLAG_CMD, 2, {0xFE,0x22}},
	{REGFLAG_CMD, 6, {0x86,0x20,0x20,0x20,0x20,0x22}},
	{REGFLAG_CMD, 2, {0xFE,0x22}},
	{REGFLAG_CMD, 6, {0x87,0x20,0x20,0x00,0x00,0x22}},
	{REGFLAG_CMD, 2, {0xFE,0x00}},
	{REGFLAG_CMD, 6, {0xA0,0x23,0x23,0x23,0x23,0x22}},
	{REGFLAG_CMD, 2, {0xFE,0x22}},
	{REGFLAG_CMD, 6, {0xA1,0x23,0x23,0x23,0x23,0x22}},
	{REGFLAG_CMD, 2, {0xFE,0x22}},
	{REGFLAG_CMD, 6, {0xA2,0x23,0x23,0x23,0x23,0x22}},
	{REGFLAG_CMD, 2, {0xFE,0x22}},
	{REGFLAG_CMD, 6, {0xA3,0x23,0x23,0x23,0x23,0x22}},
	{REGFLAG_CMD, 2, {0xFE,0x22}},
	{REGFLAG_CMD, 6, {0xA4,0x23,0x23,0x23,0x23,0x22}},
	{REGFLAG_CMD, 2, {0xFE,0x22}},
	{REGFLAG_CMD, 6, {0xA5,0x23,0x23,0x23,0x23,0x22}},
	{REGFLAG_CMD, 2, {0xFE,0x22}},
	{REGFLAG_CMD, 6, {0xA6,0x23,0x23,0x23,0x23,0x22}},
	{REGFLAG_CMD, 2, {0xFE,0x22}},
	{REGFLAG_CMD, 6, {0xA7,0x23,0x23,0x00,0x00,0x22}},
	{REGFLAG_CMD, 2, {0xFE,0x00}},
	{REGFLAG_CMD, 4, {0xFF,0x5A,0xA5,0x00}},
	{REGFLAG_CMD, 5, {0x51,0x7F,0xFF,0x0D,0xBB}},
	{REGFLAG_CMD, 4, {0xFF,0x5A,0xA5,0x08}},
	{REGFLAG_CMD, 2, {0x98,0xA6}},
	{REGFLAG_CMD, 4, {0xFF,0x5A,0xA5,0x00}},
	{REGFLAG_CMD, 2, {0x00,0x00}},
	{REGFLAG_CMD, 4, {0xFF,0x5A,0xA5,0x4F}},
	{REGFLAG_CMD, 2, {0x8B,0x78}},
	{REGFLAG_CMD, 4, {0xFF,0x5A,0xA5,0x00}},
	{REGFLAG_DELAY, 30, {}},
};

struct LCM_setting_table aod_off_cmd_60hz[] = {
	{REGFLAG_CMD, 4, {0xFF,0x5A,0xA5,0x08}},
	{REGFLAG_CMD, 2, {0x98,0x02}},
	{REGFLAG_CMD, 4, {0xFF,0x5A,0xA5,0x4F}},
	{REGFLAG_CMD, 2, {0x81,0x06}},
	{REGFLAG_CMD, 2, {0x88,0x78}},
	{REGFLAG_CMD, 4, {0xFF,0x5A,0xA5,0x00}},
	{REGFLAG_CMD, 5, {0x51,0x00,0x00,0x00,0x00}},
	{REGFLAG_CMD, 4, {0xFF,0x5A,0xA5,0x02}},
	{REGFLAG_CMD, 3, {0xAB,0xAF,0x82}}, // TE Shift ON
	{REGFLAG_CMD, 4, {0xFF,0x5A,0xA5,0x20}},
	{REGFLAG_CMD, 2, {0xBD,0x06}},
	{REGFLAG_CMD, 4, {0xFF,0x5A,0xA5,0x00}},
	{REGFLAG_CMD, 2, {0x38,0x00}},
	{REGFLAG_CMD, 4, {0xFF,0x5A,0xA5,0x4E}},
	{REGFLAG_CMD, 2, {0x85,0x2F}},
	{REGFLAG_CMD, 4, {0xFF,0x5A,0xA5,0x51}},
	{REGFLAG_CMD, 6, {0x80,0xD4,0xD4,0xD4,0xD4,0x22}},
	{REGFLAG_CMD, 2, {0xFE,0x22}},
	{REGFLAG_CMD, 6, {0x81,0xD4,0xD4,0xD4,0xD4,0x22}},
	{REGFLAG_CMD, 2, {0xFE,0x22}},
	{REGFLAG_CMD, 6, {0x82,0xD4,0xD4,0xD4,0xD4,0x22}},
	{REGFLAG_CMD, 2, {0xFE,0x22}},
	{REGFLAG_CMD, 6, {0x83,0xD4,0xD4,0xD4,0xD4,0x22}},
	{REGFLAG_CMD, 2, {0xFE,0x22}},
	{REGFLAG_CMD, 6, {0x84,0xD4,0xD4,0xD4,0xD4,0x22}},
	{REGFLAG_CMD, 2, {0xFE,0x22}},
	{REGFLAG_CMD, 6, {0x85,0xD4,0xD4,0xD4,0xD4,0x22}},
	{REGFLAG_CMD, 2, {0xFE,0x22}},
	{REGFLAG_CMD, 6, {0x86,0xD4,0xD4,0xD4,0xD4,0x22}},
	{REGFLAG_CMD, 2, {0xFE,0x22}},
	{REGFLAG_CMD, 6, {0x87,0xD4,0xD4,0x00,0x00,0x22}},
	{REGFLAG_CMD, 2, {0xFE,0x00}},
	{REGFLAG_CMD, 6, {0xA0,0xD4,0xD4,0xD4,0xD4,0x22}},
	{REGFLAG_CMD, 2, {0xFE,0x22}},
	{REGFLAG_CMD, 6, {0xA1,0xD4,0xD4,0xD4,0xD4,0x22}},
	{REGFLAG_CMD, 2, {0xFE,0x22}},
	{REGFLAG_CMD, 6, {0xA2,0xD4,0xD4,0xD4,0xD4,0x22}},
	{REGFLAG_CMD, 2, {0xFE,0x22}},
	{REGFLAG_CMD, 6, {0xA3,0xD4,0xD4,0xD4,0xD4,0x22}},
	{REGFLAG_CMD, 2, {0xFE,0x22}},
	{REGFLAG_CMD, 6, {0xA4,0xD4,0xD4,0xD4,0xD4,0x22}},
	{REGFLAG_CMD, 2, {0xFE,0x22}},
	{REGFLAG_CMD, 6, {0xA5,0xD4,0xD4,0xD4,0xD4,0x22}},
	{REGFLAG_CMD, 2, {0xFE,0x22}},
	{REGFLAG_CMD, 6, {0xA6,0xD4,0xD4,0xD4,0xD4,0x22}},
	{REGFLAG_CMD, 2, {0xFE,0x22}},
	{REGFLAG_CMD, 6, {0xA7,0xD4,0xD4,0x00,0x00,0x22}},
	{REGFLAG_CMD, 2, {0xFE,0x00}},
	{REGFLAG_CMD, 4, {0xFF,0x5A,0xA5,0x08}},
	{REGFLAG_CMD, 2, {0x98,0xA6}},
	{REGFLAG_CMD, 4, {0xFF,0x5A,0xA5,0x00}},
	{REGFLAG_CMD, 2, {0x00,0x00}},
	{REGFLAG_CMD, 4, {0xFF,0x5A,0xA5,0x4F}},
	{REGFLAG_CMD, 2, {0x8B,0x78}},
	{REGFLAG_CMD, 4, {0xFF,0x5A,0xA5,0x00}},
	{REGFLAG_CMD, 4, {0xFF,0x5A,0xA5,0x4E}},
	{REGFLAG_CMD, 91, {0xCF,0x00,0x00,0x00,0x00,0x00,0x00,0x08,0x88,0x88,0x00,0x00,0x00,0x00,0x00,0x00,0x00,0x00,0x00,0x00,0x34,0x34,0x34,0x34,0x34,0x08,0x88,0x88,0x00,0x00,
    	0x00,0x00,0x00,0x00,0x00,0x00,0x00,0x00,0x34,0x34,0x34,0x34,0x34,0x08,0x88,0x88,0x00,0x00,0x00,0x00,0x00,0x00,0x00,0x00,0x00,0x00,0x19,0x19,0x19,0x19,0x19,0x08,0x88,
		0x88,0x00,0x00,0x00,0x00,0x00,0x00,0x00,0x00,0x00,0x00,0x19,0x19,0x19,0x19,0x19,0x08,0x88,0x88,0x00,0x00,0x00,0x00,0x00,0x00,0x00,0x00,0x00}},
	{REGFLAG_CMD, 91, {0xD0,0x00,0x00,0x00,0x00,0x00,0x00,0x08,0x88,0x88,0x00,0x00,0x00,0x00,0x00,0x00,0x00,0x00,0x00,0x00,0x0B,0x0B,0x0B,0x0B,0x0B,0x08,0x88,0x88,0x00,0x00,
    	0x00,0x00,0x00,0x00,0x00,0x00,0x00,0x00,0x0B,0x0B,0x0B,0x0B,0x0B,0x08,0x88,0x88,0x00,0x00,0x00,0x00,0x00,0x00,0x00,0x00,0x00,0x00,0x06,0x06,0x06,0x06,0x06,0x08,0x88,
		0x88,0x00,0x00,0x00,0x00,0x00,0x00,0x00,0x00,0x00,0x00,0x06,0x06,0x06,0x06,0x06,0x08,0x88,0x88,0x00,0x00,0x00,0x00,0x00,0x00,0x00,0x00,0x00}},
	{REGFLAG_DELAY, 30, {}},
};

struct LCM_setting_table aod_off_cmd_120hz[] = {
	{REGFLAG_CMD, 4, {0xFF,0x5A,0xA5,0x08}},
	{REGFLAG_CMD, 2, {0x98,0x02}},
	{REGFLAG_CMD, 4, {0xFF,0x5A,0xA5,0x4F}},
	{REGFLAG_CMD, 2, {0x81,0x06}},
	{REGFLAG_CMD, 2, {0x88,0x78}},
	{REGFLAG_CMD, 4, {0xFF,0x5A,0xA5,0x00}},
	{REGFLAG_CMD, 5, {0x51,0x00,0x00,0x00,0x00}},
	{REGFLAG_CMD, 4, {0xFF,0x5A,0xA5,0x02}},
	{REGFLAG_CMD, 3, {0xAB,0xAF,0x82}}, // TE Shift ON
	{REGFLAG_CMD, 4, {0xFF,0x5A,0xA5,0x20}},
	{REGFLAG_CMD, 2, {0xBD,0x06}},
	{REGFLAG_CMD, 4, {0xFF,0x5A,0xA5,0x00}},
	{REGFLAG_CMD, 2, {0x38,0x00}},
	{REGFLAG_CMD, 4, {0xFF,0x5A,0xA5,0x4E}},
	{REGFLAG_CMD, 2, {0x85,0x2F}},
	{REGFLAG_CMD, 4, {0xFF,0x5A,0xA5,0x51}},
	{REGFLAG_CMD, 6, {0x80,0xD4,0xD4,0xD4,0xD4,0x22}},
	{REGFLAG_CMD, 2, {0xFE,0x22}},
	{REGFLAG_CMD, 6, {0x81,0xD4,0xD4,0xD4,0xD4,0x22}},
	{REGFLAG_CMD, 2, {0xFE,0x22}},
	{REGFLAG_CMD, 6, {0x82,0xD4,0xD4,0xD4,0xD4,0x22}},
	{REGFLAG_CMD, 2, {0xFE,0x22}},
	{REGFLAG_CMD, 6, {0x83,0xD4,0xD4,0xD4,0xD4,0x22}},
	{REGFLAG_CMD, 2, {0xFE,0x22}},
	{REGFLAG_CMD, 6, {0x84,0xD4,0xD4,0xD4,0xD4,0x22}},
	{REGFLAG_CMD, 2, {0xFE,0x22}},
	{REGFLAG_CMD, 6, {0x85,0xD4,0xD4,0xD4,0xD4,0x22}},
	{REGFLAG_CMD, 2, {0xFE,0x22}},
	{REGFLAG_CMD, 6, {0x86,0xD4,0xD4,0xD4,0xD4,0x22}},
	{REGFLAG_CMD, 2, {0xFE,0x22}},
	{REGFLAG_CMD, 6, {0x87,0xD4,0xD4,0x00,0x00,0x22}},
	{REGFLAG_CMD, 2, {0xFE,0x00}},
	{REGFLAG_CMD, 6, {0xA0,0xD4,0xD4,0xD4,0xD4,0x22}},
	{REGFLAG_CMD, 2, {0xFE,0x22}},
	{REGFLAG_CMD, 6, {0xA1,0xD4,0xD4,0xD4,0xD4,0x22}},
	{REGFLAG_CMD, 2, {0xFE,0x22}},
	{REGFLAG_CMD, 6, {0xA2,0xD4,0xD4,0xD4,0xD4,0x22}},
	{REGFLAG_CMD, 2, {0xFE,0x22}},
	{REGFLAG_CMD, 6, {0xA3,0xD4,0xD4,0xD4,0xD4,0x22}},
	{REGFLAG_CMD, 2, {0xFE,0x22}},
	{REGFLAG_CMD, 6, {0xA4,0xD4,0xD4,0xD4,0xD4,0x22}},
	{REGFLAG_CMD, 2, {0xFE,0x22}},
	{REGFLAG_CMD, 6, {0xA5,0xD4,0xD4,0xD4,0xD4,0x22}},
	{REGFLAG_CMD, 2, {0xFE,0x22}},
	{REGFLAG_CMD, 6, {0xA6,0xD4,0xD4,0xD4,0xD4,0x22}},
	{REGFLAG_CMD, 2, {0xFE,0x22}},
	{REGFLAG_CMD, 6, {0xA7,0xD4,0xD4,0x00,0x00,0x22}},
	{REGFLAG_CMD, 2, {0xFE,0x00}},
	{REGFLAG_CMD, 4, {0xFF,0x5A,0xA5,0x08}},
	{REGFLAG_CMD, 2, {0x98,0xA6}},
	{REGFLAG_CMD, 4, {0xFF,0x5A,0xA5,0x00}},
	{REGFLAG_CMD, 2, {0x00,0x00}},
	{REGFLAG_CMD, 4, {0xFF,0x5A,0xA5,0x4F}},
	{REGFLAG_CMD, 2, {0x8B,0x78}},
	{REGFLAG_CMD, 4, {0xFF,0x5A,0xA5,0x00}},
	{REGFLAG_CMD, 4, {0xFF,0x5A,0xA5,0x4E}},
	{REGFLAG_CMD, 91, {0xCF,0x00,0x00,0x00,0x00,0x00,0x00,0x08,0x88,0x88,0x00,0x00,0x00,0x00,0x00,0x00,0x00,0x00,0x00,0x00,0x34,0x34,0x34,0x34,0x34,0x08,0x88,0x88,0x00,0x00,
    	0x00,0x00,0x00,0x00,0x00,0x00,0x00,0x00,0x34,0x34,0x34,0x34,0x34,0x08,0x88,0x88,0x00,0x00,0x00,0x00,0x00,0x00,0x00,0x00,0x00,0x00,0x19,0x19,0x19,0x19,0x19,0x08,0x88,
		0x88,0x00,0x00,0x00,0x00,0x00,0x00,0x00,0x00,0x00,0x00,0x19,0x19,0x19,0x19,0x19,0x08,0x88,0x88,0x00,0x00,0x00,0x00,0x00,0x00,0x00,0x00,0x00}},
	{REGFLAG_CMD, 91, {0xD0,0x00,0x00,0x00,0x00,0x00,0x00,0x08,0x88,0x88,0x00,0x00,0x00,0x00,0x00,0x00,0x00,0x00,0x00,0x00,0x0B,0x0B,0x0B,0x0B,0x0B,0x08,0x88,0x88,0x00,0x00,
    	0x00,0x00,0x00,0x00,0x00,0x00,0x00,0x00,0x0B,0x0B,0x0B,0x0B,0x0B,0x08,0x88,0x88,0x00,0x00,0x00,0x00,0x00,0x00,0x00,0x00,0x00,0x00,0x06,0x06,0x06,0x06,0x06,0x08,0x88,
		0x88,0x00,0x00,0x00,0x00,0x00,0x00,0x00,0x00,0x00,0x00,0x06,0x06,0x06,0x06,0x06,0x08,0x88,0x88,0x00,0x00,0x00,0x00,0x00,0x00,0x00,0x00,0x00}},
	{REGFLAG_DELAY, 30, {}},
};

struct LCM_setting_table aod_off_cmd_90hz[] = {
	{REGFLAG_CMD, 4, {0xFF,0x5A,0xA5,0x08}},
	{REGFLAG_CMD, 2, {0x98,0x02}},
	{REGFLAG_CMD, 4, {0xFF,0x5A,0xA5,0x4F}},
	{REGFLAG_CMD, 2, {0x81,0x06}},
	{REGFLAG_CMD, 2, {0x88,0x78}},
	{REGFLAG_CMD, 4, {0xFF,0x5A,0xA5,0x00}},
	{REGFLAG_CMD, 5, {0x51,0x00,0x00,0x00,0x00}},
	{REGFLAG_CMD, 4, {0xFF,0x5A,0xA5,0x02}},
	{REGFLAG_CMD, 3, {0xAB,0xAF,0x82}}, // TE Shift ON
	{REGFLAG_CMD, 4, {0xFF,0x5A,0xA5,0x20}},
	{REGFLAG_CMD, 2, {0xBD,0x06}},
	{REGFLAG_CMD, 4, {0xFF,0x5A,0xA5,0x00}},
	{REGFLAG_CMD, 2, {0x38,0x00}},
	{REGFLAG_CMD, 4, {0xFF,0x5A,0xA5,0x4E}},
	{REGFLAG_CMD, 2, {0x85,0x2F}},
	{REGFLAG_CMD, 4, {0xFF,0x5A,0xA5,0x51}},
	{REGFLAG_CMD, 6, {0x80,0xD4,0xD4,0xD4,0xD4,0x22}},
	{REGFLAG_CMD, 2, {0xFE,0x22}},
	{REGFLAG_CMD, 6, {0x81,0xD4,0xD4,0xD4,0xD4,0x22}},
	{REGFLAG_CMD, 2, {0xFE,0x22}},
	{REGFLAG_CMD, 6, {0x82,0xD4,0xD4,0xD4,0xD4,0x22}},
	{REGFLAG_CMD, 2, {0xFE,0x22}},
	{REGFLAG_CMD, 6, {0x83,0xD4,0xD4,0xD4,0xD4,0x22}},
	{REGFLAG_CMD, 2, {0xFE,0x22}},
	{REGFLAG_CMD, 6, {0x84,0xD4,0xD4,0xD4,0xD4,0x22}},
	{REGFLAG_CMD, 2, {0xFE,0x22}},
	{REGFLAG_CMD, 6, {0x85,0xD4,0xD4,0xD4,0xD4,0x22}},
	{REGFLAG_CMD, 2, {0xFE,0x22}},
	{REGFLAG_CMD, 6, {0x86,0xD4,0xD4,0xD4,0xD4,0x22}},
	{REGFLAG_CMD, 2, {0xFE,0x22}},
	{REGFLAG_CMD, 6, {0x87,0xD4,0xD4,0x00,0x00,0x22}},
	{REGFLAG_CMD, 2, {0xFE,0x00}},
	{REGFLAG_CMD, 6, {0xA0,0xD4,0xD4,0xD4,0xD4,0x22}},
	{REGFLAG_CMD, 2, {0xFE,0x22}},
	{REGFLAG_CMD, 6, {0xA1,0xD4,0xD4,0xD4,0xD4,0x22}},
	{REGFLAG_CMD, 2, {0xFE,0x22}},
	{REGFLAG_CMD, 6, {0xA2,0xD4,0xD4,0xD4,0xD4,0x22}},
	{REGFLAG_CMD, 2, {0xFE,0x22}},
	{REGFLAG_CMD, 6, {0xA3,0xD4,0xD4,0xD4,0xD4,0x22}},
	{REGFLAG_CMD, 2, {0xFE,0x22}},
	{REGFLAG_CMD, 6, {0xA4,0xD4,0xD4,0xD4,0xD4,0x22}},
	{REGFLAG_CMD, 2, {0xFE,0x22}},
	{REGFLAG_CMD, 6, {0xA5,0xD4,0xD4,0xD4,0xD4,0x22}},
	{REGFLAG_CMD, 2, {0xFE,0x22}},
	{REGFLAG_CMD, 6, {0xA6,0xD4,0xD4,0xD4,0xD4,0x22}},
	{REGFLAG_CMD, 2, {0xFE,0x22}},
	{REGFLAG_CMD, 6, {0xA7,0xD4,0xD4,0x00,0x00,0x22}},
	{REGFLAG_CMD, 2, {0xFE,0x00}},
	{REGFLAG_CMD, 4, {0xFF,0x5A,0xA5,0x08}},
	{REGFLAG_CMD, 2, {0x98,0xA6}},
	{REGFLAG_CMD, 4, {0xFF,0x5A,0xA5,0x00}},
	{REGFLAG_CMD, 2, {0x00,0x00}},
	{REGFLAG_CMD, 4, {0xFF,0x5A,0xA5,0x4F}},
	{REGFLAG_CMD, 2, {0x8B,0x78}},
	{REGFLAG_CMD, 4, {0xFF,0x5A,0xA5,0x00}},
	{REGFLAG_CMD, 4, {0xFF,0x5A,0xA5,0x4E}},
	{REGFLAG_CMD, 91, {0xCF,0x00,0x00,0x00,0x00,0x00,0x00,0x08,0x88,0x88,0x00,0x00,0x00,0x00,0x00,0x00,0x00,0x00,0x00,0x00,0x34,0x34,0x34,0x34,0x34,0x08,0x88,0x88,0x00,0x00,
    	0x00,0x00,0x00,0x00,0x00,0x00,0x00,0x00,0x34,0x34,0x34,0x34,0x34,0x08,0x88,0x88,0x00,0x00,0x00,0x00,0x00,0x00,0x00,0x00,0x00,0x00,0x19,0x19,0x19,0x19,0x19,0x08,0x88,
		0x88,0x00,0x00,0x00,0x00,0x00,0x00,0x00,0x00,0x00,0x00,0x19,0x19,0x19,0x19,0x19,0x08,0x88,0x88,0x00,0x00,0x00,0x00,0x00,0x00,0x00,0x00,0x00}},
	{REGFLAG_CMD, 91, {0xD0,0x00,0x00,0x00,0x00,0x00,0x00,0x08,0x88,0x88,0x00,0x00,0x00,0x00,0x00,0x00,0x00,0x00,0x00,0x00,0x0B,0x0B,0x0B,0x0B,0x0B,0x08,0x88,0x88,0x00,0x00,
    	0x00,0x00,0x00,0x00,0x00,0x00,0x00,0x00,0x0B,0x0B,0x0B,0x0B,0x0B,0x08,0x88,0x88,0x00,0x00,0x00,0x00,0x00,0x00,0x00,0x00,0x00,0x00,0x06,0x06,0x06,0x06,0x06,0x08,0x88,
		0x88,0x00,0x00,0x00,0x00,0x00,0x00,0x00,0x00,0x00,0x00,0x06,0x06,0x06,0x06,0x06,0x08,0x88,0x88,0x00,0x00,0x00,0x00,0x00,0x00,0x00,0x00,0x00}},
	{REGFLAG_DELAY, 30, {}},
};

struct LCM_setting_table aod_off_onepulse_cmd_60hz[] = {
	{REGFLAG_CMD, 4, {0xFF,0x5A,0xA5,0x08}},
	{REGFLAG_CMD, 2, {0x98,0x02}},
	{REGFLAG_CMD, 4, {0xFF,0x5A,0xA5,0x4F}},
	{REGFLAG_CMD, 2, {0x81,0x06}},
	{REGFLAG_CMD, 2, {0x88,0x78}},
	{REGFLAG_CMD, 4, {0xFF,0x5A,0xA5,0x00}},
	{REGFLAG_CMD, 5, {0x51,0x00,0x00,0x00,0x00}},
	{REGFLAG_CMD, 4, {0xFF,0x5A,0xA5,0x02}},
	{REGFLAG_CMD, 3, {0xAB,0xAF,0x82}}, // TE Shift ON
	{REGFLAG_CMD, 4, {0xFF,0x5A,0xA5,0x20}},
	{REGFLAG_CMD, 2, {0xBD,0x06}},
	{REGFLAG_CMD, 4, {0xFF,0x5A,0xA5,0x00}},
	{REGFLAG_CMD, 2, {0x38,0x00}},
	{REGFLAG_CMD, 4, {0xFF,0x5A,0xA5,0x4E}},
	{REGFLAG_CMD, 2, {0x85,0x2F}},
	{REGFLAG_CMD, 4, {0xFF,0x5A,0xA5,0x51}},
	{REGFLAG_CMD, 6, {0x80,0xD4,0xD4,0xD4,0xD4,0x22}},
	{REGFLAG_CMD, 2, {0xFE,0x22}},
	{REGFLAG_CMD, 6, {0x81,0xD4,0xD4,0xD4,0xD4,0x22}},
	{REGFLAG_CMD, 2, {0xFE,0x22}},
	{REGFLAG_CMD, 6, {0x82,0xD4,0xD4,0xD4,0xD4,0x22}},
	{REGFLAG_CMD, 2, {0xFE,0x22}},
	{REGFLAG_CMD, 6, {0x83,0xD4,0xD4,0xD4,0xD4,0x22}},
	{REGFLAG_CMD, 2, {0xFE,0x22}},
	{REGFLAG_CMD, 6, {0x84,0xD4,0xD4,0xD4,0xD4,0x22}},
	{REGFLAG_CMD, 2, {0xFE,0x22}},
	{REGFLAG_CMD, 6, {0x85,0xD4,0xD4,0xD4,0xD4,0x22}},
	{REGFLAG_CMD, 2, {0xFE,0x22}},
	{REGFLAG_CMD, 6, {0x86,0xD4,0xD4,0xD4,0xD4,0x22}},
	{REGFLAG_CMD, 2, {0xFE,0x22}},
	{REGFLAG_CMD, 6, {0x87,0xD4,0xD4,0x00,0x00,0x22}},
	{REGFLAG_CMD, 2, {0xFE,0x00}},
	{REGFLAG_CMD, 6, {0xA0,0xD4,0xD4,0xD4,0xD4,0x22}},
	{REGFLAG_CMD, 2, {0xFE,0x22}},
	{REGFLAG_CMD, 6, {0xA1,0xD4,0xD4,0xD4,0xD4,0x22}},
	{REGFLAG_CMD, 2, {0xFE,0x22}},
	{REGFLAG_CMD, 6, {0xA2,0xD4,0xD4,0xD4,0xD4,0x22}},
	{REGFLAG_CMD, 2, {0xFE,0x22}},
	{REGFLAG_CMD, 6, {0xA3,0xD4,0xD4,0xD4,0xD4,0x22}},
	{REGFLAG_CMD, 2, {0xFE,0x22}},
	{REGFLAG_CMD, 6, {0xA4,0xD4,0xD4,0xD4,0xD4,0x22}},
	{REGFLAG_CMD, 2, {0xFE,0x22}},
	{REGFLAG_CMD, 6, {0xA5,0xD4,0xD4,0xD4,0xD4,0x22}},
	{REGFLAG_CMD, 2, {0xFE,0x22}},
	{REGFLAG_CMD, 6, {0xA6,0xD4,0xD4,0xD4,0xD4,0x22}},
	{REGFLAG_CMD, 2, {0xFE,0x22}},
	{REGFLAG_CMD, 6, {0xA7,0xD4,0xD4,0x00,0x00,0x22}},
	{REGFLAG_CMD, 2, {0xFE,0x00}},
	{REGFLAG_CMD, 4, {0xFF,0x5A,0xA5,0x08}},
	{REGFLAG_CMD, 2, {0x98,0xA6}},
	{REGFLAG_CMD, 4, {0xFF,0x5A,0xA5,0x00}},
	{REGFLAG_CMD, 2, {0x00,0x00}},
	{REGFLAG_CMD, 4, {0xFF,0x5A,0xA5,0x4F}},
	{REGFLAG_CMD, 2, {0x8B,0x78}},
	{REGFLAG_CMD, 4, {0xFF,0x5A,0xA5,0x00}},
	{REGFLAG_CMD, 4, {0xFF,0x5A,0xA5,0x4E}},
	{REGFLAG_CMD, 91, {0xCF,0x00,0x39,0x39,0x39,0x39,0x39,0x08,0x88,0x88,0x00,0x00,0x00,0x00,0x00,0x00,0x00,0x00,0x00,0x00,0x39,0x39,0x39,0x39,0x39,0x08,0x88,0x88,0x00,0x00,
    	0x00,0x00,0x00,0x00,0x00,0x00,0x00,0x00,0x39,0x39,0x39,0x39,0x39,0x08,0x88,0x88,0x00,0x00,0x00,0x00,0x00,0x00,0x00,0x00,0x00,0x00,0x1E,0x1E,0x1E,0x1E,0x1E,0x08,0x88,
		0x88,0x00,0x00,0x00,0x00,0x00,0x00,0x00,0x00,0x00,0x00,0x1E,0x1E,0x1E,0x1E,0x1E,0x08,0x88,0x88,0x00,0x00,0x00,0x00,0x00,0x00,0x00,0x00,0x00}},
	{REGFLAG_CMD, 91, {0xD0,0x00,0x0C,0x0C,0x0C,0x0C,0x0C,0x08,0x88,0x88,0x00,0x00,0x00,0x00,0x00,0x00,0x00,0x00,0x00,0x00,0x0C,0x0C,0x0C,0x0C,0x0C,0x08,0x88,0x88,0x00,0x00,
    	0x00,0x00,0x00,0x00,0x00,0x00,0x00,0x00,0x0C,0x0C,0x0C,0x0C,0x0C,0x08,0x88,0x88,0x00,0x00,0x00,0x00,0x00,0x00,0x00,0x00,0x00,0x00,0x0A,0x0A,0x0A,0x0A,0x0A,0x08,0x88,
		0x88,0x00,0x00,0x00,0x00,0x00,0x00,0x00,0x00,0x00,0x00,0x0A,0x0A,0x0A,0x0A,0x0A,0x08,0x88,0x88,0x00,0x00,0x00,0x00,0x00,0x00,0x00,0x00,0x00}},
	{REGFLAG_DELAY, 30, {}},
};

struct LCM_setting_table aod_off_onepulse_cmd_120hz[] = {
	{REGFLAG_CMD, 4, {0xFF,0x5A,0xA5,0x08}},
	{REGFLAG_CMD, 2, {0x98,0x02}},
	{REGFLAG_CMD, 4, {0xFF,0x5A,0xA5,0x4F}},
	{REGFLAG_CMD, 2, {0x81,0x06}},
	{REGFLAG_CMD, 2, {0x88,0x78}},
	{REGFLAG_CMD, 4, {0xFF,0x5A,0xA5,0x00}},
	{REGFLAG_CMD, 5, {0x51,0x00,0x00,0x00,0x00}},
	{REGFLAG_CMD, 4, {0xFF,0x5A,0xA5,0x02}},
	{REGFLAG_CMD, 3, {0xAB,0xAF,0x82}}, // TE Shift ON
	{REGFLAG_CMD, 4, {0xFF,0x5A,0xA5,0x20}},
	{REGFLAG_CMD, 2, {0xBD,0x06}},
	{REGFLAG_CMD, 4, {0xFF,0x5A,0xA5,0x00}},
	{REGFLAG_CMD, 2, {0x38,0x00}},
	{REGFLAG_CMD, 4, {0xFF,0x5A,0xA5,0x4E}},
	{REGFLAG_CMD, 2, {0x85,0x2F}},
	{REGFLAG_CMD, 4, {0xFF,0x5A,0xA5,0x51}},
	{REGFLAG_CMD, 6, {0x80,0xD4,0xD4,0xD4,0xD4,0x22}},
	{REGFLAG_CMD, 2, {0xFE,0x22}},
	{REGFLAG_CMD, 6, {0x81,0xD4,0xD4,0xD4,0xD4,0x22}},
	{REGFLAG_CMD, 2, {0xFE,0x22}},
	{REGFLAG_CMD, 6, {0x82,0xD4,0xD4,0xD4,0xD4,0x22}},
	{REGFLAG_CMD, 2, {0xFE,0x22}},
	{REGFLAG_CMD, 6, {0x83,0xD4,0xD4,0xD4,0xD4,0x22}},
	{REGFLAG_CMD, 2, {0xFE,0x22}},
	{REGFLAG_CMD, 6, {0x84,0xD4,0xD4,0xD4,0xD4,0x22}},
	{REGFLAG_CMD, 2, {0xFE,0x22}},
	{REGFLAG_CMD, 6, {0x85,0xD4,0xD4,0xD4,0xD4,0x22}},
	{REGFLAG_CMD, 2, {0xFE,0x22}},
	{REGFLAG_CMD, 6, {0x86,0xD4,0xD4,0xD4,0xD4,0x22}},
	{REGFLAG_CMD, 2, {0xFE,0x22}},
	{REGFLAG_CMD, 6, {0x87,0xD4,0xD4,0x00,0x00,0x22}},
	{REGFLAG_CMD, 2, {0xFE,0x00}},
	{REGFLAG_CMD, 6, {0xA0,0xD4,0xD4,0xD4,0xD4,0x22}},
	{REGFLAG_CMD, 2, {0xFE,0x22}},
	{REGFLAG_CMD, 6, {0xA1,0xD4,0xD4,0xD4,0xD4,0x22}},
	{REGFLAG_CMD, 2, {0xFE,0x22}},
	{REGFLAG_CMD, 6, {0xA2,0xD4,0xD4,0xD4,0xD4,0x22}},
	{REGFLAG_CMD, 2, {0xFE,0x22}},
	{REGFLAG_CMD, 6, {0xA3,0xD4,0xD4,0xD4,0xD4,0x22}},
	{REGFLAG_CMD, 2, {0xFE,0x22}},
	{REGFLAG_CMD, 6, {0xA4,0xD4,0xD4,0xD4,0xD4,0x22}},
	{REGFLAG_CMD, 2, {0xFE,0x22}},
	{REGFLAG_CMD, 6, {0xA5,0xD4,0xD4,0xD4,0xD4,0x22}},
	{REGFLAG_CMD, 2, {0xFE,0x22}},
	{REGFLAG_CMD, 6, {0xA6,0xD4,0xD4,0xD4,0xD4,0x22}},
	{REGFLAG_CMD, 2, {0xFE,0x22}},
	{REGFLAG_CMD, 6, {0xA7,0xD4,0xD4,0x00,0x00,0x22}},
	{REGFLAG_CMD, 2, {0xFE,0x00}},
	{REGFLAG_CMD, 4, {0xFF,0x5A,0xA5,0x08}},
	{REGFLAG_CMD, 2, {0x98,0xA6}},
	{REGFLAG_CMD, 4, {0xFF,0x5A,0xA5,0x00}},
	{REGFLAG_CMD, 2, {0x00,0x00}},
	{REGFLAG_CMD, 4, {0xFF,0x5A,0xA5,0x4F}},
	{REGFLAG_CMD, 2, {0x8B,0x78}},
	{REGFLAG_CMD, 4, {0xFF,0x5A,0xA5,0x00}},
	{REGFLAG_CMD, 4, {0xFF,0x5A,0xA5,0x4E}},
	{REGFLAG_CMD, 91, {0xCF,0x00,0x39,0x39,0x39,0x39,0x39,0x08,0x88,0x88,0x00,0x00,0x00,0x00,0x00,0x00,0x00,0x00,0x00,0x00,0x39,0x39,0x39,0x39,0x39,0x08,0x88,0x88,0x00,0x00,
    	0x00,0x00,0x00,0x00,0x00,0x00,0x00,0x00,0x39,0x39,0x39,0x39,0x39,0x08,0x88,0x88,0x00,0x00,0x00,0x00,0x00,0x00,0x00,0x00,0x00,0x00,0x1E,0x1E,0x1E,0x1E,0x1E,0x08,0x88,
		0x88,0x00,0x00,0x00,0x00,0x00,0x00,0x00,0x00,0x00,0x00,0x1E,0x1E,0x1E,0x1E,0x1E,0x08,0x88,0x88,0x00,0x00,0x00,0x00,0x00,0x00,0x00,0x00,0x00}},
	{REGFLAG_CMD, 91, {0xD0,0x00,0x0C,0x0C,0x0C,0x0C,0x0C,0x08,0x88,0x88,0x00,0x00,0x00,0x00,0x00,0x00,0x00,0x00,0x00,0x00,0x0C,0x0C,0x0C,0x0C,0x0C,0x08,0x88,0x88,0x00,0x00,
    	0x00,0x00,0x00,0x00,0x00,0x00,0x00,0x00,0x0C,0x0C,0x0C,0x0C,0x0C,0x08,0x88,0x88,0x00,0x00,0x00,0x00,0x00,0x00,0x00,0x00,0x00,0x00,0x0A,0x0A,0x0A,0x0A,0x0A,0x08,0x88,
		0x88,0x00,0x00,0x00,0x00,0x00,0x00,0x00,0x00,0x00,0x00,0x0A,0x0A,0x0A,0x0A,0x0A,0x08,0x88,0x88,0x00,0x00,0x00,0x00,0x00,0x00,0x00,0x00,0x00}},
	{REGFLAG_DELAY, 30, {}},
};

struct LCM_setting_table aod_off_onepulse_cmd_90hz[] = {
	{REGFLAG_CMD, 4, {0xFF,0x5A,0xA5,0x08}},
	{REGFLAG_CMD, 2, {0x98,0x02}},
	{REGFLAG_CMD, 4, {0xFF,0x5A,0xA5,0x4F}},
	{REGFLAG_CMD, 2, {0x81,0x06}},
	{REGFLAG_CMD, 2, {0x88,0x78}},
	{REGFLAG_CMD, 4, {0xFF,0x5A,0xA5,0x00}},
	{REGFLAG_CMD, 5, {0x51,0x00,0x00,0x00,0x00}},
	{REGFLAG_CMD, 4, {0xFF,0x5A,0xA5,0x02}},
	{REGFLAG_CMD, 3, {0xAB,0xAF,0x82}}, // TE Shift ON
	{REGFLAG_CMD, 4, {0xFF,0x5A,0xA5,0x20}},
	{REGFLAG_CMD, 2, {0xBD,0x06}},
	{REGFLAG_CMD, 4, {0xFF,0x5A,0xA5,0x00}},
	{REGFLAG_CMD, 2, {0x38,0x00}},
	{REGFLAG_CMD, 4, {0xFF,0x5A,0xA5,0x4E}},
	{REGFLAG_CMD, 2, {0x85,0x2F}},
	{REGFLAG_CMD, 4, {0xFF,0x5A,0xA5,0x51}},
	{REGFLAG_CMD, 6, {0x80,0xD4,0xD4,0xD4,0xD4,0x22}},
	{REGFLAG_CMD, 2, {0xFE,0x22}},
	{REGFLAG_CMD, 6, {0x81,0xD4,0xD4,0xD4,0xD4,0x22}},
	{REGFLAG_CMD, 2, {0xFE,0x22}},
	{REGFLAG_CMD, 6, {0x82,0xD4,0xD4,0xD4,0xD4,0x22}},
	{REGFLAG_CMD, 2, {0xFE,0x22}},
	{REGFLAG_CMD, 6, {0x83,0xD4,0xD4,0xD4,0xD4,0x22}},
	{REGFLAG_CMD, 2, {0xFE,0x22}},
	{REGFLAG_CMD, 6, {0x84,0xD4,0xD4,0xD4,0xD4,0x22}},
	{REGFLAG_CMD, 2, {0xFE,0x22}},
	{REGFLAG_CMD, 6, {0x85,0xD4,0xD4,0xD4,0xD4,0x22}},
	{REGFLAG_CMD, 2, {0xFE,0x22}},
	{REGFLAG_CMD, 6, {0x86,0xD4,0xD4,0xD4,0xD4,0x22}},
	{REGFLAG_CMD, 2, {0xFE,0x22}},
	{REGFLAG_CMD, 6, {0x87,0xD4,0xD4,0x00,0x00,0x22}},
	{REGFLAG_CMD, 2, {0xFE,0x00}},
	{REGFLAG_CMD, 6, {0xA0,0xD4,0xD4,0xD4,0xD4,0x22}},
	{REGFLAG_CMD, 2, {0xFE,0x22}},
	{REGFLAG_CMD, 6, {0xA1,0xD4,0xD4,0xD4,0xD4,0x22}},
	{REGFLAG_CMD, 2, {0xFE,0x22}},
	{REGFLAG_CMD, 6, {0xA2,0xD4,0xD4,0xD4,0xD4,0x22}},
	{REGFLAG_CMD, 2, {0xFE,0x22}},
	{REGFLAG_CMD, 6, {0xA3,0xD4,0xD4,0xD4,0xD4,0x22}},
	{REGFLAG_CMD, 2, {0xFE,0x22}},
	{REGFLAG_CMD, 6, {0xA4,0xD4,0xD4,0xD4,0xD4,0x22}},
	{REGFLAG_CMD, 2, {0xFE,0x22}},
	{REGFLAG_CMD, 6, {0xA5,0xD4,0xD4,0xD4,0xD4,0x22}},
	{REGFLAG_CMD, 2, {0xFE,0x22}},
	{REGFLAG_CMD, 6, {0xA6,0xD4,0xD4,0xD4,0xD4,0x22}},
	{REGFLAG_CMD, 2, {0xFE,0x22}},
	{REGFLAG_CMD, 6, {0xA7,0xD4,0xD4,0x00,0x00,0x22}},
	{REGFLAG_CMD, 2, {0xFE,0x00}},
	{REGFLAG_CMD, 4, {0xFF,0x5A,0xA5,0x08}},
	{REGFLAG_CMD, 2, {0x98,0xA6}},
	{REGFLAG_CMD, 4, {0xFF,0x5A,0xA5,0x00}},
	{REGFLAG_CMD, 2, {0x00,0x00}},
	{REGFLAG_CMD, 4, {0xFF,0x5A,0xA5,0x4F}},
	{REGFLAG_CMD, 2, {0x8B,0x78}},
	{REGFLAG_CMD, 4, {0xFF,0x5A,0xA5,0x00}},
	{REGFLAG_CMD, 4, {0xFF,0x5A,0xA5,0x4E}},
	{REGFLAG_CMD, 91, {0xCF,0x00,0x39,0x39,0x39,0x39,0x39,0x08,0x88,0x88,0x00,0x00,0x00,0x00,0x00,0x00,0x00,0x00,0x00,0x00,0x39,0x39,0x39,0x39,0x39,0x08,0x88,0x88,0x00,0x00,
    	0x00,0x00,0x00,0x00,0x00,0x00,0x00,0x00,0x39,0x39,0x39,0x39,0x39,0x08,0x88,0x88,0x00,0x00,0x00,0x00,0x00,0x00,0x00,0x00,0x00,0x00,0x1E,0x1E,0x1E,0x1E,0x1E,0x08,0x88,
		0x88,0x00,0x00,0x00,0x00,0x00,0x00,0x00,0x00,0x00,0x00,0x1E,0x1E,0x1E,0x1E,0x1E,0x08,0x88,0x88,0x00,0x00,0x00,0x00,0x00,0x00,0x00,0x00,0x00}},
	{REGFLAG_CMD, 91, {0xD0,0x00,0x0C,0x0C,0x0C,0x0C,0x0C,0x08,0x88,0x88,0x00,0x00,0x00,0x00,0x00,0x00,0x00,0x00,0x00,0x00,0x0C,0x0C,0x0C,0x0C,0x0C,0x08,0x88,0x88,0x00,0x00,
    	0x00,0x00,0x00,0x00,0x00,0x00,0x00,0x00,0x0C,0x0C,0x0C,0x0C,0x0C,0x08,0x88,0x88,0x00,0x00,0x00,0x00,0x00,0x00,0x00,0x00,0x00,0x00,0x0A,0x0A,0x0A,0x0A,0x0A,0x08,0x88,
		0x88,0x00,0x00,0x00,0x00,0x00,0x00,0x00,0x00,0x00,0x00,0x0A,0x0A,0x0A,0x0A,0x0A,0x08,0x88,0x88,0x00,0x00,0x00,0x00,0x00,0x00,0x00,0x00,0x00}},
	{REGFLAG_DELAY, 30, {}},
};

struct LCM_setting_table aod_high_mode[] = {
	{REGFLAG_CMD, 4, {0xFF,0x5A,0xA5,0x00}},
	{REGFLAG_CMD, 5, {0x51,0x7F,0xFF,0x0D,0xBB}},
};

struct LCM_setting_table aod_low_mode[] = {
	{REGFLAG_CMD, 4, {0xFF,0x5A,0xA5,0x00}},
	{REGFLAG_CMD, 5, {0x51,0x7F,0xFF,0x07,0x52}},
};

struct LCM_setting_table ultra_low_power_aod_on_cmd_60hz[] = {
	{REGFLAG_CMD, 4, {0xFF,0x5A,0xA5,0x2D}},
	{REGFLAG_CMD, 3, {0x8A,0x1D,0x00}},
	{REGFLAG_CMD, 4, {0xFF,0x5A,0xA5,0x00}},
};

struct LCM_setting_table ultra_low_power_aod_on_cmd_90hz[] = {
	{REGFLAG_CMD, 4, {0xFF,0x5A,0xA5,0x2D}},
	{REGFLAG_CMD, 3, {0x8A,0x1D,0x00}},
	{REGFLAG_CMD, 4, {0xFF,0x5A,0xA5,0x00}},
};

struct LCM_setting_table ultra_low_power_aod_on_cmd_120hz[] = {
	{REGFLAG_CMD, 4, {0xFF,0x5A,0xA5,0x2D}},
	{REGFLAG_CMD, 3, {0x8A,0x1D,0x00}},
	{REGFLAG_CMD, 4, {0xFF,0x5A,0xA5,0x00}},
};

struct LCM_setting_table ultra_low_power_aod_off_cmd_60hz[] = {
	{REGFLAG_CMD, 4, {0xFF,0x5A,0xA5,0x2D}},
	{REGFLAG_CMD, 3, {0x8A,0x00,0x00}},
	{REGFLAG_CMD, 4, {0xFF,0x5A,0xA5,0x00}},
};

struct LCM_setting_table ultra_low_power_aod_off_cmd_90hz[] = {
	{REGFLAG_CMD, 4, {0xFF,0x5A,0xA5,0x2D}},
	{REGFLAG_CMD, 3, {0x8A,0x00,0x00}},
	{REGFLAG_CMD, 4, {0xFF,0x5A,0xA5,0x00}},
};

struct LCM_setting_table ultra_low_power_aod_off_cmd_120hz[] = {
	{REGFLAG_CMD, 4, {0xFF,0x5A,0xA5,0x2D}},
	{REGFLAG_CMD, 3, {0x8A,0x00,0x00}},
	{REGFLAG_CMD, 4, {0xFF,0x5A,0xA5,0x00}},
};

struct LCM_setting_table hbm_on_cmd_60hz[] = {
	{REGFLAG_CMD, 4, {0xFF,0x5A,0xA5,0x00}},
	{REGFLAG_CMD, 3, {0x51,0x0F,0x58}},
	{REGFLAG_CMD, 4, {0xFF,0x5A,0xA5,0x00}},
};

struct LCM_setting_table hbm_on_cmd_90hz[] = {
	{REGFLAG_CMD, 4, {0xFF,0x5A,0xA5,0x00}},
	{REGFLAG_CMD, 3, {0x51,0x0F,0x58}},
	{REGFLAG_CMD, 4, {0xFF,0x5A,0xA5,0x00}},
};

struct LCM_setting_table hbm_on_cmd_120hz[] = {
	{REGFLAG_CMD, 4, {0xFF,0x5A,0xA5,0x00}},
	{REGFLAG_CMD, 3, {0x51,0x0F,0x58}},
	{REGFLAG_CMD, 4, {0xFF,0x5A,0xA5,0x00}},
};

struct LCM_setting_table hbm_off_cmd_60hz[] = {
	{REGFLAG_CMD, 4, {0xFF,0x5A,0xA5,0x00}},
	{REGFLAG_CMD, 3, {0x51,0x00,0x00}},
	{REGFLAG_CMD, 4, {0xFF,0x5A,0xA5,0x00}},
};

struct LCM_setting_table hbm_off_cmd_90hz[] = {
	{REGFLAG_CMD, 4, {0xFF,0x5A,0xA5,0x00}},
	{REGFLAG_CMD, 3, {0x51,0x00,0x00}},
	{REGFLAG_CMD, 4, {0xFF,0x5A,0xA5,0x00}},
};

struct LCM_setting_table hbm_off_cmd_120hz[] = {
	{REGFLAG_CMD, 4, {0xFF,0x5A,0xA5,0x00}},
	{REGFLAG_CMD, 3, {0x51,0x00,0x00}},
	{REGFLAG_CMD, 4, {0xFF,0x5A,0xA5,0x00}},
};

struct LCM_setting_table lhbm_pressed_icon_gamma_cmd[] = {
};

struct LCM_setting_table lhbm_pressed_icon_grayscale_cmd[] = {
};

struct LCM_setting_table lhbm_pressed_icon_on_cmd[] = {
	{REGFLAG_CMD, 4, {0xFF,0x5A,0xA5,0x00}},
	{REGFLAG_CMD, 2, {0x96,0x09}},
	{REGFLAG_CMD, 2, {0x97,0xD9}},
	{REGFLAG_CMD, 2, {0x98,0x02}},
	{REGFLAG_CMD, 2, {0x99,0x78}},
	{REGFLAG_CMD, 2, {0x6E,0x03}},
};

struct LCM_setting_table lhbm_pressed_icon_off_cmd[] = {
	{REGFLAG_CMD, 4, {0xFF,0x5A,0xA5,0x00}},
	{REGFLAG_CMD, 2, {0x6E,0x00}},
};
#endif /* OPLUS_FEATURE_DISPLAY_ONSCREENFINGERPRINT */

/* --------------- adfr common --------------- */
/* SDC Auto Off Min Fps */

#define MIN_FPS_CMD_ROW0 1
#define MIN_FPS_CMD_COL0 1
#define MIN_FPS_CMD_ROW1 2
#define MIN_FPS_CMD_COL1 1

struct LCM_setting_table auto_off_minfps_cmd_120hz[] = {
	{REGFLAG_CMD, 4, {0xFF,0x5A,0xA5,0x2D}},
	{REGFLAG_CMD, 3, {0x83,0x77,0x00}},
	{REGFLAG_CMD, 3, {0x84,0x77,0x00}},
	{REGFLAG_CMD, 4, {0xFF,0x5A,0xA5,0x00}},
};

struct LCM_setting_table auto_off_minfps_cmd_90hz[] = {
	{REGFLAG_CMD, 4, {0xFF,0x5A,0xA5,0x2D}},
	{REGFLAG_CMD, 3, {0x85,0x59,0x00}},
	{REGFLAG_CMD, 3, {0x86,0x59,0x00}},
	{REGFLAG_CMD, 4, {0xFF,0x5A,0xA5,0x00}},
};

struct LCM_setting_table auto_off_minfps_cmd_60hz[] = {
	{REGFLAG_CMD, 4, {0xFF,0x5A,0xA5,0x2D}},
	{REGFLAG_CMD, 3, {0x83,0x77,0x00}},
	{REGFLAG_CMD, 3, {0x84,0x77,0x00}},
	{REGFLAG_CMD, 4, {0xFF,0x5A,0xA5,0x00}},
};

struct LCM_setting_table multi_te_enable[] = {
	{REGFLAG_CMD, 4, {0xFF,0x5A,0xA5,0x20}},
	{REGFLAG_CMD, 2, {0xBD,0x96}},
	{REGFLAG_CMD, 4, {0xFF,0x5A,0xA5,0x01}},
	{REGFLAG_CMD, 2, {0xBC,0x01}},
	{REGFLAG_CMD, 2, {0xFB,0x08}},
	{REGFLAG_CMD, 4, {0xFF,0x5A,0xA5,0x0C}},
	{REGFLAG_CMD, 15, {0x83,0x00,0x00,0x80,0x1A,0x00,0x11,0x10,0x10,0x00,0x0F,0x00,0x00,0x3E,0xFC}},
	{REGFLAG_CMD, 4, {0xFF,0x5A,0xA5,0x0B}},
	{REGFLAG_CMD, 4, {0xED,0x80,0x00,0x08}},
	{REGFLAG_CMD, 2, {0xEE,0x03}},
	{REGFLAG_CMD, 2, {0xEF,0x7A}},
	{REGFLAG_CMD, 9, {0xF0,0x03,0x7A,0x00,0x00,0x00,0x00,0x00,0x00}},
	{REGFLAG_CMD, 9, {0xF1,0x00,0x64,0x00,0x00,0x00,0x00,0x00,0x00}},
	{REGFLAG_CMD, 4, {0xF6,0x00,0x00,0x00}},
	{REGFLAG_CMD, 2, {0xF7,0x0F}},
	{REGFLAG_CMD, 2, {0xF8,0xFF}},
	{REGFLAG_CMD, 9, {0xF9,0x33,0xC0,0xC0,0x33,0xC0,0xC0,0x03,0xC0}},
	{REGFLAG_CMD, 9, {0xFA,0x00,0x64,0x64,0x00,0x64,0x64,0x00,0x64}},
	{REGFLAG_CMD, 3, {0xA1,0x07,0x03}},
	{REGFLAG_CMD, 4, {0xFF,0x5A,0xA5,0x0A}},
	{REGFLAG_CMD, 5, {0xD8,0x00,0x17,0x15,0x80}},
	{REGFLAG_CMD, 3, {0xD9,0x15,0x4F}},
	{REGFLAG_CMD, 4, {0xFF,0x5A,0xA5,0x0B}},
	{REGFLAG_CMD, 7, {0xE9,0x00,0x00,0x15,0x00,0x15,0xD3}},
	{REGFLAG_CMD, 4, {0xFF,0x5A,0xA5,0x00}},
	{REGFLAG_CMD, 7, {0x2C,0x00,0x00,0x00,0x00,0x00,0x00}},
	{REGFLAG_CMD, 4, {0xFF,0x5A,0xA5,0x00}},
};

struct LCM_setting_table multi_te_disable[] = {
	{REGFLAG_CMD, 4, {0xFF,0x5A,0xA5,0x20}},
	{REGFLAG_CMD, 2, {0xBD,0x06}},
	{REGFLAG_CMD, 4, {0xFF,0x5A,0xA5,0x02}},
	{REGFLAG_CMD, 5, {0xB0,0x00,0x80,0x00,0x10}},
	{REGFLAG_CMD, 4, {0xFF,0x5A,0xA5,0x00}},
};

/* ---------------panel seed setting --------------- */
struct LCM_setting_table dsi_set_seed_natural[] = {
};

struct LCM_setting_table dsi_set_seed_expert[] = {
};

struct LCM_setting_table dsi_set_seed_vivid[] = {
};

/* ---------------panel pwm settting --------------- */
struct LCM_setting_table dsi_set_backlight[] = {
	{REGFLAG_CMD, 4, {0xFF,0x5A,0xA5,0x00}},
	{REGFLAG_CMD, 3, {0x51,0x00,0x00}},
};

struct LCM_setting_table dsi_switch_hbm_apl_on[] = {
	{REGFLAG_CMD, 4, {0xFF,0x5A,0xA5,0x00}},
	{REGFLAG_CMD, 3, {0x51,0x10,0xED}},
	{REGFLAG_CMD, 4, {0xFF,0x5A,0xA5,0x1E}},
	{REGFLAG_CMD, 2, {0x80,0xA9}},
	{REGFLAG_CMD, 4, {0xFF,0x5A,0xA5,0x00}},
};

struct LCM_setting_table dsi_switch_hbm_apl_off[] = {
	{REGFLAG_CMD, 4, {0xFF,0x5A,0xA5,0x00}},
	{REGFLAG_CMD, 3, {0x51,0x10,0xED}},
	{REGFLAG_CMD, 4, {0xFF,0x5A,0xA5,0x1E}},
	{REGFLAG_CMD, 2, {0x80,0x89}},
	{REGFLAG_CMD, 4, {0xFF,0x5A,0xA5,0x00}},
};

struct LCM_setting_table dsi_pwm_switch_1to3pul_120hz[] = {
	{REGFLAG_CMD, 4, {0xFF,0x5A,0xA5,0x0B}},
	{REGFLAG_CMD, 2, {0xA0,0x07}}, // >70nit A0 07, <=70nit A0 05
	{REGFLAG_CMD, 4, {0xFF,0x5A,0xA5,0x23}},
	{REGFLAG_CMD, 2, {0x8D,0x4A}},
	{REGFLAG_CMD, 4, {0xFF,0x5A,0xA5,0x24}},
	{REGFLAG_CMD, 9, {0xAC,0x0F,0xFF,0x0F,0xFE,0x0D,0xBB,0x07,0x52}},
	{REGFLAG_CMD, 9, {0xAD,0x04,0x8B,0x04,0x8A,0x03,0xE6,0x02,0xCB}},
	{REGFLAG_CMD, 9, {0xAE,0x01,0xE1,0x00,0x01,0x00,0x00,0x00,0x00}},
	{REGFLAG_CMD, 26, {0xD0,0x0F,0xFF,0x0F,0xFE,0x0D,0xBB,0x07,0x52,0x04,0x8B,0x04,0x8A,0x03,0xE6,0x02,0xCB,0x01,0xE1,0x00,0x01,0x00,0x00,0x00,0x00,0x00}},
	{REGFLAG_CMD, 26, {0xD1,0x0F,0xFF,0x0F,0xFE,0x0D,0xBB,0x07,0x52,0x04,0x8B,0x04,0x8A,0x03,0xE6,0x02,0xCB,0x01,0xE1,0x00,0x01,0x00,0x00,0x00,0x00,0x00}},
	{REGFLAG_CMD, 4, {0xFF,0x5A,0xA5,0x53}},
	{REGFLAG_CMD, 2, {0xF0,0x01}},
	{REGFLAG_CMD, 4, {0xFF,0x5A,0xA5,0x00}},
	{REGFLAG_CMD, 2, {0x00,0x00}},
	{REGFLAG_CMD, 2, {0x00,0x00}},
	{REGFLAG_CMD, 4, {0xFF,0x5A,0xA5,0x63}},
	{REGFLAG_CMD, 17, {0xF1,0x00,0x00,0x00,0x00,0x00,0x00,0x00,0x00,0x00,0x00,0x00,0x00,0x00,0x00,0x00,0x00}},
	{REGFLAG_CMD, 17, {0xF2,0x10,0x10,0x10,0x10,0x10,0x00,0x00,0x00,0x00,0x00,0x00,0x00,0x00,0x00,0x00,0x00}},
	{REGFLAG_CMD, 17, {0xF3,0x00,0x00,0x00,0x00,0x00,0x20,0x20,0x20,0x20,0x20,0x00,0x00,0x00,0x00,0x00,0x00}},
	{REGFLAG_CMD, 17, {0xF4,0x00,0x00,0x00,0x00,0x00,0xF0,0xF0,0xF0,0xF0,0xF0,0x00,0x00,0x00,0x00,0x00,0x00}},
	{REGFLAG_CMD, 4, {0xFF,0x5A,0xA5,0x00}},
	{REGFLAG_CMD, 2, {0x00,0x00}},
	{REGFLAG_CMD, 2, {0x00,0x00}},
	{REGFLAG_CMD, 4, {0xFF,0x5A,0xA5,0x53}},
	{REGFLAG_CMD, 2, {0xF0,0x00}},
	{REGFLAG_CMD, 4, {0xFF,0x5A,0xA5,0x2D}},
	{REGFLAG_CMD, 3, {0x83,0x00,0x00}},
	{REGFLAG_CMD, 2, {0xF2,0x00}},
	{REGFLAG_CMD, 4, {0xFF,0x5A,0xA5,0x00}},
	{REGFLAG_CMD, 2, {0x60,0x00}},
	{REGFLAG_CMD, 4, {0xFF,0x5A,0xA5,0x00}},
};

struct LCM_setting_table dsi_pwm_switch_1to18pul_120hz[] = {
	{REGFLAG_CMD, 4, {0xFF,0x5A,0xA5,0x0B}},
	{REGFLAG_CMD, 2, {0xA0,0x05}}, // >70nit A0 07, <=70nit A0 05
	{REGFLAG_CMD, 4, {0xFF,0x5A,0xA5,0x23}},
	{REGFLAG_CMD, 2, {0x8D,0x4A}},
	{REGFLAG_CMD, 4, {0xFF,0x5A,0xA5,0x24}},
	{REGFLAG_CMD, 9, {0xAC,0x0F,0xFF,0x0F,0xFE,0x0D,0xBB,0x07,0x52}},
	{REGFLAG_CMD, 9, {0xAD,0x04,0x8B,0x04,0x8A,0x03,0xE6,0x02,0xCB}},
	{REGFLAG_CMD, 9, {0xAE,0x01,0xE1,0x00,0x01,0x00,0x00,0x00,0x00}},
	{REGFLAG_CMD, 26, {0xD0,0x0F,0xFF,0x0F,0xFE,0x0D,0xBB,0x07,0x52,0x04,0x8B,0x04,0x8A,0x03,0xE6,0x02,0xCB,0x01,0xE1,0x00,0x01,0x00,0x00,0x00,0x00,0x00}},
	{REGFLAG_CMD, 26, {0xD1,0x0F,0xFF,0x0F,0xFE,0x0D,0xBB,0x07,0x52,0x04,0x8B,0x04,0x8A,0x03,0xE6,0x02,0xCB,0x01,0xE1,0x00,0x01,0x00,0x00,0x00,0x00,0x00}},
	{REGFLAG_CMD, 4, {0xFF,0x5A,0xA5,0x53}},
	{REGFLAG_CMD, 2, {0xF0,0x01}},
	{REGFLAG_CMD, 4, {0xFF,0x5A,0xA5,0x00}},
	{REGFLAG_CMD, 2, {0x00,0x00}},
	{REGFLAG_CMD, 2, {0x00,0x00}},
	{REGFLAG_CMD, 4, {0xFF,0x5A,0xA5,0x63}},
	{REGFLAG_CMD, 17, {0xF1,0x00,0x00,0x00,0x00,0x00,0x00,0x00,0x00,0x00,0x00,0x00,0x00,0x00,0x00,0x00,0x00}},
	{REGFLAG_CMD, 17, {0xF2,0x10,0x10,0x10,0x10,0x10,0x00,0x00,0x00,0x00,0x00,0x00,0x00,0x00,0x00,0x00,0x00}},
	{REGFLAG_CMD, 17, {0xF3,0x00,0x00,0x00,0x00,0x00,0x20,0x20,0x20,0x20,0x20,0x00,0x00,0x00,0x00,0x00,0x00}},
	{REGFLAG_CMD, 17, {0xF4,0x00,0x00,0x00,0x00,0x00,0xF0,0xF0,0xF0,0xF0,0xF0,0x00,0x00,0x00,0x00,0x00,0x00}},
	{REGFLAG_CMD, 4, {0xFF,0x5A,0xA5,0x00}},
	{REGFLAG_CMD, 2, {0x00,0x00}},
	{REGFLAG_CMD, 2, {0x00,0x00}},
	{REGFLAG_CMD, 4, {0xFF,0x5A,0xA5,0x53}},
	{REGFLAG_CMD, 2, {0xF0,0x00}},
	{REGFLAG_CMD, 4, {0xFF,0x5A,0xA5,0x2D}},
	{REGFLAG_CMD, 3, {0x83,0x00,0x00}},
	{REGFLAG_CMD, 2, {0xF2,0x00}},
	{REGFLAG_CMD, 4, {0xFF,0x5A,0xA5,0x00}},
	{REGFLAG_CMD, 2, {0x60,0x00}},
	{REGFLAG_CMD, 4, {0xFF,0x5A,0xA5,0x00}},
};

struct LCM_setting_table dsi_pwm_switch_3to1pul_120hz[] = {
	{REGFLAG_CMD, 4, {0xFF,0x5A,0xA5,0x0B}},
	{REGFLAG_CMD, 2, {0xA0,0x05}},
	{REGFLAG_CMD, 4, {0xFF,0x5A,0xA5,0x23}},
	{REGFLAG_CMD, 2, {0x8D,0x48}},
	{REGFLAG_CMD, 4, {0xFF,0x5A,0xA5,0x24}},
	{REGFLAG_CMD, 9, {0xAC,0x0F,0xFE,0x0D,0xBB,0x07,0x52,0x04,0x8B}},
	{REGFLAG_CMD, 9, {0xAD,0x04,0x8A,0x02,0xCB,0x01,0xE1,0x00,0x01}},
	{REGFLAG_CMD, 9, {0xAE,0x00,0x00,0x00,0x00,0x00,0x00,0x00,0x00}},
	{REGFLAG_CMD, 26, {0xD0,0x0F,0xFE,0x0D,0xBB,0x07,0x52,0x04,0x8B,0x04,0x8A,0x02,0xCB,0x01,0xE1,0x00,0x01,0x00,0x00,0x00,0x00,0x00,0x00,0x00,0x00,0x00}},
	{REGFLAG_CMD, 26, {0xD1,0x0F,0xFE,0x0D,0xBB,0x07,0x52,0x04,0x8B,0x04,0x8A,0x02,0xCB,0x01,0xE1,0x00,0x01,0x00,0x00,0x00,0x00,0x00,0x00,0x00,0x00,0x00}},
	{REGFLAG_CMD, 4, {0xFF,0x5A,0xA5,0x53}},
	{REGFLAG_CMD, 2, {0xF0,0x01}},
	{REGFLAG_CMD, 4, {0xFF,0x5A,0xA5,0x00}},
	{REGFLAG_CMD, 2, {0x00,0x00}},
	{REGFLAG_CMD, 2, {0x00,0x00}},
	{REGFLAG_CMD, 4, {0xFF,0x5A,0xA5,0x63}},
	{REGFLAG_CMD, 17, {0xF1,0x20,0x20,0x20,0x20,0x20,0x20,0x20,0x20,0x20,0x20,0x00,0x00,0x00,0x00,0x00,0x00}},
	{REGFLAG_CMD, 17, {0xF2,0x00,0x00,0x00,0x00,0x00,0x00,0x00,0x00,0x00,0x00,0x00,0x00,0x00,0x00,0x00,0x00}},
	{REGFLAG_CMD, 17, {0xF3,0x00,0x00,0x00,0x00,0x00,0x00,0x00,0x00,0x00,0x00,0x00,0x00,0x00,0x00,0x00,0x00}},
	{REGFLAG_CMD, 17, {0xF4,0xF0,0xF0,0xF0,0xF0,0xF0,0xF0,0xF0,0xF0,0xF0,0xF0,0x00,0x00,0x00,0x00,0x00,0x00}},
	{REGFLAG_CMD, 4, {0xFF,0x5A,0xA5,0x00}},
	{REGFLAG_CMD, 2, {0x00,0x00}},
	{REGFLAG_CMD, 2, {0x00,0x00}},
	{REGFLAG_CMD, 4, {0xFF,0x5A,0xA5,0x53}},
	{REGFLAG_CMD, 2, {0xF0,0x00}},
	{REGFLAG_CMD, 4, {0xFF,0x5A,0xA5,0x2D}},
	{REGFLAG_CMD, 3, {0x84,0x00,0x00}},
	{REGFLAG_CMD, 2, {0xF2,0x00}},
	{REGFLAG_CMD, 4, {0xFF,0x5A,0xA5,0x00}},
	{REGFLAG_CMD, 2, {0x60,0x01}},
	{REGFLAG_CMD, 4, {0xFF,0x5A,0xA5,0x00}},
};

struct LCM_setting_table dsi_pwm_switch_18to1pul_120hz[] = {
	{REGFLAG_CMD, 4, {0xFF,0x5A,0xA5,0x0B}},
	{REGFLAG_CMD, 2, {0xA0,0x05}},
	{REGFLAG_CMD, 4, {0xFF,0x5A,0xA5,0x23}},
	{REGFLAG_CMD, 2, {0x8D,0x48}},
	{REGFLAG_CMD, 4, {0xFF,0x5A,0xA5,0x24}},
	{REGFLAG_CMD, 9, {0xAC,0x0F,0xFE,0x0D,0xBB,0x07,0x52,0x04,0x8B}},
	{REGFLAG_CMD, 9, {0xAD,0x04,0x8A,0x02,0xCB,0x01,0xE1,0x00,0x01}},
	{REGFLAG_CMD, 9, {0xAE,0x00,0x00,0x00,0x00,0x00,0x00,0x00,0x00}},
	{REGFLAG_CMD, 26, {0xD0,0x0F,0xFE,0x0D,0xBB,0x07,0x52,0x04,0x8B,0x04,0x8A,0x02,0xCB,0x01,0xE1,0x00,0x01,0x00,0x00,0x00,0x00,0x00,0x00,0x00,0x00,0x00}},
	{REGFLAG_CMD, 26, {0xD1,0x0F,0xFE,0x0D,0xBB,0x07,0x52,0x04,0x8B,0x04,0x8A,0x02,0xCB,0x01,0xE1,0x00,0x01,0x00,0x00,0x00,0x00,0x00,0x00,0x00,0x00,0x00}},
	{REGFLAG_CMD, 4, {0xFF,0x5A,0xA5,0x53}},
	{REGFLAG_CMD, 2, {0xF0,0x01}},
	{REGFLAG_CMD, 4, {0xFF,0x5A,0xA5,0x00}},
	{REGFLAG_CMD, 2, {0x00,0x00}},
	{REGFLAG_CMD, 2, {0x00,0x00}},
	{REGFLAG_CMD, 4, {0xFF,0x5A,0xA5,0x63}},
	{REGFLAG_CMD, 17, {0xF1,0x20,0x20,0x20,0x20,0x20,0x20,0x20,0x20,0x20,0x20,0x00,0x00,0x00,0x00,0x00,0x00}},
	{REGFLAG_CMD, 17, {0xF2,0x00,0x00,0x00,0x00,0x00,0x00,0x00,0x00,0x00,0x00,0x00,0x00,0x00,0x00,0x00,0x00}},
	{REGFLAG_CMD, 17, {0xF3,0x00,0x00,0x00,0x00,0x00,0x00,0x00,0x00,0x00,0x00,0x00,0x00,0x00,0x00,0x00,0x00}},
	{REGFLAG_CMD, 17, {0xF4,0xF0,0xF0,0xF0,0xF0,0xF0,0xF0,0xF0,0xF0,0xF0,0xF0,0x00,0x00,0x00,0x00,0x00,0x00}},
	{REGFLAG_CMD, 4, {0xFF,0x5A,0xA5,0x00}},
	{REGFLAG_CMD, 2, {0x00,0x00}},
	{REGFLAG_CMD, 2, {0x00,0x00}},
	{REGFLAG_CMD, 4, {0xFF,0x5A,0xA5,0x53}},
	{REGFLAG_CMD, 2, {0xF0,0x00}},
	{REGFLAG_CMD, 4, {0xFF,0x5A,0xA5,0x2D}},
	{REGFLAG_CMD, 3, {0x84,0x00,0x00}},
	{REGFLAG_CMD, 2, {0xF2,0x00}},
	{REGFLAG_CMD, 4, {0xFF,0x5A,0xA5,0x00}},
	{REGFLAG_CMD, 2, {0x60,0x01}},
	{REGFLAG_CMD, 4, {0xFF,0x5A,0xA5,0x00}},
};

struct LCM_setting_table dsi_pwm_switch_3to18pul_120hz[] = {
	{REGFLAG_CMD, 4, {0xFF,0x5A,0xA5,0x08}},
	{REGFLAG_CMD, 2, {0x98,0x02}},
	{REGFLAG_CMD, 4, {0xFF,0x5A,0xA5,0x4F}},
	{REGFLAG_CMD, 2, {0x81,0x06}},
	{REGFLAG_CMD, 2, {0x88,0x78}},
	{REGFLAG_CMD, 4, {0xFF,0x5A,0xA5,0x2D}},
	{REGFLAG_CMD, 3, {0x83,0x00,0x00}},
	{REGFLAG_CMD, 4, {0xFF,0x5A,0xA5,0x4F}},
	{REGFLAG_CMD, 2, {0x8A,0x78}},
	{REGFLAG_CMD, 4, {0xFF,0x5A,0xA5,0x00}},
	{REGFLAG_CMD, 3, {0x51,0x04,0x8A}},
	{REGFLAG_CMD, 4, {0xFF,0x5A,0xA5,0x24}},
	{REGFLAG_CMD, 6, {0xC9,0x00,0x00,0x00,0x10,0x00}},
	{REGFLAG_CMD, 4, {0xFE,0x30,0x00,0x70}},
	{REGFLAG_CMD, 6, {0xCA,0x01,0x08,0x01,0x80,0x02}},
	{REGFLAG_CMD, 4, {0xFE,0x08,0x02,0x88}},
	{REGFLAG_CMD, 6, {0xCB,0x03,0x00,0x03,0x90,0x04}},
	{REGFLAG_CMD, 4, {0xFE,0x60,0x05,0x10}},
	{REGFLAG_CMD, 6, {0xCC,0x06,0x10,0x07,0x08,0x07}},
	{REGFLAG_CMD, 4, {0xFE,0xF8,0x09,0x80}},
	{REGFLAG_CMD, 6, {0xCD,0x0A,0xE8,0x0C,0x40,0x0D}},
	{REGFLAG_CMD, 4, {0xFE,0x60,0x0E,0x30}},
	{REGFLAG_CMD, 6, {0xCE,0x0E,0xF0,0x0F,0xF0,0x0F}},
	{REGFLAG_CMD, 4, {0xFE,0xF0,0x0F,0xF0}},
	{REGFLAG_CMD, 4, {0xFF,0x5A,0xA5,0x0B}},
	{REGFLAG_CMD, 2, {0xA0,0x05}},
	{REGFLAG_CMD, 4, {0xFF,0x5A,0xA5,0x4F}},
	{REGFLAG_CMD, 2, {0x8A,0x78}},
	{REGFLAG_CMD, 4, {0xFF,0x5A,0xA5,0x24}},
	{REGFLAG_CMD, 6, {0xC9,0x00,0x00,0x00,0x10,0x00}},
	{REGFLAG_CMD, 4, {0xFE,0x30,0x00,0x70}},
	{REGFLAG_CMD, 6, {0xCA,0x00,0xF0,0x01,0x70,0x01}},
	{REGFLAG_CMD, 4, {0xFE,0xF0,0x02,0x70}},
	{REGFLAG_CMD, 6, {0xCB,0x02,0xF0,0x03,0x70,0x04}},
	{REGFLAG_CMD, 4, {0xFE,0x50,0x04,0xF0}},
	{REGFLAG_CMD, 6, {0xCC,0x05,0xF0,0x06,0xF0,0x07}},
	{REGFLAG_CMD, 4, {0xFE,0xF0,0x09,0x70}},
	{REGFLAG_CMD, 6, {0xCD,0x0A,0xD0,0x0C,0x30,0x0D}},
	{REGFLAG_CMD, 4, {0xFE,0x50,0x0E,0x20}},
	{REGFLAG_CMD, 6, {0xCE,0x0E,0xF0,0x0F,0xF0,0x0F}},
	{REGFLAG_CMD, 4, {0xFE,0xF0,0x0F,0xF0}},
	{REGFLAG_CMD, 4, {0xFF,0x5A,0xA5,0x2D}},
	{REGFLAG_CMD, 3, {0x83,0x77,0x00}},
	{REGFLAG_CMD, 4, {0xFF,0x5A,0xA5,0x08}},
	{REGFLAG_CMD, 2, {0x98,0xA6}},
	{REGFLAG_CMD, 4, {0xFF,0x5A,0xA5,0x00}},
	{REGFLAG_CMD, 2, {0x00,0x00}},
	{REGFLAG_CMD, 4, {0xFF,0x5A,0xA5,0x4F}},
	{REGFLAG_CMD, 2, {0x8B,0x78}},
	{REGFLAG_CMD, 4, {0xFF,0x5A,0xA5,0x00}},
};

struct LCM_setting_table dsi_pwm_switch_18to3pul_120hz[] = {
	{REGFLAG_CMD, 4, {0xFF,0x5A,0xA5,0x08}},
	{REGFLAG_CMD, 2, {0x98,0x02}},
	{REGFLAG_CMD, 4, {0xFF,0x5A,0xA5,0x4F}},
	{REGFLAG_CMD, 2, {0x81,0x06}},
	{REGFLAG_CMD, 2, {0x88,0x78}},
	{REGFLAG_CMD, 4, {0xFF,0x5A,0xA5,0x2D}},
	{REGFLAG_CMD, 3, {0x83,0x00,0x00}},
	{REGFLAG_CMD, 4, {0xFF,0x5A,0xA5,0x4F}},
	{REGFLAG_CMD, 2, {0x8A,0x78}},
	{REGFLAG_CMD, 4, {0xFF,0x5A,0xA5,0x00}},
	{REGFLAG_CMD, 3, {0x51,0x04,0x8B}},
	{REGFLAG_CMD, 4, {0xFF,0x5A,0xA5,0x24}},
	{REGFLAG_CMD, 6, {0xC9,0x00,0x00,0x00,0x10,0x00}},
	{REGFLAG_CMD, 4, {0xFE,0x30,0x00,0x70}},
	{REGFLAG_CMD, 6, {0xCA,0x00,0xF0,0x01,0x30,0x01}},
	{REGFLAG_CMD, 4, {0xFE,0xA0,0x02,0x50}},
	{REGFLAG_CMD, 6, {0xCB,0x02,0xB0,0x03,0x40,0x04}},
	{REGFLAG_CMD, 4, {0xFE,0x20,0x04,0xC8}},
	{REGFLAG_CMD, 6, {0xCC,0x05,0xD8,0x06,0xD0,0x07}},
	{REGFLAG_CMD, 4, {0xFE,0xE0,0x09,0x50}},
	{REGFLAG_CMD, 6, {0xCD,0x0A,0xB0,0x0C,0x30,0x0D}},
	{REGFLAG_CMD, 4, {0xFE,0x48,0x0E,0x00}},
	{REGFLAG_CMD, 6, {0xCE,0x0E,0xE0,0x0F,0xF0,0x0F}},
	{REGFLAG_CMD, 4, {0xFE,0xF0,0x0F,0xF0}},
	{REGFLAG_CMD, 4, {0xFF,0x5A,0xA5,0x0B}},
	{REGFLAG_CMD, 2, {0xA0,0x07}},
	{REGFLAG_CMD, 4, {0xFF,0x5A,0xA5,0x4F}},
	{REGFLAG_CMD, 2, {0x8A,0x78}},
	{REGFLAG_CMD, 4, {0xFF,0x5A,0xA5,0x24}},
	{REGFLAG_CMD, 6, {0xC9,0x00,0x00,0x00,0x10,0x00}},
	{REGFLAG_CMD, 4, {0xFE,0x30,0x00,0x70}},
	{REGFLAG_CMD, 6, {0xCA,0x00,0xF0,0x01,0x70,0x01}},
	{REGFLAG_CMD, 4, {0xFE,0xF0,0x02,0x70}},
	{REGFLAG_CMD, 6, {0xCB,0x02,0xF0,0x03,0x70,0x04}},
	{REGFLAG_CMD, 4, {0xFE,0x50,0x04,0xF0}},
	{REGFLAG_CMD, 6, {0xCC,0x05,0xF0,0x06,0xF0,0x07}},
	{REGFLAG_CMD, 4, {0xFE,0xF0,0x09,0x70}},
	{REGFLAG_CMD, 6, {0xCD,0x0A,0xD0,0x0C,0x30,0x0D}},
	{REGFLAG_CMD, 4, {0xFE,0x50,0x0E,0x20}},
	{REGFLAG_CMD, 6, {0xCE,0x0E,0xF0,0x0F,0xF0,0x0F}},
	{REGFLAG_CMD, 4, {0xFE,0xF0,0x0F,0xF0}},
	{REGFLAG_CMD, 4, {0xFF,0x5A,0xA5,0x2D}},
	{REGFLAG_CMD, 3, {0x83,0x77,0x00}},
	{REGFLAG_CMD, 4, {0xFF,0x5A,0xA5,0x08}},
	{REGFLAG_CMD, 2, {0x98,0xA6}},
	{REGFLAG_CMD, 4, {0xFF,0x5A,0xA5,0x00}},
	{REGFLAG_CMD, 2, {0x00,0x00}},
	{REGFLAG_CMD, 4, {0xFF,0x5A,0xA5,0x4F}},
	{REGFLAG_CMD, 2, {0x8B,0x78}},
	{REGFLAG_CMD, 4, {0xFF,0x5A,0xA5,0x00}},
};

struct LCM_setting_table dsi_pwm_switch_18to3pul_wake_120hz[] = {
	{REGFLAG_CMD, 4, {0xFF,0x5A,0xA5,0x0B}},
	{REGFLAG_CMD, 2, {0xA0,0x07}},
};

struct LCM_setting_table dsi_pwm_switch_pwm_compensate_120hz[] = {
	{REGFLAG_CMD, 4, {0xFF,0x5A,0xA5,0x4E}},
	{REGFLAG_CMD, 91, {0xCF,0x00,0x00,0x00,0x00,0x00,0x00,0x08,0x88,0x88,0x00,0x00,0x00,0x00,0x00,0x00,0x00,0x00,0x00,0x00,0x34,0x34,0x34,0x34,0x34,0x08,0x88,0x88,0x00,0x00,
		0x00,0x00,0x00,0x00,0x00,0x00,0x00,0x00,0x34,0x34,0x34,0x34,0x34,0x08,0x88,0x88,0x00,0x00,0x00,0x00,0x00,0x00,0x00,0x00,0x00,0x00,0x14,0x14,0x14,0x14,0x14,0x08,0x88,
		0x88,0x00,0x00,0x00,0x00,0x00,0x00,0x00,0x00,0x00,0x00,0x14,0x14,0x14,0x14,0x14,0x08,0x88,0x88,0x00,0x00,0x00,0x00,0x00,0x00,0x00,0x00,0x00}},
	{REGFLAG_CMD, 91, {0xD0,0x00,0x00,0x00,0x00,0x00,0x00,0x08,0x88,0x88,0x00,0x00,0x00,0x00,0x00,0x00,0x00,0x00,0x00,0x00,0x0B,0x0B,0x0B,0x0B,0x0B,0x08,0x88,0x88,0x00,0x00,
		0x00,0x00,0x00,0x00,0x00,0x00,0x00,0x00,0x0B,0x0B,0x0B,0x0B,0x0B,0x08,0x88,0x88,0x00,0x00,0x00,0x00,0x00,0x00,0x00,0x00,0x00,0x00,0x05,0x05,0x05,0x05,0x05,0x08,0x88,
		0x88,0x00,0x00,0x00,0x00,0x00,0x00,0x00,0x00,0x00,0x00,0x05,0x05,0x05,0x05,0x05,0x08,0x88,0x88,0x00,0x00,0x00,0x00,0x00,0x00,0x00,0x00,0x00}},
	{REGFLAG_CMD, 4, {0xFF,0x5A,0xA5,0x00}},
};

struct LCM_setting_table dsi_pwm_switch_dc_compensate_120hz[] = {
	{REGFLAG_CMD, 4, {0xFF,0x5A,0xA5,0x4E}},
	{REGFLAG_CMD, 91, {0xCF,0x00,0x39,0x39,0x39,0x39,0x39,0x08,0x88,0x88,0x00,0x00,0x00,0x00,0x00,0x00,0x00,0x00,0x00,0x00,0x39,0x39,0x39,0x39,0x39,0x08,0x88,0x88,0x00,0x00,
		0x00,0x00,0x00,0x00,0x00,0x00,0x00,0x00,0x39,0x39,0x39,0x39,0x39,0x08,0x88,0x88,0x00,0x00,0x00,0x00,0x00,0x00,0x00,0x00,0x00,0x00,0x1E,0x1E,0x1E,0x1E,0x1E,0x08,0x88,
		0x88,0x00,0x00,0x00,0x00,0x00,0x00,0x00,0x00,0x00,0x00,0x1E,0x1E,0x1E,0x1E,0x1E,0x08,0x88,0x88,0x00,0x00,0x00,0x00,0x00,0x00,0x00,0x00,0x00}},
	{REGFLAG_CMD, 91, {0xD0,0x00,0x0C,0x0C,0x0C,0x0C,0x0C,0x08,0x88,0x88,0x00,0x00,0x00,0x00,0x00,0x00,0x00,0x00,0x00,0x00,0x0C,0x0C,0x0C,0x0C,0x0C,0x08,0x88,0x88,0x00,0x00,
		0x00,0x00,0x00,0x00,0x00,0x00,0x00,0x00,0x0C,0x0C,0x0C,0x0C,0x0C,0x08,0x88,0x88,0x00,0x00,0x00,0x00,0x00,0x00,0x00,0x00,0x00,0x00,0x0A,0x0A,0x0A,0x0A,0x0A,0x08,0x88,
		0x88,0x00,0x00,0x00,0x00,0x00,0x00,0x00,0x00,0x00,0x00,0x0A,0x0A,0x0A,0x0A,0x0A,0x08,0x88,0x88,0x00,0x00,0x00,0x00,0x00,0x00,0x00,0x00,0x00}},
	{REGFLAG_CMD, 4, {0xFF,0x5A,0xA5,0x00}},
};

struct LCM_setting_table dsi_pwm_switch_1to3pul_90hz[] = {
	{REGFLAG_CMD, 4, {0xFF,0x5A,0xA5,0x0B}},
	{REGFLAG_CMD, 2, {0xA0,0x07}}, // >70nit A0 07, <=70nit A0 05
	{REGFLAG_CMD, 4, {0xFF,0x5A,0xA5,0x23}},
	{REGFLAG_CMD, 2, {0x8D,0x4A}},
	{REGFLAG_CMD, 4, {0xFF,0x5A,0xA5,0x24}},
	{REGFLAG_CMD, 9, {0xAC,0x0F,0xFF,0x0F,0xFE,0x0D,0xBB,0x07,0x52}},
	{REGFLAG_CMD, 9, {0xAD,0x04,0x8B,0x04,0x8A,0x03,0xE6,0x02,0xCB}},
	{REGFLAG_CMD, 9, {0xAE,0x01,0xE1,0x00,0x01,0x00,0x00,0x00,0x00}},
	{REGFLAG_CMD, 26, {0xD0,0x0F,0xFF,0x0F,0xFE,0x0D,0xBB,0x07,0x52,0x04,0x8B,0x04,0x8A,0x03,0xE6,0x02,0xCB,0x01,0xE1,0x00,0x01,0x00,0x00,0x00,0x00,0x00}},
	{REGFLAG_CMD, 26, {0xD1,0x0F,0xFF,0x0F,0xFE,0x0D,0xBB,0x07,0x52,0x04,0x8B,0x04,0x8A,0x03,0xE6,0x02,0xCB,0x01,0xE1,0x00,0x01,0x00,0x00,0x00,0x00,0x00}},
	{REGFLAG_CMD, 4, {0xFF,0x5A,0xA5,0x53}},
	{REGFLAG_CMD, 2, {0xF0,0x01}},
	{REGFLAG_CMD, 4, {0xFF,0x5A,0xA5,0x00}},
	{REGFLAG_CMD, 2, {0x00,0x00}},
	{REGFLAG_CMD, 2, {0x00,0x00}},
	{REGFLAG_CMD, 4, {0xFF,0x5A,0xA5,0x63}},
	{REGFLAG_CMD, 17, {0xF1,0x00,0x00,0x00,0x00,0x00,0x00,0x00,0x00,0x00,0x00,0x00,0x00,0x00,0x00,0x00,0x00}},
	{REGFLAG_CMD, 17, {0xF2,0x10,0x10,0x10,0x10,0x10,0x00,0x00,0x00,0x00,0x00,0x00,0x00,0x00,0x00,0x00,0x00}},
	{REGFLAG_CMD, 17, {0xF3,0x00,0x00,0x00,0x00,0x00,0x20,0x20,0x20,0x20,0x20,0x00,0x00,0x00,0x00,0x00,0x00}},
	{REGFLAG_CMD, 17, {0xF4,0x00,0x00,0x00,0x00,0x00,0xF0,0xF0,0xF0,0xF0,0xF0,0x00,0x00,0x00,0x00,0x00,0x00}},
	{REGFLAG_CMD, 4, {0xFF,0x5A,0xA5,0x00}},
	{REGFLAG_CMD, 2, {0x00,0x00}},
	{REGFLAG_CMD, 2, {0x00,0x00}},
	{REGFLAG_CMD, 4, {0xFF,0x5A,0xA5,0x53}},
	{REGFLAG_CMD, 2, {0xF0,0x00}},
	{REGFLAG_CMD, 4, {0xFF,0x5A,0xA5,0x2D}},
	{REGFLAG_CMD, 3, {0x85,0x00,0x00}},
	{REGFLAG_CMD, 2, {0xF2,0x00}},
	{REGFLAG_CMD, 4, {0xFF,0x5A,0xA5,0x00}},
	{REGFLAG_CMD, 2, {0x60,0x02}},
	{REGFLAG_CMD, 4, {0xFF,0x5A,0xA5,0x00}},
};

struct LCM_setting_table dsi_pwm_switch_1to18pul_90hz[] = {
	{REGFLAG_CMD, 4, {0xFF,0x5A,0xA5,0x0B}},
	{REGFLAG_CMD, 2, {0xA0,0x07}}, // >70nit A0 07, <=70nit A0 05
	{REGFLAG_CMD, 4, {0xFF,0x5A,0xA5,0x23}},
	{REGFLAG_CMD, 2, {0x8D,0x4A}},
	{REGFLAG_CMD, 4, {0xFF,0x5A,0xA5,0x24}},
	{REGFLAG_CMD, 9, {0xAC,0x0F,0xFF,0x0F,0xFE,0x0D,0xBB,0x07,0x52}},
	{REGFLAG_CMD, 9, {0xAD,0x04,0x8B,0x04,0x8A,0x03,0xE6,0x02,0xCB}},
	{REGFLAG_CMD, 9, {0xAE,0x01,0xE1,0x00,0x01,0x00,0x00,0x00,0x00}},
	{REGFLAG_CMD, 26, {0xD0,0x0F,0xFF,0x0F,0xFE,0x0D,0xBB,0x07,0x52,0x04,0x8B,0x04,0x8A,0x03,0xE6,0x02,0xCB,0x01,0xE1,0x00,0x01,0x00,0x00,0x00,0x00,0x00}},
	{REGFLAG_CMD, 26, {0xD1,0x0F,0xFF,0x0F,0xFE,0x0D,0xBB,0x07,0x52,0x04,0x8B,0x04,0x8A,0x03,0xE6,0x02,0xCB,0x01,0xE1,0x00,0x01,0x00,0x00,0x00,0x00,0x00}},
	{REGFLAG_CMD, 4, {0xFF,0x5A,0xA5,0x53}},
	{REGFLAG_CMD, 2, {0xF0,0x01}},
	{REGFLAG_CMD, 4, {0xFF,0x5A,0xA5,0x00}},
	{REGFLAG_CMD, 2, {0x00,0x00}},
	{REGFLAG_CMD, 2, {0x00,0x00}},
	{REGFLAG_CMD, 4, {0xFF,0x5A,0xA5,0x63}},
	{REGFLAG_CMD, 17, {0xF1,0x00,0x00,0x00,0x00,0x00,0x00,0x00,0x00,0x00,0x00,0x00,0x00,0x00,0x00,0x00,0x00}},
	{REGFLAG_CMD, 17, {0xF2,0x10,0x10,0x10,0x10,0x10,0x00,0x00,0x00,0x00,0x00,0x00,0x00,0x00,0x00,0x00,0x00}},
	{REGFLAG_CMD, 17, {0xF3,0x00,0x00,0x00,0x00,0x00,0x20,0x20,0x20,0x20,0x20,0x00,0x00,0x00,0x00,0x00,0x00}},
	{REGFLAG_CMD, 17, {0xF4,0x00,0x00,0x00,0x00,0x00,0xF0,0xF0,0xF0,0xF0,0xF0,0x00,0x00,0x00,0x00,0x00,0x00}},
	{REGFLAG_CMD, 4, {0xFF,0x5A,0xA5,0x00}},
	{REGFLAG_CMD, 2, {0x00,0x00}},
	{REGFLAG_CMD, 2, {0x00,0x00}},
	{REGFLAG_CMD, 4, {0xFF,0x5A,0xA5,0x53}},
	{REGFLAG_CMD, 2, {0xF0,0x00}},
	{REGFLAG_CMD, 4, {0xFF,0x5A,0xA5,0x2D}},
	{REGFLAG_CMD, 3, {0x85,0x00,0x00}},
	{REGFLAG_CMD, 2, {0xF2,0x00}},
	{REGFLAG_CMD, 4, {0xFF,0x5A,0xA5,0x00}},
	{REGFLAG_CMD, 2, {0x60,0x02}},
	{REGFLAG_CMD, 4, {0xFF,0x5A,0xA5,0x00}},
};

struct LCM_setting_table dsi_pwm_switch_3to1pul_90hz[] = {
	{REGFLAG_CMD, 4, {0xFF,0x5A,0xA5,0x0B}},
	{REGFLAG_CMD, 2, {0xA0,0x05}},
	{REGFLAG_CMD, 4, {0xFF,0x5A,0xA5,0x23}},
	{REGFLAG_CMD, 2, {0x8D,0x48}},
	{REGFLAG_CMD, 4, {0xFF,0x5A,0xA5,0x24}},
	{REGFLAG_CMD, 9, {0xAC,0x0F,0xFE,0x0D,0xBB,0x07,0x52,0x04,0x8B}},
	{REGFLAG_CMD, 9, {0xAD,0x04,0x8A,0x02,0xCB,0x01,0xE1,0x00,0x01}},
	{REGFLAG_CMD, 9, {0xAE,0x00,0x00,0x00,0x00,0x00,0x00,0x00,0x00}},
	{REGFLAG_CMD, 26, {0xD0,0x0F,0xFE,0x0D,0xBB,0x07,0x52,0x04,0x8B,0x04,0x8A,0x02,0xCB,0x01,0xE1,0x00,0x01,0x00,0x00,0x00,0x00,0x00,0x00,0x00,0x00,0x00}},
	{REGFLAG_CMD, 26, {0xD1,0x0F,0xFE,0x0D,0xBB,0x07,0x52,0x04,0x8B,0x04,0x8A,0x02,0xCB,0x01,0xE1,0x00,0x01,0x00,0x00,0x00,0x00,0x00,0x00,0x00,0x00,0x00}},
	{REGFLAG_CMD, 4, {0xFF,0x5A,0xA5,0x53}},
	{REGFLAG_CMD, 2, {0xF0,0x01}},
	{REGFLAG_CMD, 4, {0xFF,0x5A,0xA5,0x00}},
	{REGFLAG_CMD, 2, {0x00,0x00}},
	{REGFLAG_CMD, 2, {0x00,0x00}},
	{REGFLAG_CMD, 4, {0xFF,0x5A,0xA5,0x63}},
	{REGFLAG_CMD, 17, {0xF1,0x20,0x20,0x20,0x20,0x20,0x20,0x20,0x20,0x20,0x20,0x00,0x00,0x00,0x00,0x00,0x00}},
	{REGFLAG_CMD, 17, {0xF2,0x00,0x00,0x00,0x00,0x00,0x00,0x00,0x00,0x00,0x00,0x00,0x00,0x00,0x00,0x00,0x00}},
	{REGFLAG_CMD, 17, {0xF3,0x00,0x00,0x00,0x00,0x00,0x00,0x00,0x00,0x00,0x00,0x00,0x00,0x00,0x00,0x00,0x00}},
	{REGFLAG_CMD, 17, {0xF4,0xF0,0xF0,0xF0,0xF0,0xF0,0xF0,0xF0,0xF0,0xF0,0xF0,0x00,0x00,0x00,0x00,0x00,0x00}},
	{REGFLAG_CMD, 4, {0xFF,0x5A,0xA5,0x00}},
	{REGFLAG_CMD, 2, {0x00,0x00}},
	{REGFLAG_CMD, 2, {0x00,0x00}},
	{REGFLAG_CMD, 4, {0xFF,0x5A,0xA5,0x53}},
	{REGFLAG_CMD, 2, {0xF0,0x00}},
	{REGFLAG_CMD, 4, {0xFF,0x5A,0xA5,0x2D}},
	{REGFLAG_CMD, 3, {0x86,0x00,0x00}},
	{REGFLAG_CMD, 2, {0xF2,0x00}},
	{REGFLAG_CMD, 4, {0xFF,0x5A,0xA5,0x00}},
	{REGFLAG_CMD, 2, {0x60,0x03}},
	{REGFLAG_CMD, 4, {0xFF,0x5A,0xA5,0x00}},
};

struct LCM_setting_table dsi_pwm_switch_18to1pul_90hz[] = {
	{REGFLAG_CMD, 4, {0xFF,0x5A,0xA5,0x0B}},
	{REGFLAG_CMD, 2, {0xA0,0x05}},
	{REGFLAG_CMD, 4, {0xFF,0x5A,0xA5,0x23}},
	{REGFLAG_CMD, 2, {0x8D,0x48}},
	{REGFLAG_CMD, 4, {0xFF,0x5A,0xA5,0x24}},
	{REGFLAG_CMD, 9, {0xAC,0x0F,0xFE,0x0D,0xBB,0x07,0x52,0x04,0x8B}},
	{REGFLAG_CMD, 9, {0xAD,0x04,0x8A,0x02,0xCB,0x01,0xE1,0x00,0x01}},
	{REGFLAG_CMD, 9, {0xAE,0x00,0x00,0x00,0x00,0x00,0x00,0x00,0x00}},
	{REGFLAG_CMD, 26, {0xD0,0x0F,0xFE,0x0D,0xBB,0x07,0x52,0x04,0x8B,0x04,0x8A,0x02,0xCB,0x01,0xE1,0x00,0x01,0x00,0x00,0x00,0x00,0x00,0x00,0x00,0x00,0x00}},
	{REGFLAG_CMD, 26, {0xD1,0x0F,0xFE,0x0D,0xBB,0x07,0x52,0x04,0x8B,0x04,0x8A,0x02,0xCB,0x01,0xE1,0x00,0x01,0x00,0x00,0x00,0x00,0x00,0x00,0x00,0x00,0x00}},
	{REGFLAG_CMD, 4, {0xFF,0x5A,0xA5,0x53}},
	{REGFLAG_CMD, 2, {0xF0,0x01}},
	{REGFLAG_CMD, 4, {0xFF,0x5A,0xA5,0x00}},
	{REGFLAG_CMD, 2, {0x00,0x00}},
	{REGFLAG_CMD, 2, {0x00,0x00}},
	{REGFLAG_CMD, 4, {0xFF,0x5A,0xA5,0x63}},
	{REGFLAG_CMD, 17, {0xF1,0x20,0x20,0x20,0x20,0x20,0x20,0x20,0x20,0x20,0x20,0x00,0x00,0x00,0x00,0x00,0x00}},
	{REGFLAG_CMD, 17, {0xF2,0x00,0x00,0x00,0x00,0x00,0x00,0x00,0x00,0x00,0x00,0x00,0x00,0x00,0x00,0x00,0x00}},
	{REGFLAG_CMD, 17, {0xF3,0x00,0x00,0x00,0x00,0x00,0x00,0x00,0x00,0x00,0x00,0x00,0x00,0x00,0x00,0x00,0x00}},
	{REGFLAG_CMD, 17, {0xF4,0xF0,0xF0,0xF0,0xF0,0xF0,0xF0,0xF0,0xF0,0xF0,0xF0,0x00,0x00,0x00,0x00,0x00,0x00}},
	{REGFLAG_CMD, 4, {0xFF,0x5A,0xA5,0x00}},
	{REGFLAG_CMD, 2, {0x00,0x00}},
	{REGFLAG_CMD, 2, {0x00,0x00}},
	{REGFLAG_CMD, 4, {0xFF,0x5A,0xA5,0x53}},
	{REGFLAG_CMD, 2, {0xF0,0x00}},
	{REGFLAG_CMD, 4, {0xFF,0x5A,0xA5,0x2D}},
	{REGFLAG_CMD, 3, {0x86,0x00,0x00}},
	{REGFLAG_CMD, 2, {0xF2,0x00}},
	{REGFLAG_CMD, 4, {0xFF,0x5A,0xA5,0x00}},
	{REGFLAG_CMD, 2, {0x60,0x03}},
	{REGFLAG_CMD, 4, {0xFF,0x5A,0xA5,0x00}},
};

struct LCM_setting_table dsi_pwm_switch_3to18pul_90hz[] = {
	{REGFLAG_CMD, 4, {0xFF,0x5A,0xA5,0x08}},
	{REGFLAG_CMD, 2, {0x98,0x02}},
	{REGFLAG_CMD, 4, {0xFF,0x5A,0xA5,0x4F}},
	{REGFLAG_CMD, 2, {0x81,0x06}},
	{REGFLAG_CMD, 2, {0x88,0x78}},
	{REGFLAG_CMD, 4, {0xFF,0x5A,0xA5,0x2D}},
	{REGFLAG_CMD, 3, {0x85,0x00,0x00}},
	{REGFLAG_CMD, 4, {0xFF,0x5A,0xA5,0x4F}},
	{REGFLAG_CMD, 2, {0x8A,0x78}},
	{REGFLAG_CMD, 4, {0xFF,0x5A,0xA5,0x00}},
	{REGFLAG_CMD, 3, {0x51,0x04,0x8A}},
	{REGFLAG_CMD, 4, {0xFF,0x5A,0xA5,0x24}},
	{REGFLAG_CMD, 6, {0xC9,0x00,0x00,0x00,0x10,0x00}},
	{REGFLAG_CMD, 4, {0xFE,0x30,0x00,0x70}},
	{REGFLAG_CMD, 6, {0xCA,0x01,0x08,0x01,0x80,0x02}},
	{REGFLAG_CMD, 4, {0xFE,0x08,0x02,0x88}},
	{REGFLAG_CMD, 6, {0xCB,0x03,0x00,0x03,0x90,0x04}},
	{REGFLAG_CMD, 4, {0xFE,0x60,0x05,0x10}},
	{REGFLAG_CMD, 6, {0xCC,0x06,0x08,0x07,0x28,0x08}},
	{REGFLAG_CMD, 4, {0xFE,0x00,0x09,0x90}},
	{REGFLAG_CMD, 6, {0xCD,0x0A,0xF8,0x0C,0x50,0x0D}},
	{REGFLAG_CMD, 4, {0xFE,0x70,0x0E,0x40}},
	{REGFLAG_CMD, 6, {0xCE,0x0E,0xF0,0x0F,0xF0,0x0F}},
	{REGFLAG_CMD, 4, {0xFE,0xF0,0x0F,0xF0}},
	{REGFLAG_CMD, 4, {0xFF,0x5A,0xA5,0x0B}},
	{REGFLAG_CMD, 2, {0xA0,0x05}},
	{REGFLAG_CMD, 4, {0xFF,0x5A,0xA5,0x4F}},
	{REGFLAG_CMD, 2, {0x8A,0x78}},
	{REGFLAG_CMD, 4, {0xFF,0x5A,0xA5,0x24}},
	{REGFLAG_CMD, 6, {0xC9,0x00,0x00,0x00,0x10,0x00}},
	{REGFLAG_CMD, 4, {0xFE,0x30,0x00,0x70}},
	{REGFLAG_CMD, 6, {0xCA,0x00,0xF0,0x01,0x70,0x01}},
	{REGFLAG_CMD, 4, {0xFE,0xF0,0x02,0x70}},
	{REGFLAG_CMD, 6, {0xCB,0x02,0xF0,0x03,0x70,0x04}},
	{REGFLAG_CMD, 4, {0xFE,0x50,0x04,0xF0}},
	{REGFLAG_CMD, 6, {0xCC,0x05,0xF0,0x06,0xF0,0x07}},
	{REGFLAG_CMD, 4, {0xFE,0xF0,0x09,0x70}},
	{REGFLAG_CMD, 6, {0xCD,0x0A,0xD0,0x0C,0x30,0x0D}},
	{REGFLAG_CMD, 4, {0xFE,0x50,0x0E,0x20}},
	{REGFLAG_CMD, 6, {0xCE,0x0E,0xF0,0x0F,0xF0,0x0F}},
	{REGFLAG_CMD, 4, {0xFE,0xF0,0x0F,0xF0}},
	{REGFLAG_CMD, 4, {0xFF,0x5A,0xA5,0x2D}},
	{REGFLAG_CMD, 3, {0x85,0x59,0x00}},
	{REGFLAG_CMD, 4, {0xFF,0x5A,0xA5,0x08}},
	{REGFLAG_CMD, 2, {0x98,0xA6}},
	{REGFLAG_CMD, 4, {0xFF,0x5A,0xA5,0x00}},
	{REGFLAG_CMD, 2, {0x00,0x00}},
	{REGFLAG_CMD, 4, {0xFF,0x5A,0xA5,0x4F}},
	{REGFLAG_CMD, 2, {0x8B,0x78}},
	{REGFLAG_CMD, 4, {0xFF,0x5A,0xA5,0x00}},
};

struct LCM_setting_table dsi_pwm_switch_18to3pul_90hz[] = {
	{REGFLAG_CMD, 4, {0xFF,0x5A,0xA5,0x08}},
	{REGFLAG_CMD, 2, {0x98,0x02}},
	{REGFLAG_CMD, 4, {0xFF,0x5A,0xA5,0x4F}},
	{REGFLAG_CMD, 2, {0x81,0x06}},
	{REGFLAG_CMD, 2, {0x88,0x78}},
	{REGFLAG_CMD, 4, {0xFF,0x5A,0xA5,0x2D}},
	{REGFLAG_CMD, 3, {0x85,0x00,0x00}},
	{REGFLAG_CMD, 4, {0xFF,0x5A,0xA5,0x4F}},
	{REGFLAG_CMD, 2, {0x8A,0x78}},
	{REGFLAG_CMD, 4, {0xFF,0x5A,0xA5,0x00}},
	{REGFLAG_CMD, 3, {0x51,0x04,0x8B}},
	{REGFLAG_CMD, 4, {0xFF,0x5A,0xA5,0x24}},
	{REGFLAG_CMD, 6, {0xC9,0x00,0x00,0x00,0x10,0x00}},
	{REGFLAG_CMD, 4, {0xFE,0x30,0x00,0x70}},
	{REGFLAG_CMD, 6, {0xCA,0x00,0xF0,0x01,0x20,0x01}},
	{REGFLAG_CMD, 4, {0xFE,0x68,0x02,0x48}},
	{REGFLAG_CMD, 6, {0xCB,0x02,0x90,0x03,0x28,0x04}},
	{REGFLAG_CMD, 4, {0xFE,0x10,0x04,0xC0}},
	{REGFLAG_CMD, 6, {0xCC,0x05,0xC0,0x06,0xB8,0x07}},
	{REGFLAG_CMD, 4, {0xFE,0xA8,0x09,0x30}},
	{REGFLAG_CMD, 6, {0xCD,0x0A,0x98,0x0C,0x30,0x0D}},
	{REGFLAG_CMD, 4, {0xFE,0x30,0x0D,0xE8}},
	{REGFLAG_CMD, 6, {0xCE,0x0E,0xF0,0x0F,0xF0,0x0F}},
	{REGFLAG_CMD, 4, {0xFE,0xF0,0x0F,0xF0}},
	{REGFLAG_CMD, 4, {0xFF,0x5A,0xA5,0x0B}},
	{REGFLAG_CMD, 2, {0xA0,0x07}},
	{REGFLAG_CMD, 4, {0xFF,0x5A,0xA5,0x4F}},
	{REGFLAG_CMD, 2, {0x8A,0x78}},
	{REGFLAG_CMD, 4, {0xFF,0x5A,0xA5,0x24}},
	{REGFLAG_CMD, 6, {0xC9,0x00,0x00,0x00,0x10,0x00}},
	{REGFLAG_CMD, 4, {0xFE,0x30,0x00,0x70}},
	{REGFLAG_CMD, 6, {0xCA,0x00,0xF0,0x01,0x70,0x01}},
	{REGFLAG_CMD, 4, {0xFE,0xF0,0x02,0x70}},
	{REGFLAG_CMD, 6, {0xCB,0x02,0xF0,0x03,0x70,0x04}},
	{REGFLAG_CMD, 4, {0xFE,0x50,0x04,0xF0}},
	{REGFLAG_CMD, 6, {0xCC,0x05,0xF0,0x06,0xF0,0x07}},
	{REGFLAG_CMD, 4, {0xFE,0xF0,0x09,0x70}},
	{REGFLAG_CMD, 6, {0xCD,0x0A,0xD0,0x0C,0x30,0x0D}},
	{REGFLAG_CMD, 4, {0xFE,0x50,0x0E,0x20}},
	{REGFLAG_CMD, 6, {0xCE,0x0E,0xF0,0x0F,0xF0,0x0F}},
	{REGFLAG_CMD, 4, {0xFE,0xF0,0x0F,0xF0}},
	{REGFLAG_CMD, 4, {0xFF,0x5A,0xA5,0x2D}},
	{REGFLAG_CMD, 3, {0x85,0x59,0x00}},
	{REGFLAG_CMD, 4, {0xFF,0x5A,0xA5,0x08}},
	{REGFLAG_CMD, 2, {0x98,0xA6}},
	{REGFLAG_CMD, 4, {0xFF,0x5A,0xA5,0x00}},
	{REGFLAG_CMD, 2, {0x00,0x00}},
	{REGFLAG_CMD, 4, {0xFF,0x5A,0xA5,0x4F}},
	{REGFLAG_CMD, 2, {0x8B,0x78}},
	{REGFLAG_CMD, 4, {0xFF,0x5A,0xA5,0x00}},
};

struct LCM_setting_table dsi_pwm_switch_18to3pul_wake_90hz[] = {
	{REGFLAG_CMD, 4, {0xFF,0x5A,0xA5,0x0B}},
	{REGFLAG_CMD, 2, {0xA0,0x07}},
};

struct LCM_setting_table dsi_pwm_switch_pwm_compensate_90hz[] = {
	{REGFLAG_CMD, 4, {0xFF,0x5A,0xA5,0x4E}},
	{REGFLAG_CMD, 91, {0xCF,0x00,0x00,0x00,0x00,0x00,0x00,0x08,0x88,0x88,0x00,0x00,0x00,0x00,0x00,0x00,0x00,0x00,0x00,0x00,0x34,0x34,0x34,0x34,0x34,0x08,0x88,0x88,0x00,0x00,
		0x00,0x00,0x00,0x00,0x00,0x00,0x00,0x00,0x34,0x34,0x34,0x34,0x34,0x08,0x88,0x88,0x00,0x00,0x00,0x00,0x00,0x00,0x00,0x00,0x00,0x00,0x19,0x19,0x19,0x19,0x19,0x08,0x88,
		0x88,0x00,0x00,0x00,0x00,0x00,0x00,0x00,0x00,0x00,0x00,0x19,0x19,0x19,0x19,0x19,0x08,0x88,0x88,0x00,0x00,0x00,0x00,0x00,0x00,0x00,0x00,0x00}},
	{REGFLAG_CMD, 91, {0xD0,0x00,0x00,0x00,0x00,0x00,0x00,0x08,0x88,0x88,0x00,0x00,0x00,0x00,0x00,0x00,0x00,0x00,0x00,0x00,0x0B,0x0B,0x0B,0x0B,0x0B,0x08,0x88,0x88,0x00,0x00,
		0x00,0x00,0x00,0x00,0x00,0x00,0x00,0x00,0x0B,0x0B,0x0B,0x0B,0x0B,0x08,0x88,0x88,0x00,0x00,0x00,0x00,0x00,0x00,0x00,0x00,0x00,0x00,0x06,0x06,0x06,0x06,0x06,0x08,0x88,
		0x88,0x00,0x00,0x00,0x00,0x00,0x00,0x00,0x00,0x00,0x00,0x06,0x06,0x06,0x06,0x06,0x08,0x88,0x88,0x00,0x00,0x00,0x00,0x00,0x00,0x00,0x00,0x00}},
	{REGFLAG_CMD, 4, {0xFF,0x5A,0xA5,0x00}},
};

struct LCM_setting_table dsi_pwm_switch_dc_compensate_90hz[] = {
	{REGFLAG_CMD, 4, {0xFF,0x5A,0xA5,0x4E}},
	{REGFLAG_CMD, 91, {0xCF,0x00,0x39,0x39,0x39,0x39,0x39,0x08,0x88,0x88,0x00,0x00,0x00,0x00,0x00,0x00,0x00,0x00,0x00,0x00,0x39,0x39,0x39,0x39,0x39,0x08,0x88,0x88,0x00,0x00,
		0x00,0x00,0x00,0x00,0x00,0x00,0x00,0x00,0x39,0x39,0x39,0x39,0x39,0x08,0x88,0x88,0x00,0x00,0x00,0x00,0x00,0x00,0x00,0x00,0x00,0x00,0x1E,0x1E,0x1E,0x1E,0x1E,0x08,0x88,
		0x88,0x00,0x00,0x00,0x00,0x00,0x00,0x00,0x00,0x00,0x00,0x1E,0x1E,0x1E,0x1E,0x1E,0x08,0x88,0x88,0x00,0x00,0x00,0x00,0x00,0x00,0x00,0x00,0x00}},
	{REGFLAG_CMD, 91, {0xD0,0x00,0x0C,0x0C,0x0C,0x0C,0x0C,0x08,0x88,0x88,0x00,0x00,0x00,0x00,0x00,0x00,0x00,0x00,0x00,0x00,0x0C,0x0C,0x0C,0x0C,0x0C,0x08,0x88,0x88,0x00,0x00,
		0x00,0x00,0x00,0x00,0x00,0x00,0x00,0x00,0x0C,0x0C,0x0C,0x0C,0x0C,0x08,0x88,0x88,0x00,0x00,0x00,0x00,0x00,0x00,0x00,0x00,0x00,0x00,0x0A,0x0A,0x0A,0x0A,0x0A,0x08,0x88,
		0x88,0x00,0x00,0x00,0x00,0x00,0x00,0x00,0x00,0x00,0x00,0x0A,0x0A,0x0A,0x0A,0x0A,0x08,0x88,0x88,0x00,0x00,0x00,0x00,0x00,0x00,0x00,0x00,0x00}},
	{REGFLAG_CMD, 4, {0xFF,0x5A,0xA5,0x00}},
};

struct LCM_setting_table dsi_pwm_switch_1to3pul_60hz[] = {
	{REGFLAG_CMD, 4, {0xFF,0x5A,0xA5,0x0B}},
	{REGFLAG_CMD, 2, {0xA0,0x07}}, // >70nit A0 07, <=70nit A0 05
	{REGFLAG_CMD, 4, {0xFF,0x5A,0xA5,0x23}},
	{REGFLAG_CMD, 2, {0x8D,0x4A}},
	{REGFLAG_CMD, 4, {0xFF,0x5A,0xA5,0x24}},
	{REGFLAG_CMD, 9, {0xAC,0x0F,0xFF,0x0F,0xFE,0x0D,0xBB,0x07,0x52}},
	{REGFLAG_CMD, 9, {0xAD,0x04,0x8B,0x04,0x8A,0x03,0xE6,0x02,0xCB}},
	{REGFLAG_CMD, 9, {0xAE,0x01,0xE1,0x00,0x01,0x00,0x00,0x00,0x00}},
	{REGFLAG_CMD, 26, {0xD0,0x0F,0xFF,0x0F,0xFE,0x0D,0xBB,0x07,0x52,0x04,0x8B,0x04,0x8A,0x03,0xE6,0x02,0xCB,0x01,0xE1,0x00,0x01,0x00,0x00,0x00,0x00,0x00}},
	{REGFLAG_CMD, 26, {0xD1,0x0F,0xFF,0x0F,0xFE,0x0D,0xBB,0x07,0x52,0x04,0x8B,0x04,0x8A,0x03,0xE6,0x02,0xCB,0x01,0xE1,0x00,0x01,0x00,0x00,0x00,0x00,0x00}},
	{REGFLAG_CMD, 4, {0xFF,0x5A,0xA5,0x53}},
	{REGFLAG_CMD, 2, {0xF0,0x01}},
	{REGFLAG_CMD, 4, {0xFF,0x5A,0xA5,0x00}},
	{REGFLAG_CMD, 2, {0x00,0x00}},
	{REGFLAG_CMD, 2, {0x00,0x00}},
	{REGFLAG_CMD, 4, {0xFF,0x5A,0xA5,0x63}},
	{REGFLAG_CMD, 17, {0xF1,0x00,0x00,0x00,0x00,0x00,0x00,0x00,0x00,0x00,0x00,0x00,0x00,0x00,0x00,0x00,0x00}},
	{REGFLAG_CMD, 17, {0xF2,0x10,0x10,0x10,0x10,0x10,0x00,0x00,0x00,0x00,0x00,0x00,0x00,0x00,0x00,0x00,0x00}},
	{REGFLAG_CMD, 17, {0xF3,0x00,0x00,0x00,0x00,0x00,0x20,0x20,0x20,0x20,0x20,0x00,0x00,0x00,0x00,0x00,0x00}},
	{REGFLAG_CMD, 17, {0xF4,0x00,0x00,0x00,0x00,0x00,0xF0,0xF0,0xF0,0xF0,0xF0,0x00,0x00,0x00,0x00,0x00,0x00}},
	{REGFLAG_CMD, 4, {0xFF,0x5A,0xA5,0x00}},
	{REGFLAG_CMD, 2, {0x00,0x00}},
	{REGFLAG_CMD, 2, {0x00,0x00}},
	{REGFLAG_CMD, 4, {0xFF,0x5A,0xA5,0x53}},
	{REGFLAG_CMD, 2, {0xF0,0x00}},
	{REGFLAG_CMD, 4, {0xFF,0x5A,0xA5,0x2D}},
	{REGFLAG_CMD, 3, {0x83,0x01,0x00}},
	{REGFLAG_CMD, 2, {0xF2,0x01}},
	{REGFLAG_CMD, 4, {0xFF,0x5A,0xA5,0x00}},
	{REGFLAG_CMD, 2, {0x60,0x00}},
	{REGFLAG_CMD, 4, {0xFF,0x5A,0xA5,0x00}},
};

struct LCM_setting_table dsi_pwm_switch_1to18pul_60hz[] = {
	{REGFLAG_CMD, 4, {0xFF,0x5A,0xA5,0x0B}},
	{REGFLAG_CMD, 2, {0xA0,0x05}}, // >70nit A0 07, <=70nit A0 05
	{REGFLAG_CMD, 4, {0xFF,0x5A,0xA5,0x23}},
	{REGFLAG_CMD, 2, {0x8D,0x4A}},
	{REGFLAG_CMD, 4, {0xFF,0x5A,0xA5,0x24}},
	{REGFLAG_CMD, 9, {0xAC,0x0F,0xFF,0x0F,0xFE,0x0D,0xBB,0x07,0x52}},
	{REGFLAG_CMD, 9, {0xAD,0x04,0x8B,0x04,0x8A,0x03,0xE6,0x02,0xCB}},
	{REGFLAG_CMD, 9, {0xAE,0x01,0xE1,0x00,0x01,0x00,0x00,0x00,0x00}},
	{REGFLAG_CMD, 26, {0xD0,0x0F,0xFF,0x0F,0xFE,0x0D,0xBB,0x07,0x52,0x04,0x8B,0x04,0x8A,0x03,0xE6,0x02,0xCB,0x01,0xE1,0x00,0x01,0x00,0x00,0x00,0x00,0x00}},
	{REGFLAG_CMD, 26, {0xD1,0x0F,0xFF,0x0F,0xFE,0x0D,0xBB,0x07,0x52,0x04,0x8B,0x04,0x8A,0x03,0xE6,0x02,0xCB,0x01,0xE1,0x00,0x01,0x00,0x00,0x00,0x00,0x00}},
	{REGFLAG_CMD, 4, {0xFF,0x5A,0xA5,0x53}},
	{REGFLAG_CMD, 2, {0xF0,0x01}},
	{REGFLAG_CMD, 4, {0xFF,0x5A,0xA5,0x00}},
	{REGFLAG_CMD, 2, {0x00,0x00}},
	{REGFLAG_CMD, 2, {0x00,0x00}},
	{REGFLAG_CMD, 4, {0xFF,0x5A,0xA5,0x63}},
	{REGFLAG_CMD, 17, {0xF1,0x00,0x00,0x00,0x00,0x00,0x00,0x00,0x00,0x00,0x00,0x00,0x00,0x00,0x00,0x00,0x00}},
	{REGFLAG_CMD, 17, {0xF2,0x10,0x10,0x10,0x10,0x10,0x00,0x00,0x00,0x00,0x00,0x00,0x00,0x00,0x00,0x00,0x00}},
	{REGFLAG_CMD, 17, {0xF3,0x00,0x00,0x00,0x00,0x00,0x20,0x20,0x20,0x20,0x20,0x00,0x00,0x00,0x00,0x00,0x00}},
	{REGFLAG_CMD, 17, {0xF4,0x00,0x00,0x00,0x00,0x00,0xF0,0xF0,0xF0,0xF0,0xF0,0x00,0x00,0x00,0x00,0x00,0x00}},
	{REGFLAG_CMD, 4, {0xFF,0x5A,0xA5,0x00}},
	{REGFLAG_CMD, 2, {0x00,0x00}},
	{REGFLAG_CMD, 2, {0x00,0x00}},
	{REGFLAG_CMD, 4, {0xFF,0x5A,0xA5,0x53}},
	{REGFLAG_CMD, 2, {0xF0,0x00}},
	{REGFLAG_CMD, 4, {0xFF,0x5A,0xA5,0x2D}},
	{REGFLAG_CMD, 3, {0x83,0x01,0x00}},
	{REGFLAG_CMD, 2, {0xF2,0x01}},
	{REGFLAG_CMD, 4, {0xFF,0x5A,0xA5,0x00}},
	{REGFLAG_CMD, 2, {0x60,0x00}},
	{REGFLAG_CMD, 4, {0xFF,0x5A,0xA5,0x00}},
};

struct LCM_setting_table dsi_pwm_switch_3to1pul_60hz[] = {
	{REGFLAG_CMD, 4, {0xFF,0x5A,0xA5,0x0B}},
	{REGFLAG_CMD, 2, {0xA0,0x05}},
	{REGFLAG_CMD, 4, {0xFF,0x5A,0xA5,0x23}},
	{REGFLAG_CMD, 2, {0x8D,0x48}},
	{REGFLAG_CMD, 4, {0xFF,0x5A,0xA5,0x24}},
	{REGFLAG_CMD, 9, {0xAC,0x0F,0xFE,0x0D,0xBB,0x07,0x52,0x04,0x8B}},
	{REGFLAG_CMD, 9, {0xAD,0x04,0x8A,0x02,0xCB,0x01,0xE1,0x00,0x01}},
	{REGFLAG_CMD, 9, {0xAE,0x00,0x00,0x00,0x00,0x00,0x00,0x00,0x00}},
	{REGFLAG_CMD, 26, {0xD0,0x0F,0xFE,0x0D,0xBB,0x07,0x52,0x04,0x8B,0x04,0x8A,0x02,0xCB,0x01,0xE1,0x00,0x01,0x00,0x00,0x00,0x00,0x00,0x00,0x00,0x00,0x00}},
	{REGFLAG_CMD, 26, {0xD1,0x0F,0xFE,0x0D,0xBB,0x07,0x52,0x04,0x8B,0x04,0x8A,0x02,0xCB,0x01,0xE1,0x00,0x01,0x00,0x00,0x00,0x00,0x00,0x00,0x00,0x00,0x00}},
	{REGFLAG_CMD, 4, {0xFF,0x5A,0xA5,0x53}},
	{REGFLAG_CMD, 2, {0xF0,0x01}},
	{REGFLAG_CMD, 4, {0xFF,0x5A,0xA5,0x00}},
	{REGFLAG_CMD, 2, {0x00,0x00}},
	{REGFLAG_CMD, 2, {0x00,0x00}},
	{REGFLAG_CMD, 4, {0xFF,0x5A,0xA5,0x63}},
	{REGFLAG_CMD, 17, {0xF1,0x20,0x20,0x20,0x20,0x20,0x20,0x20,0x20,0x20,0x20,0x00,0x00,0x00,0x00,0x00,0x00}},
	{REGFLAG_CMD, 17, {0xF2,0x00,0x00,0x00,0x00,0x00,0x00,0x00,0x00,0x00,0x00,0x00,0x00,0x00,0x00,0x00,0x00}},
	{REGFLAG_CMD, 17, {0xF3,0x00,0x00,0x00,0x00,0x00,0x00,0x00,0x00,0x00,0x00,0x00,0x00,0x00,0x00,0x00,0x00}},
	{REGFLAG_CMD, 17, {0xF4,0xF0,0xF0,0xF0,0xF0,0xF0,0xF0,0xF0,0xF0,0xF0,0xF0,0x00,0x00,0x00,0x00,0x00,0x00}},
	{REGFLAG_CMD, 4, {0xFF,0x5A,0xA5,0x00}},
	{REGFLAG_CMD, 2, {0x00,0x00}},
	{REGFLAG_CMD, 2, {0x00,0x00}},
	{REGFLAG_CMD, 4, {0xFF,0x5A,0xA5,0x53}},
	{REGFLAG_CMD, 2, {0xF0,0x00}},
	{REGFLAG_CMD, 4, {0xFF,0x5A,0xA5,0x2D}},
	{REGFLAG_CMD, 3, {0x84,0x01,0x00}},
	{REGFLAG_CMD, 2, {0xF2,0x01}},
	{REGFLAG_CMD, 4, {0xFF,0x5A,0xA5,0x00}},
	{REGFLAG_CMD, 2, {0x60,0x01}},
	{REGFLAG_CMD, 4, {0xFF,0x5A,0xA5,0x00}},
};

struct LCM_setting_table dsi_pwm_switch_18to1pul_60hz[] = {
	{REGFLAG_CMD, 4, {0xFF,0x5A,0xA5,0x0B}},
	{REGFLAG_CMD, 2, {0xA0,0x05}},
	{REGFLAG_CMD, 4, {0xFF,0x5A,0xA5,0x23}},
	{REGFLAG_CMD, 2, {0x8D,0x48}},
	{REGFLAG_CMD, 4, {0xFF,0x5A,0xA5,0x24}},
	{REGFLAG_CMD, 9, {0xAC,0x0F,0xFE,0x0D,0xBB,0x07,0x52,0x04,0x8B}},
	{REGFLAG_CMD, 9, {0xAD,0x04,0x8A,0x02,0xCB,0x01,0xE1,0x00,0x01}},
	{REGFLAG_CMD, 9, {0xAE,0x00,0x00,0x00,0x00,0x00,0x00,0x00,0x00}},
	{REGFLAG_CMD, 26, {0xD0,0x0F,0xFE,0x0D,0xBB,0x07,0x52,0x04,0x8B,0x04,0x8A,0x02,0xCB,0x01,0xE1,0x00,0x01,0x00,0x00,0x00,0x00,0x00,0x00,0x00,0x00,0x00}},
	{REGFLAG_CMD, 26, {0xD1,0x0F,0xFE,0x0D,0xBB,0x07,0x52,0x04,0x8B,0x04,0x8A,0x02,0xCB,0x01,0xE1,0x00,0x01,0x00,0x00,0x00,0x00,0x00,0x00,0x00,0x00,0x00}},
	{REGFLAG_CMD, 4, {0xFF,0x5A,0xA5,0x53}},
	{REGFLAG_CMD, 2, {0xF0,0x01}},
	{REGFLAG_CMD, 4, {0xFF,0x5A,0xA5,0x00}},
	{REGFLAG_CMD, 2, {0x00,0x00}},
	{REGFLAG_CMD, 2, {0x00,0x00}},
	{REGFLAG_CMD, 4, {0xFF,0x5A,0xA5,0x63}},
	{REGFLAG_CMD, 17, {0xF1,0x20,0x20,0x20,0x20,0x20,0x20,0x20,0x20,0x20,0x20,0x00,0x00,0x00,0x00,0x00,0x00}},
	{REGFLAG_CMD, 17, {0xF2,0x00,0x00,0x00,0x00,0x00,0x00,0x00,0x00,0x00,0x00,0x00,0x00,0x00,0x00,0x00,0x00}},
	{REGFLAG_CMD, 17, {0xF3,0x00,0x00,0x00,0x00,0x00,0x00,0x00,0x00,0x00,0x00,0x00,0x00,0x00,0x00,0x00,0x00}},
	{REGFLAG_CMD, 17, {0xF4,0xF0,0xF0,0xF0,0xF0,0xF0,0xF0,0xF0,0xF0,0xF0,0xF0,0x00,0x00,0x00,0x00,0x00,0x00}},
	{REGFLAG_CMD, 4, {0xFF,0x5A,0xA5,0x00}},
	{REGFLAG_CMD, 2, {0x00,0x00}},
	{REGFLAG_CMD, 2, {0x00,0x00}},
	{REGFLAG_CMD, 4, {0xFF,0x5A,0xA5,0x53}},
	{REGFLAG_CMD, 2, {0xF0,0x00}},
	{REGFLAG_CMD, 4, {0xFF,0x5A,0xA5,0x2D}},
	{REGFLAG_CMD, 3, {0x84,0x01,0x00}},
	{REGFLAG_CMD, 2, {0xF2,0x01}},
	{REGFLAG_CMD, 4, {0xFF,0x5A,0xA5,0x00}},
	{REGFLAG_CMD, 2, {0x60,0x01}},
	{REGFLAG_CMD, 4, {0xFF,0x5A,0xA5,0x00}},
};

struct LCM_setting_table dsi_pwm_switch_3to18pul_60hz[] = {
	{REGFLAG_CMD, 4, {0xFF,0x5A,0xA5,0x08}},
	{REGFLAG_CMD, 2, {0x98,0x02}},
	{REGFLAG_CMD, 4, {0xFF,0x5A,0xA5,0x4F}},
	{REGFLAG_CMD, 2, {0x81,0x06}},
	{REGFLAG_CMD, 2, {0x88,0x78}},
	{REGFLAG_CMD, 4, {0xFF,0x5A,0xA5,0x00}},
	{REGFLAG_CMD, 3, {0x51,0x04,0x8A}},
	{REGFLAG_CMD, 4, {0xFF,0x5A,0xA5,0x2D}},
	{REGFLAG_CMD, 3, {0x83,0x00,0x00}},
	{REGFLAG_CMD, 2, {0xF2,0x00}},
	{REGFLAG_CMD, 4, {0xFF,0x5A,0xA5,0x24}},
	{REGFLAG_CMD, 6, {0xC9,0x00,0x00,0x00,0x10,0x00}},
	{REGFLAG_CMD, 4, {0xFE,0x30,0x00,0x70}},
	{REGFLAG_CMD, 6, {0xCA,0x01,0x08,0x01,0x80,0x02}},
	{REGFLAG_CMD, 4, {0xFE,0x08,0x02,0x88}},
	{REGFLAG_CMD, 6, {0xCB,0x03,0x00,0x03,0x90,0x04}},
	{REGFLAG_CMD, 4, {0xFE,0x60,0x05,0x10}},
	{REGFLAG_CMD, 6, {0xCC,0x06,0x10,0x07,0x08,0x07}},
	{REGFLAG_CMD, 4, {0xFE,0xF8,0x09,0x80}},
	{REGFLAG_CMD, 6, {0xCD,0x0A,0xE8,0x0C,0x40,0x0D}},
	{REGFLAG_CMD, 4, {0xFE,0x60,0x0E,0x30}},
	{REGFLAG_CMD, 6, {0xCE,0x0E,0xF0,0x0F,0xF0,0x0F}},
	{REGFLAG_CMD, 4, {0xFE,0xF0,0x0F,0xF0}},
	{REGFLAG_CMD, 4, {0xFF,0x5A,0xA5,0x0B}},
	{REGFLAG_CMD, 2, {0xA0,0x05}},
	{REGFLAG_CMD, 4, {0xFF,0x5A,0xA5,0x4F}},
	{REGFLAG_CMD, 2, {0x8A,0x78}},
	{REGFLAG_CMD, 4, {0xFF,0x5A,0xA5,0x2D}},
	{REGFLAG_CMD, 3, {0x83,0x77,0x00}},
	{REGFLAG_CMD, 2, {0xF2,0x01}},
	{REGFLAG_CMD, 4, {0xFF,0x5A,0xA5,0x24}},
	{REGFLAG_CMD, 6, {0xC9,0x00,0x00,0x00,0x10,0x00}},
	{REGFLAG_CMD, 4, {0xFE,0x30,0x00,0x70}},
	{REGFLAG_CMD, 6, {0xCA,0x00,0xF0,0x01,0x70,0x01}},
	{REGFLAG_CMD, 4, {0xFE,0xF0,0x02,0x70}},
	{REGFLAG_CMD, 6, {0xCB,0x02,0xF0,0x03,0x70,0x04}},
	{REGFLAG_CMD, 4, {0xFE,0x50,0x04,0xF0}},
	{REGFLAG_CMD, 6, {0xCC,0x05,0xF0,0x06,0xF0,0x07}},
	{REGFLAG_CMD, 4, {0xFE,0xF0,0x09,0x70}},
	{REGFLAG_CMD, 6, {0xCD,0x0A,0xD0,0x0C,0x30,0x0D}},
	{REGFLAG_CMD, 4, {0xFE,0x50,0x0E,0x20}},
	{REGFLAG_CMD, 6, {0xCE,0x0E,0xF0,0x0F,0xF0,0x0F}},
	{REGFLAG_CMD, 4, {0xFE,0xF0,0x0F,0xF0}},
	{REGFLAG_CMD, 4, {0xFF,0x5A,0xA5,0x08}},
	{REGFLAG_CMD, 2, {0x98,0xA6}},
	{REGFLAG_CMD, 4, {0xFF,0x5A,0xA5,0x00}},
	{REGFLAG_CMD, 2, {0x00,0x00}},
	{REGFLAG_CMD, 4, {0xFF,0x5A,0xA5,0x4F}},
	{REGFLAG_CMD, 2, {0x8B,0x78}},
	{REGFLAG_CMD, 4, {0xFF,0x5A,0xA5,0x00}},
};

struct LCM_setting_table dsi_pwm_switch_18to3pul_60hz[] = {
	{REGFLAG_CMD, 4, {0xFF,0x5A,0xA5,0x08}},
	{REGFLAG_CMD, 2, {0x98,0x02}},
	{REGFLAG_CMD, 4, {0xFF,0x5A,0xA5,0x4F}},
	{REGFLAG_CMD, 2, {0x81,0x06}},
	{REGFLAG_CMD, 2, {0x88,0x78}},
	{REGFLAG_CMD, 4, {0xFF,0x5A,0xA5,0x00}},
	{REGFLAG_CMD, 3, {0x51,0x04,0x8B}},
	{REGFLAG_CMD, 4, {0xFF,0x5A,0xA5,0x2D}},
	{REGFLAG_CMD, 3, {0x83,0x00,0x00}},
	{REGFLAG_CMD, 2, {0xF2,0x00}},
	{REGFLAG_CMD, 4, {0xFF,0x5A,0xA5,0x24}},
	{REGFLAG_CMD, 6, {0xC9,0x00,0x00,0x00,0x10,0x00}},
	{REGFLAG_CMD, 4, {0xFE,0x30,0x00,0x70}},
	{REGFLAG_CMD, 6, {0xCA,0x00,0xF0,0x01,0x30,0x01}},
	{REGFLAG_CMD, 4, {0xFE,0xA0,0x02,0x50}},
	{REGFLAG_CMD, 6, {0xCB,0x02,0xB0,0x03,0x40,0x04}},
	{REGFLAG_CMD, 4, {0xFE,0x20,0x04,0xC8}},
	{REGFLAG_CMD, 6, {0xCC,0x05,0xD8,0x06,0xD0,0x07}},
	{REGFLAG_CMD, 4, {0xFE,0xE0,0x09,0x50}},
	{REGFLAG_CMD, 6, {0xCD,0x0A,0xB0,0x0C,0x30,0x0D}},
	{REGFLAG_CMD, 4, {0xFE,0x48,0x0E,0x00}},
	{REGFLAG_CMD, 6, {0xCE,0x0E,0xE0,0x0F,0xF0,0x0F}},
	{REGFLAG_CMD, 4, {0xFE,0xF0,0x0F,0xF0}},
	{REGFLAG_CMD, 4, {0xFF,0x5A,0xA5,0x0B}},
	{REGFLAG_CMD, 2, {0xA0,0x07}},
	{REGFLAG_CMD, 4, {0xFF,0x5A,0xA5,0x4F}},
	{REGFLAG_CMD, 2, {0x8A,0x78}},
	{REGFLAG_CMD, 4, {0xFF,0x5A,0xA5,0x2D}},
	{REGFLAG_CMD, 3, {0x83,0x77,0x00}},
	{REGFLAG_CMD, 2, {0xF2,0x01}},
	{REGFLAG_CMD, 4, {0xFF,0x5A,0xA5,0x24}},
	{REGFLAG_CMD, 6, {0xC9,0x00,0x00,0x00,0x10,0x00}},
	{REGFLAG_CMD, 4, {0xFE,0x30,0x00,0x70}},
	{REGFLAG_CMD, 6, {0xCA,0x00,0xF0,0x01,0x70,0x01}},
	{REGFLAG_CMD, 4, {0xFE,0xF0,0x02,0x70}},
	{REGFLAG_CMD, 6, {0xCB,0x02,0xF0,0x03,0x70,0x04}},
	{REGFLAG_CMD, 4, {0xFE,0x50,0x04,0xF0}},
	{REGFLAG_CMD, 6, {0xCC,0x05,0xF0,0x06,0xF0,0x07}},
	{REGFLAG_CMD, 4, {0xFE,0xF0,0x09,0x70}},
	{REGFLAG_CMD, 6, {0xCD,0x0A,0xD0,0x0C,0x30,0x0D}},
	{REGFLAG_CMD, 4, {0xFE,0x50,0x0E,0x20}},
	{REGFLAG_CMD, 6, {0xCE,0x0E,0xF0,0x0F,0xF0,0x0F}},
	{REGFLAG_CMD, 4, {0xFE,0xF0,0x0F,0xF0}},
	{REGFLAG_CMD, 4, {0xFF,0x5A,0xA5,0x08}},
	{REGFLAG_CMD, 2, {0x98,0xA6}},
	{REGFLAG_CMD, 4, {0xFF,0x5A,0xA5,0x00}},
	{REGFLAG_CMD, 2, {0x00,0x00}},
	{REGFLAG_CMD, 4, {0xFF,0x5A,0xA5,0x4F}},
	{REGFLAG_CMD, 2, {0x8B,0x78}},
	{REGFLAG_CMD, 4, {0xFF,0x5A,0xA5,0x00}},
};

struct LCM_setting_table dsi_pwm_switch_18to3pul_wake_60hz[] = {
	{REGFLAG_CMD, 4, {0xFF,0x5A,0xA5,0x0B}},
	{REGFLAG_CMD, 2, {0xA0,0x07}},
};
#endif
